8-Nov-16,184.05,186.48,182.70,185.95,21746782
7-Nov-16,184.10,185.45,182.40,185.20,25410942
4-Nov-16,183.20,186.46,179.74,181.35,34210532
3-Nov-16,181.75,190.10,180.15,185.30,41727996
2-Nov-16,184.70,184.90,181.50,182.05,32347207
1-Nov-16,189.30,190.05,186.30,186.70,31778725
31-Oct-16,190.20,191.70,188.90,190.30,34670241
28-Oct-16,189.75,193.00,185.31,191.30,33720084
27-Oct-16,184.80,192.00,179.25,190.50,66787976
26-Oct-16,183.00,183.80,179.80,181.80,33686219
25-Oct-16,183.45,185.70,181.65,183.70,25350514
24-Oct-16,183.10,185.45,182.95,183.50,37640813
21-Oct-16,183.10,184.70,182.07,183.20,35027164
20-Oct-16,178.10,183.80,178.00,183.10,49140504
19-Oct-16,175.00,178.65,174.40,177.40,39725824
18-Oct-16,169.75,174.35,169.75,174.00,30367432
17-Oct-16,168.85,171.35,168.45,169.55,26464831
14-Oct-16,166.65,173.15,166.65,170.15,38590781
13-Oct-16,167.05,168.45,164.40,166.50,38431914
12-Oct-16,172.25,173.15,168.25,168.45,34448091
11-Oct-16,171.75,172.95,170.30,172.40,31642104
10-Oct-16,173.25,173.80,168.40,172.30,32366953
7-Oct-16,173.65,175.30,170.45,173.60,44266097
6-Oct-16,173.00,175.35,173.00,174.25,41362124
5-Oct-16,169.00,172.70,168.45,172.45,36615220
4-Oct-16,169.20,171.55,168.50,169.25,60618288
3-Oct-16,167.75,168.40,165.45,168.20,27106125
30-Sep-16,162.90,167.80,155.95,167.80,61412944
29-Sep-16,168.25,168.70,166.65,167.30,21532006
28-Sep-16,166.00,168.50,165.60,166.10,28137772
27-Sep-16,169.25,172.40,164.45,166.01,34943111
26-Sep-16,169.10,171.00,165.80,168.10,37367106
23-Sep-16,172.45,172.45,170.54,171.40,25365716
22-Sep-16,172.85,174.42,170.35,173.20,24758945
21-Sep-16,172.60,173.90,170.50,171.60,34865900
20-Sep-16,165.40,167.45,163.97,166.45,28686903
19-Sep-16,167.00,168.30,165.20,167.00,22449376
16-Sep-16,167.80,167.85,164.03,164.70,63855933
15-Sep-16,169.25,171.10,167.97,169.50,27013295
14-Sep-16,171.60,171.90,168.80,170.30,30806192
13-Sep-16,170.50,171.70,168.25,170.60,39055580
12-Sep-16,171.30,172.45,167.50,170.05,34489196
9-Sep-16,172.95,177.30,172.05,174.75,36446656
8-Sep-16,169.75,176.11,168.40,173.20,37014825
7-Sep-16,166.95,170.20,164.75,169.75,31268376
6-Sep-16,172.80,173.65,169.20,169.70,24302535
5-Sep-16,174.40,174.85,171.65,173.25,22544705
2-Sep-16,173.10,175.50,169.02,174.30,51014251
1-Sep-16,173.25,177.40,169.75,171.55,38193981
31-Aug-16,169.45,175.00,169.20,172.25,43642388
30-Aug-16,165.00,169.70,165.00,169.15,32220857
26-Aug-16,163.60,166.55,163.15,166.00,21951704
25-Aug-16,165.75,166.80,163.75,164.35,23927793
24-Aug-16,163.10,168.05,162.30,166.55,33639745
23-Aug-16,161.35,165.60,160.95,164.60,28155153
22-Aug-16,161.05,163.24,159.20,160.05,20692951
19-Aug-16,160.65,161.25,158.48,160.35,25719153
18-Aug-16,160.65,161.90,159.35,160.65,24554179
17-Aug-16,163.00,163.75,158.90,160.15,26241105
16-Aug-16,162.25,163.85,161.25,161.75,24871090
15-Aug-16,164.60,165.65,163.06,163.55,19370762
12-Aug-16,163.00,166.10,163.00,163.40,23942045
11-Aug-16,162.05,163.25,160.02,163.25,26710029
10-Aug-16,160.05,164.30,159.80,163.70,32468152
9-Aug-16,156.95,162.90,156.00,161.20,46582238
8-Aug-16,157.00,158.20,155.07,157.32,38939986
5-Aug-16,148.90,152.65,148.35,152.00,31820732
4-Aug-16,148.80,152.00,148.20,150.15,43298412
3-Aug-16,146.35,149.65,145.25,148.30,44923796
2-Aug-16,150.65,152.10,145.80,146.00,36194731
1-Aug-16,157.00,157.25,149.70,151.40,46358697
29-Jul-16,150.45,159.85,147.14,154.55,72731142
28-Jul-16,150.00,150.96,145.85,146.50,34919598
27-Jul-16,150.00,150.95,147.72,149.75,33064962
26-Jul-16,150.50,152.00,148.17,149.00,37996127
25-Jul-16,151.35,151.80,149.10,151.00,22394837
22-Jul-16,151.25,153.25,150.15,151.80,25435807
21-Jul-16,149.15,153.50,149.15,152.26,37483754
20-Jul-16,150.00,152.00,148.50,150.95,34075615
19-Jul-16,150.30,152.25,147.40,150.40,27373421
18-Jul-16,150.65,152.20,148.95,150.95,31575279
15-Jul-16,146.65,152.60,146.50,149.80,65920323
14-Jul-16,146.85,150.80,144.95,148.00,57724783
13-Jul-16,147.90,151.25,144.13,145.10,60225142
12-Jul-16,146.00,152.35,144.70,148.55,59105635
11-Jul-16,142.00,146.40,139.70,145.40,50347803
8-Jul-16,134.55,141.90,131.71,139.25,39578493
7-Jul-16,132.90,137.60,132.70,134.75,40108349
6-Jul-16,134.05,136.75,130.15,131.65,78613139
5-Jul-16,136.25,139.35,134.40,135.85,60854630
4-Jul-16,140.75,141.55,135.75,136.55,32714578
1-Jul-16,140.65,143.30,135.45,143.00,74670429
30-Jun-16,138.00,139.35,134.35,138.60,90039249
29-Jun-16,138.00,138.35,132.90,137.95,82678614
28-Jun-16,134.95,137.60,125.03,131.50,130099743
27-Jun-16,148.00,155.65,121.10,127.20,264125098
24-Jun-16,131.00,166.95,131.00,153.90,269916598
23-Jun-16,182.95,187.45,181.05,186.95,49837196
22-Jun-16,180.05,184.80,178.25,182.00,50385246
21-Jun-16,176.75,181.18,175.40,180.35,42098907
20-Jun-16,172.90,177.64,171.90,176.85,51975914
17-Jun-16,161.20,166.75,160.15,165.75,77812824
16-Jun-16,157.75,160.34,155.78,158.50,34226179
15-Jun-16,161.95,164.29,160.30,160.95,37303913
14-Jun-16,161.15,162.55,159.30,160.05,55951590
13-Jun-16,167.00,167.55,163.55,165.15,35045238
10-Jun-16,175.70,175.70,168.45,169.34,39316372
9-Jun-16,177.85,178.40,175.40,176.05,27512080
6-Jun-16,179.50,182.55,178.75,180.10,36179251
3-Jun-16,181.95,183.40,177.25,179.65,27485923
2-Jun-16,180.45,185.05,180.10,180.40,36998991
1-Jun-16,182.00,182.05,177.15,179.95,32141535
31-May-16,186.55,188.15,181.53,182.40,42324438
27-May-16,185.25,187.30,184.75,186.20,21481318
26-May-16,186.90,186.90,182.80,184.80,33723379
25-May-16,180.70,186.70,180.45,185.75,39863505
24-May-16,173.55,182.05,172.10,181.40,35689995
23-May-16,175.60,178.55,174.18,175.70,25801548
20-May-16,173.15,175.95,172.90,175.85,39343589
19-May-16,170.25,175.25,169.65,170.65,39671555
18-May-16,162.95,170.75,162.36,170.40,41419514
17-May-16,163.70,166.80,162.00,164.25,30711228
16-May-16,164.00,164.30,162.45,163.50,21787261
13-May-16,161.85,165.65,160.60,165.35,28136303
12-May-16,162.75,165.55,161.80,162.85,40851319
11-May-16,163.25,164.55,160.00,163.60,26618420
10-May-16,159.20,164.08,159.20,163.30,31824301
9-May-16,163.45,163.90,158.00,158.45,30588795
6-May-16,159.95,163.25,157.85,162.00,28082538
5-May-16,162.65,164.25,160.40,160.95,24504735
4-May-16,164.45,165.55,160.25,162.45,38535545
3-May-16,171.75,172.45,164.55,164.75,50162710
29-Apr-16,171.80,174.85,171.25,171.50,58351503
28-Apr-16,172.20,175.00,171.10,174.40,42478612
27-Apr-16,180.25,182.00,172.55,174.80,49204732
26-Apr-16,171.40,174.32,169.50,173.95,42949592
25-Apr-16,171.10,173.60,169.95,170.35,58313120
22-Apr-16,170.50,172.81,169.71,171.50,26094144
21-Apr-16,172.00,173.90,170.35,171.95,35246847
20-Apr-16,167.00,171.81,165.98,171.15,30742571
19-Apr-16,168.15,172.31,167.20,167.80,30285644
18-Apr-16,164.50,169.15,162.60,167.70,25278544
15-Apr-16,168.35,170.10,166.70,166.90,45063334
14-Apr-16,166.90,169.05,162.58,169.00,45267553
13-Apr-16,157.70,166.80,157.41,166.80,50235205
12-Apr-16,154.05,156.75,152.55,155.65,35410685
11-Apr-16,150.35,155.20,149.40,153.50,31534141
8-Apr-16,147.30,151.75,147.25,150.70,33310613
7-Apr-16,149.60,150.35,146.55,147.10,31882695
6-Apr-16,147.65,150.52,146.90,149.20,47493103
5-Apr-16,148.25,148.70,143.91,146.70,55752669
4-Apr-16,149.40,151.10,148.35,150.25,25341632
1-Apr-16,148.80,151.64,146.55,150.00,34921320
31-Mar-16,151.35,152.35,148.30,150.00,41377082
30-Mar-16,152.60,152.93,151.05,151.65,31212398
29-Mar-16,154.05,156.51,149.85,151.00,36234507
24-Mar-16,155.10,156.55,152.60,152.60,38257909
23-Mar-16,157.45,159.20,155.65,156.45,39605318
22-Mar-16,159.45,159.65,154.80,157.20,44411651
21-Mar-16,161.95,163.35,160.15,160.50,28956822
18-Mar-16,160.00,163.65,160.00,162.20,52590976
17-Mar-16,165.25,165.80,159.35,160.60,65558921
16-Mar-16,163.00,165.40,162.90,164.00,44465771
15-Mar-16,162.20,164.85,161.35,163.55,31843287
14-Mar-16,166.60,167.85,162.62,163.25,32355484
11-Mar-16,162.85,170.50,162.40,166.00,40277278
10-Mar-16,164.70,171.89,159.90,159.90,54654737
9-Mar-16,170.95,173.07,167.40,168.20,33541260
8-Mar-16,172.65,175.40,170.10,172.00,30153023
7-Mar-16,173.10,173.92,165.00,173.70,32554165
4-Mar-16,166.05,174.82,165.49,174.30,58111155
3-Mar-16,164.10,167.12,162.90,166.30,46386969
2-Mar-16,159.75,162.60,155.92,162.40,53189903
1-Mar-16,166.05,169.15,152.80,158.10,103154751
29-Feb-16,167.85,172.91,166.12,172.05,45168373
26-Feb-16,166.35,169.99,162.90,169.10,36145670
25-Feb-16,159.20,165.35,158.79,164.85,37542678
24-Feb-16,161.15,162.00,155.25,156.75,34241498
23-Feb-16,163.30,167.70,160.90,161.55,31763963
22-Feb-16,162.80,165.75,160.44,165.10,15837013
19-Feb-16,160.50,164.75,160.35,161.70,42531047
18-Feb-16,169.35,169.50,160.74,161.75,40046228
17-Feb-16,161.70,168.76,161.00,168.15,36890307
16-Feb-16,161.75,162.65,155.60,161.45,30086186
15-Feb-16,162.00,163.30,159.40,160.75,32524787
12-Feb-16,150.75,157.20,150.30,157.20,56090836
11-Feb-16,157.30,157.70,147.75,147.85,71533962
10-Feb-16,156.80,161.95,156.50,159.00,64384195
9-Feb-16,163.15,165.70,154.30,156.25,57201676
8-Feb-16,177.85,177.85,163.60,163.90,47454111
5-Feb-16,174.45,175.05,169.65,173.15,44735410
4-Feb-16,167.70,175.80,167.05,173.65,60820819
3-Feb-16,172.30,172.90,163.50,165.60,59324427
2-Feb-16,182.35,183.04,172.70,173.75,33718983
1-Feb-16,188.90,188.90,180.90,182.80,33451501
29-Jan-16,181.35,186.00,180.55,186.00,51738388
28-Jan-16,181.00,183.75,176.50,178.40,31436910
27-Jan-16,182.50,182.50,178.25,181.80,37661266
26-Jan-16,178.50,183.80,175.15,183.00,52801288
25-Jan-16,191.95,192.25,181.35,181.85,40461218
22-Jan-16,190.95,192.95,188.20,190.75,40134368
21-Jan-16,182.00,186.60,179.99,186.15,56039983
20-Jan-16,185.90,186.00,179.90,182.05,45316824
19-Jan-16,190.00,193.60,187.92,189.90,30277229
18-Jan-16,191.30,198.00,185.85,187.65,31541705
15-Jan-16,196.45,198.85,190.97,191.80,46007735
14-Jan-16,198.25,200.15,192.52,194.90,47583441
13-Jan-16,204.35,205.80,200.34,201.70,27455450
12-Jan-16,201.00,204.95,199.77,200.90,26888291
11-Jan-16,200.00,203.35,199.40,199.70,32206351
8-Jan-16,206.00,208.65,200.15,200.15,37336970
7-Jan-16,206.60,208.85,201.60,205.55,35374547
6-Jan-16,214.90,214.90,209.85,211.75,21488432
5-Jan-16,214.85,217.60,212.05,215.25,17632075
4-Jan-16,216.35,217.00,212.65,214.25,23617417
31-Dec-15,220.00,220.00,217.55,218.90,4488359
30-Dec-15,222.80,223.00,219.10,220.70,13348452
29-Dec-15,221.70,224.85,221.35,222.60,15236375
24-Dec-15,222.90,223.80,220.55,221.70,4454137
23-Dec-15,220.70,223.05,219.40,222.30,18555879
22-Dec-15,218.55,221.28,217.71,219.00,16230716
21-Dec-15,216.30,220.70,215.75,216.40,18647534
18-Dec-15,216.05,221.90,216.05,217.60,49702165
16-Dec-15,216.30,217.45,213.75,215.75,21295032
15-Dec-15,211.15,216.40,210.96,214.80,28710733
14-Dec-15,213.85,214.75,209.05,209.10,36695420
11-Dec-15,217.95,218.30,209.38,211.20,42332284
10-Dec-15,220.65,223.40,216.65,218.00,30836678
9-Dec-15,222.00,225.25,219.60,221.95,22963590
8-Dec-15,227.35,228.05,221.60,222.10,23801883
7-Dec-15,231.85,232.25,227.00,228.00,16213673
4-Dec-15,230.05,234.41,227.30,229.60,23534103
3-Dec-15,235.10,238.10,230.30,230.30,37387262
2-Dec-15,234.50,236.22,233.70,234.75,27684755
1-Dec-15,228.50,234.55,227.00,233.50,56094243
30-Nov-15,223.50,224.50,221.50,223.20,22938017
27-Nov-15,223.90,226.03,223.10,224.30,14117034
26-Nov-15,222.05,225.70,221.25,225.20,19182089
25-Nov-15,220.95,222.90,218.70,221.50,27431907
24-Nov-15,219.50,220.55,215.40,220.05,34242446
23-Nov-15,220.50,222.95,218.14,220.55,24811633
20-Nov-15,229.50,230.25,221.30,221.90,50623646
19-Nov-15,229.50,231.55,227.45,229.95,25722870
18-Nov-15,226.00,227.90,225.70,227.90,19023042
17-Nov-15,226.55,229.00,225.60,227.45,22309632
16-Nov-15,223.00,225.45,222.38,224.40,21738911
13-Nov-15,225.00,226.55,223.15,225.10,36402682
12-Nov-15,231.70,232.15,225.25,225.70,35520520
11-Nov-15,231.85,234.90,229.40,232.10,19725862
10-Nov-15,235.55,235.57,229.40,230.60,28462143
9-Nov-15,235.00,238.45,233.95,234.05,34984909
6-Nov-15,228.75,233.60,226.70,232.40,45367692
5-Nov-15,231.50,232.10,227.78,228.15,33163488
4-Nov-15,233.70,234.25,232.10,232.35,28686219
3-Nov-15,235.95,236.31,231.75,233.50,37048351
2-Nov-15,230.40,237.81,229.75,236.05,39904026
30-Oct-15,234.00,236.34,230.70,232.00,49188748
29-Oct-15,246.00,249.00,235.85,237.25,60883766
28-Oct-15,250.85,253.85,247.15,253.15,20131064
27-Oct-15,250.20,252.48,249.48,250.85,19434230
26-Oct-15,252.00,253.10,250.35,250.95,17681922
23-Oct-15,252.95,254.26,250.87,251.25,29812084
22-Oct-15,247.50,251.68,246.25,250.65,21669328
21-Oct-15,253.30,253.35,246.10,248.05,32827883
20-Oct-15,255.00,255.75,251.95,252.60,22477027
19-Oct-15,251.50,254.65,251.30,254.65,29363782
16-Oct-15,250.30,252.40,249.10,250.80,21280254
15-Oct-15,245.00,249.30,241.79,248.00,40944531
14-Oct-15,248.25,251.45,245.80,246.05,26504993
13-Oct-15,257.20,257.39,247.58,251.40,34413136
12-Oct-15,256.85,257.75,255.30,256.55,12853716
9-Oct-15,256.75,259.50,254.50,257.00,21201861
8-Oct-15,253.00,256.24,252.40,254.75,22278260
7-Oct-15,256.10,259.40,254.30,255.75,27525087
6-Oct-15,257.35,257.90,254.35,255.35,20768257
5-Oct-15,253.70,256.65,251.55,256.20,25835587
2-Oct-15,248.55,253.46,244.75,248.55,29073663
1-Oct-15,247.55,249.80,245.75,247.15,32123786
30-Sep-15,243.50,247.21,243.00,244.15,35674347
29-Sep-15,241.00,243.35,236.65,239.00,37812869
28-Sep-15,254.15,255.20,245.20,245.20,30793751
25-Sep-15,250.80,256.25,248.22,254.95,28663498
24-Sep-15,248.80,250.90,245.90,246.45,21673520
23-Sep-15,247.55,251.60,246.10,248.20,22820862
22-Sep-15,255.40,255.55,246.65,246.65,34631888
21-Sep-15,251.80,257.20,250.40,254.90,21009627
18-Sep-15,258.45,258.60,250.20,253.25,62265180
17-Sep-15,263.00,263.55,259.05,260.45,26271261
16-Sep-15,263.50,263.75,260.25,262.50,27425528
15-Sep-15,255.00,261.00,253.85,259.65,23970628
14-Sep-15,258.45,260.25,252.90,254.50,23535560
11-Sep-15,259.05,259.55,256.60,258.45,17167457
10-Sep-15,258.80,261.30,257.40,258.60,28686350
9-Sep-15,265.00,266.41,262.00,262.50,29910630
8-Sep-15,254.55,260.00,253.82,258.50,25985758
7-Sep-15,252.25,254.70,251.65,253.00,15385159
4-Sep-15,254.60,255.00,250.00,250.90,26228547
3-Sep-15,256.35,258.80,255.50,257.30,26005321
2-Sep-15,254.00,258.90,250.30,253.80,22806618
1-Sep-15,265.90,265.95,250.75,253.15,38455899
28-Aug-15,260.50,263.45,257.75,261.45,40294180
27-Aug-15,258.80,264.35,258.10,262.60,41098648
26-Aug-15,254.60,258.80,250.80,252.00,45210347
25-Aug-15,249.95,260.80,249.10,256.35,57101950
24-Aug-15,247.60,251.85,237.30,244.70,81322261
21-Aug-15,261.95,264.70,256.80,256.80,33665160
20-Aug-15,265.50,270.05,264.25,265.15,28184243
19-Aug-15,272.65,273.00,267.55,267.90,23074926
18-Aug-15,273.50,275.15,272.25,274.05,19306391
17-Aug-15,276.90,277.20,272.37,273.95,20626100
14-Aug-15,276.50,277.10,272.75,274.35,20254454
13-Aug-15,274.90,277.55,274.25,275.55,23040450
12-Aug-15,276.15,276.30,269.40,271.15,31849030
11-Aug-15,281.80,282.00,278.30,278.35,24067660
10-Aug-15,282.20,282.85,278.00,282.60,24320490
7-Aug-15,282.75,283.20,280.90,281.25,18807966
6-Aug-15,280.00,282.65,279.35,282.00,29425144
5-Aug-15,282.25,284.75,281.10,282.00,35169378
4-Aug-15,286.55,287.60,279.85,282.15,42951893
3-Aug-15,287.55,289.90,286.40,288.20,26396919
31-Jul-15,287.50,289.45,286.35,288.95,35337780
30-Jul-15,286.00,288.85,285.85,287.05,35895672
29-Jul-15,283.50,288.70,283.35,284.60,46508901
28-Jul-15,277.30,280.85,277.30,279.60,28881392
27-Jul-15,280.10,281.45,275.70,276.80,34210122
24-Jul-15,280.80,282.90,280.00,282.15,32418182
23-Jul-15,283.10,284.75,280.40,281.75,25742011
22-Jul-15,281.00,282.85,279.60,281.40,25931988
21-Jul-15,280.85,283.75,280.25,283.15,26766751
20-Jul-15,280.10,281.95,279.40,280.85,18410222
17-Jul-15,279.95,280.60,278.35,280.10,29141827
16-Jul-15,278.95,281.25,278.75,280.00,31190503
15-Jul-15,275.00,278.05,273.42,278.05,28642855
14-Jul-15,274.25,276.03,272.45,276.00,28611858
13-Jul-15,272.05,275.31,270.85,273.70,42944039
10-Jul-15,263.00,270.45,262.25,268.05,37064802
9-Jul-15,258.00,262.45,256.50,261.15,32050358
8-Jul-15,259.00,262.28,257.27,257.30,77364659
7-Jul-15,259.65,259.65,251.80,252.15,33555494
6-Jul-15,259.20,261.20,256.90,258.80,27722672
3-Jul-15,265.50,266.12,261.35,262.95,16946960
2-Jul-15,266.70,267.60,265.25,266.40,13900835
1-Jul-15,262.80,267.45,261.65,266.55,33065949
30-Jun-15,262.50,265.30,260.50,260.50,42584261
29-Jun-15,263.50,269.10,261.88,264.25,43583007
26-Jun-15,271.45,276.16,269.70,272.35,25215062
25-Jun-15,273.85,276.60,272.00,272.90,33426604
24-Jun-15,271.75,276.62,271.45,274.45,43314996
23-Jun-15,273.00,274.06,272.00,272.45,24778805
22-Jun-15,269.00,272.95,267.05,272.45,32870295
19-Jun-15,260.95,266.50,259.93,265.75,62389244
18-Jun-15,260.85,267.50,258.20,261.55,24988043
17-Jun-15,263.50,264.50,260.65,261.90,31781808
16-Jun-15,263.25,264.60,261.45,263.65,24232608
15-Jun-15,267.35,268.60,264.20,264.95,36593502
12-Jun-15,268.15,270.60,266.50,269.70,28880776
11-Jun-15,267.05,271.35,266.00,268.75,28950046
10-Jun-15,261.70,268.00,258.85,267.15,38721301
9-Jun-15,263.35,265.40,260.45,261.55,28722028
8-Jun-15,265.50,266.17,261.95,262.00,28358539
5-Jun-15,265.80,267.50,263.20,265.45,32287710
4-Jun-15,270.65,270.95,265.59,266.40,33389784
3-Jun-15,267.25,273.35,267.05,271.20,25943039
2-Jun-15,267.25,269.05,262.75,267.65,29281200
1-Jun-15,270.00,271.65,265.80,266.40,23235279
29-May-15,270.15,272.00,267.95,270.00,35286646
28-May-15,268.65,271.95,267.20,271.10,26075282
27-May-15,265.65,270.55,264.00,269.25,33141797
26-May-15,269.25,270.40,263.45,264.90,27013130
22-May-15,271.70,272.30,269.95,270.15,26202678
21-May-15,270.95,273.40,270.15,271.05,31488893
20-May-15,262.00,272.15,262.00,271.55,64694342
19-May-15,261.55,264.55,261.54,262.70,30260612
18-May-15,261.00,263.80,258.80,261.15,19944642
15-May-15,263.00,264.95,261.30,261.65,31746212
14-May-15,260.30,263.05,258.65,262.10,20963504
13-May-15,259.25,262.00,257.81,260.25,34433116
12-May-15,259.05,259.22,256.40,257.45,34523460
11-May-15,258.00,263.05,256.82,260.80,37491953
8-May-15,262.50,265.25,257.30,258.05,76220565
7-May-15,246.85,250.10,243.05,248.90,37188809
6-May-15,250.10,253.05,247.65,249.45,33836044
5-May-15,255.65,257.95,250.20,250.20,37194932
1-May-15,254.50,257.88,252.00,254.35,23286620
30-Apr-15,258.10,258.20,252.80,255.30,34061544
29-Apr-15,260.00,264.15,253.95,256.95,43441415
28-Apr-15,264.50,265.00,258.97,261.40,27325489
27-Apr-15,263.25,264.20,258.65,263.75,30615759
24-Apr-15,259.00,265.25,258.60,261.75,41439924
23-Apr-15,254.60,261.54,253.18,258.45,33640648
22-Apr-15,255.25,256.75,252.35,253.30,29339370
21-Apr-15,258.65,259.65,253.65,255.00,24741282
20-Apr-15,255.55,258.73,255.55,257.25,24009861
17-Apr-15,260.70,261.35,254.08,255.30,38034728
16-Apr-15,261.45,262.10,257.50,260.35,30777074
15-Apr-15,263.30,263.30,259.34,259.65,29455114
14-Apr-15,259.95,264.15,259.90,262.15,40711784
13-Apr-15,255.90,260.05,255.90,259.45,22771565
10-Apr-15,259.50,259.90,255.75,257.05,19044850
9-Apr-15,257.90,258.87,256.30,257.95,24803617
8-Apr-15,258.00,258.10,255.70,255.95,24972069
7-Apr-15,257.20,259.00,256.00,258.00,29768218
2-Apr-15,250.65,255.51,249.95,254.75,32098302
1-Apr-15,243.40,252.15,243.40,249.30,43707167
31-Mar-15,248.50,248.50,242.00,242.60,40389652
30-Mar-15,247.40,248.95,245.00,247.80,31847138
27-Mar-15,250.95,253.26,243.15,244.25,40200667
26-Mar-15,250.15,251.78,246.45,250.00,35218621
25-Mar-15,258.45,260.00,250.64,251.90,34407719
24-Mar-15,257.20,259.90,256.85,258.45,27547167
23-Mar-15,255.85,257.95,246.54,257.15,22057214
20-Mar-15,253.05,255.30,251.10,255.30,57233185
19-Mar-15,253.20,254.72,252.10,252.80,38500174
18-Mar-15,251.30,253.30,250.20,252.35,32779941
17-Mar-15,252.75,254.70,238.78,250.00,28920511
16-Mar-15,251.60,256.72,251.40,251.85,25581961
13-Mar-15,256.00,256.40,248.15,250.00,31045676
12-Mar-15,255.00,257.85,254.20,254.50,28624136
11-Mar-15,252.15,263.98,250.50,255.00,32021910
10-Mar-15,259.40,260.95,254.30,254.30,36643663
9-Mar-15,263.75,264.85,260.05,262.63,34462088
6-Mar-15,266.00,268.17,264.45,265.00,28654589
5-Mar-15,262.20,266.00,262.01,266.00,48040330
4-Mar-15,255.05,262.40,252.90,262.40,40709832
3-Mar-15,257.50,261.65,253.40,254.30,49519849
2-Mar-15,255.00,264.00,254.21,262.75,31938728
27-Feb-15,261.00,263.70,256.00,256.90,33409206
26-Feb-15,263.20,264.95,260.50,262.10,19165204
25-Feb-15,262.95,269.94,262.50,262.90,20327834
24-Feb-15,262.80,264.70,261.10,264.00,23230876
23-Feb-15,264.00,264.25,260.35,262.85,23295481
20-Feb-15,259.10,264.22,257.95,261.50,31815442
19-Feb-15,259.10,262.31,257.45,260.40,29669822
18-Feb-15,260.30,263.71,258.20,260.35,38145127
17-Feb-15,256.60,258.10,254.65,257.55,21595335
16-Feb-15,254.30,259.16,254.30,258.80,15673698
13-Feb-15,255.70,260.25,254.60,256.45,34683755
12-Feb-15,251.60,256.70,251.05,253.35,36871619
11-Feb-15,253.00,254.45,249.10,251.00,21989421
10-Feb-15,253.30,254.44,248.40,253.20,43542333
9-Feb-15,253.40,255.12,249.40,253.65,26455232
6-Feb-15,248.05,257.60,246.95,255.45,39101579
5-Feb-15,246.05,248.85,244.10,248.80,22810363
4-Feb-15,248.75,250.00,245.05,248.75,36944233
3-Feb-15,239.95,248.85,238.80,248.45,50587173
2-Feb-15,236.55,237.95,233.25,235.85,32874210
30-Jan-15,237.75,239.35,234.15,234.15,26012987
29-Jan-15,234.90,237.60,233.70,236.55,24178340
28-Jan-15,241.75,243.00,235.20,236.85,23653051
27-Jan-15,240.90,241.50,237.70,239.45,20951001
26-Jan-15,240.35,241.75,239.20,240.75,23664201
23-Jan-15,244.20,246.17,241.07,243.15,30222764
22-Jan-15,238.50,243.43,236.70,243.40,54099797
21-Jan-15,235.25,238.00,234.25,237.90,23091565
20-Jan-15,231.40,237.78,230.65,235.25,42791109
19-Jan-15,224.15,230.30,223.05,230.00,29922041
16-Jan-15,226.80,227.14,223.35,224.35,37246327
15-Jan-15,227.50,229.25,219.54,227.95,48237776
14-Jan-15,231.00,232.82,222.90,223.55,43195330
13-Jan-15,230.25,234.90,229.65,233.00,21127754
12-Jan-15,231.35,233.77,228.20,231.40,30057869
9-Jan-15,235.40,235.40,228.30,231.00,37840853
8-Jan-15,234.30,238.35,231.55,237.05,31231931
7-Jan-15,232.10,233.46,230.15,230.60,29785098
6-Jan-15,234.05,235.85,230.25,230.35,30792621
5-Jan-15,242.30,243.15,234.20,234.70,29778395
31-Dec-14,242.50,244.65,241.62,243.50,6018856
30-Dec-14,240.70,244.50,240.45,241.40,13712530
29-Dec-14,244.50,246.51,237.87,242.45,22587613
24-Dec-14,241.50,244.10,240.70,243.15,4049493
23-Dec-14,240.90,243.60,238.92,243.05,16285308
22-Dec-14,239.30,241.61,238.00,240.35,15142243
19-Dec-14,237.60,239.84,235.25,237.70,46703590
18-Dec-14,230.55,235.25,227.80,234.98,38884761
17-Dec-14,227.50,229.45,223.02,228.10,30893710
16-Dec-14,227.00,230.55,220.95,230.15,58038039
15-Dec-14,231.05,233.15,224.82,225.20,40214207
12-Dec-14,235.40,237.80,231.80,232.30,31807424
11-Dec-14,236.55,240.10,235.85,237.25,26920280
10-Dec-14,237.30,241.35,236.20,237.70,27615989
9-Dec-14,245.35,245.74,236.75,238.50,36747047
8-Dec-14,248.20,249.87,246.72,247.15,17376553
5-Dec-14,244.75,249.95,243.70,249.45,32194094
4-Dec-14,244.45,246.90,241.41,242.65,21251278
3-Dec-14,246.55,247.70,240.90,243.80,25908356
2-Dec-14,242.25,246.45,242.11,245.35,25763344
1-Dec-14,243.50,245.60,239.18,241.20,29091164
28-Nov-14,243.00,246.50,242.80,245.15,27227015
27-Nov-14,239.55,244.40,239.32,243.80,28370212
26-Nov-14,238.85,240.42,237.73,238.00,19709573
25-Nov-14,237.90,239.90,237.76,238.35,25831562
24-Nov-14,236.20,239.50,235.65,237.15,21238941
21-Nov-14,234.15,236.73,233.50,236.25,45600895
20-Nov-14,236.35,237.10,231.80,234.00,26497521
19-Nov-14,238.25,238.50,235.30,235.90,27127066
18-Nov-14,236.00,238.26,233.55,237.50,28688002
17-Nov-14,230.45,235.20,229.85,234.20,21459082
14-Nov-14,229.75,232.39,228.49,232.00,23987628
13-Nov-14,229.00,230.17,225.15,228.85,38121270
12-Nov-14,233.40,233.55,228.50,229.50,30351045
11-Nov-14,234.25,236.65,233.47,234.60,20784486
10-Nov-14,234.65,235.60,232.95,234.75,20615757
7-Nov-14,237.25,237.70,233.50,234.15,26029267
6-Nov-14,235.55,240.65,233.75,236.35,33149399
5-Nov-14,238.60,239.65,236.40,238.05,32148790
4-Nov-14,236.05,239.00,235.45,236.70,40560795
3-Nov-14,240.00,244.65,227.10,237.00,59547732
31-Oct-14,224.80,245.15,223.35,240.80,147529005
30-Oct-14,223.85,225.49,217.35,222.55,81877153
29-Oct-14,224.00,225.26,217.00,220.50,56292338
28-Oct-14,223.45,225.32,220.10,225.32,37789773
27-Oct-14,229.55,230.86,221.35,221.85,42505218
24-Oct-14,225.15,226.66,224.35,226.35,30801129
23-Oct-14,222.70,227.02,221.44,225.90,36045661
22-Oct-14,224.30,224.65,221.70,223.40,25903313
21-Oct-14,217.90,224.45,216.05,223.40,50049308
20-Oct-14,212.70,219.39,211.55,218.35,60212687
17-Oct-14,208.40,215.36,207.70,213.10,71355498
16-Oct-14,214.70,228.90,204.05,207.90,81829705
15-Oct-14,222.95,223.05,211.35,212.20,73711480
14-Oct-14,222.00,226.25,219.74,222.00,46874471
13-Oct-14,221.25,226.13,221.10,223.40,33591137
10-Oct-14,224.45,226.45,222.60,223.90,35097263
9-Oct-14,232.40,232.71,225.00,225.95,40891481
8-Oct-14,229.00,231.87,228.05,229.40,31371177
7-Oct-14,233.25,233.25,228.70,230.65,38353177
6-Oct-14,225.65,234.37,225.10,232.30,55069888
3-Oct-14,222.95,225.85,221.82,224.60,35620854
2-Oct-14,227.45,228.44,220.80,220.80,38235657
1-Oct-14,226.90,230.25,226.60,227.30,23763619
30-Sep-14,226.75,229.95,226.45,228.03,37013702
29-Sep-14,229.55,229.60,223.85,225.90,26701477
26-Sep-14,227.80,228.60,226.43,227.75,26353179
25-Sep-14,229.65,230.69,225.65,227.88,29506648
24-Sep-14,228.85,229.60,226.15,228.80,29752261
23-Sep-14,232.05,232.05,225.80,229.25,39285650
22-Sep-14,233.00,235.63,231.30,231.65,25757488
19-Sep-14,238.40,238.95,230.22,234.15,59484415
18-Sep-14,233.00,236.48,231.73,234.55,37603586
17-Sep-14,230.80,232.42,229.80,231.75,26811018
16-Sep-14,229.95,230.00,226.50,229.65,28942412
15-Sep-14,230.00,231.35,228.79,229.70,28642323
12-Sep-14,226.70,231.95,225.10,230.00,44128499
11-Sep-14,229.25,231.75,223.55,225.50,30192428
10-Sep-14,226.15,228.60,225.25,228.25,23546636
9-Sep-14,224.95,227.75,224.20,225.90,28179596
8-Sep-14,225.00,225.75,220.65,224.90,32244744
5-Sep-14,231.50,232.50,225.70,226.25,32309072
4-Sep-14,228.60,232.20,226.40,230.75,38261098
3-Sep-14,225.10,229.75,223.80,228.10,38276245
2-Sep-14,223.85,225.75,218.35,222.35,23910968
1-Sep-14,224.90,227.75,222.90,224.10,15705694
29-Aug-14,224.15,226.20,222.95,224.45,26417033
28-Aug-14,225.65,226.49,223.54,224.05,23257567
27-Aug-14,225.25,227.00,224.70,225.90,18964910
26-Aug-14,225.60,227.45,224.30,225.25,25157202
22-Aug-14,221.80,223.60,219.75,222.80,24441167
21-Aug-14,221.00,221.45,218.75,220.80,23451095
20-Aug-14,220.85,221.95,219.10,220.70,21961583
19-Aug-14,221.45,222.05,219.50,221.20,21289327
18-Aug-14,218.85,220.40,217.80,219.60,19574604
15-Aug-14,219.05,220.90,217.45,217.60,29670097
14-Aug-14,219.40,221.00,217.40,218.00,19592156
13-Aug-14,218.25,221.30,218.00,219.35,21603880
12-Aug-14,216.95,219.90,215.44,217.00,30263301
11-Aug-14,215.90,218.00,214.40,216.25,27798441
8-Aug-14,211.75,216.20,210.35,214.20,28094828
7-Aug-14,217.85,218.10,212.85,213.40,35403531
6-Aug-14,218.60,221.35,214.75,217.55,36122858
5-Aug-14,224.40,224.98,220.38,221.90,25167866
4-Aug-14,225.10,227.41,222.40,223.95,23840677
1-Aug-14,226.05,227.30,221.75,224.25,37255717
31-Jul-14,227.40,229.21,225.20,225.70,44595169
30-Jul-14,225.85,230.86,224.15,228.40,87654977
29-Jul-14,218.55,221.95,217.88,219.10,33456462
28-Jul-14,218.50,220.36,216.05,218.15,33764150
25-Jul-14,214.95,220.07,214.65,218.05,42244191
24-Jul-14,211.65,214.75,209.60,214.50,31977643
23-Jul-14,209.70,212.85,208.35,210.95,24416323
22-Jul-14,211.00,212.58,209.70,210.60,22330032
21-Jul-14,210.80,212.25,208.65,210.20,19327210
18-Jul-14,209.95,211.80,207.50,211.80,25876079
17-Jul-14,213.90,215.00,209.85,210.22,38227821
16-Jul-14,212.00,217.61,211.20,216.00,41082572
15-Jul-14,209.50,213.25,207.35,210.65,48944418
14-Jul-14,206.85,211.57,205.35,209.60,32508791
11-Jul-14,208.30,209.98,206.50,207.90,30533317
10-Jul-14,211.60,211.85,201.75,208.00,67055718
9-Jul-14,213.55,214.60,209.51,211.50,44194736
8-Jul-14,217.35,218.84,213.40,213.70,34529873
7-Jul-14,218.90,220.75,215.60,216.05,21142560
4-Jul-14,219.50,221.34,217.80,218.55,14553556
3-Jul-14,217.75,220.59,217.19,219.35,23737105
2-Jul-14,216.35,218.80,216.35,217.10,26764157
1-Jul-14,213.90,216.53,213.75,216.00,36011551
30-Jun-14,217.10,220.27,211.80,212.78,46086141
27-Jun-14,214.15,220.69,212.88,216.23,44274413
26-Jun-14,224.50,226.04,209.40,215.00,168819915
25-Jun-14,232.90,233.70,229.65,230.00,36925680
24-Jun-14,236.00,236.83,232.25,233.70,19288375
23-Jun-14,235.25,235.25,233.10,234.30,21580517
20-Jun-14,235.70,237.13,234.00,234.60,69052449
19-Jun-14,237.00,238.89,235.95,236.20,20684381
18-Jun-14,237.40,238.35,235.50,235.50,18304310
17-Jun-14,238.00,238.00,235.60,236.50,25385987
16-Jun-14,238.15,240.40,234.00,236.50,23529044
13-Jun-14,240.35,240.75,236.60,238.70,22454751
12-Jun-14,240.95,241.45,239.05,239.85,19937462
11-Jun-14,242.00,243.36,239.86,240.60,25962418
10-Jun-14,243.80,245.37,242.30,243.20,17060660
9-Jun-14,243.05,245.93,241.82,244.75,18407943
6-Jun-14,241.00,243.81,240.40,242.70,31365104
5-Jun-14,242.40,245.52,237.80,240.25,40927254
4-Jun-14,242.60,242.97,238.82,242.85,29571063
3-Jun-14,245.45,246.40,242.05,244.10,22392894
2-Jun-14,248.40,249.45,245.55,246.09,18860404
30-May-14,246.50,247.09,243.97,246.99,81143957
29-May-14,245.95,246.28,244.50,246.05,17184321
28-May-14,246.00,246.95,242.30,245.34,34825788
27-May-14,247.75,249.43,245.25,245.49,34915174
23-May-14,243.60,247.54,242.44,246.61,28757615
22-May-14,243.50,244.67,241.65,243.50,23418425
21-May-14,239.75,243.87,236.90,241.70,35631456
20-May-14,239.60,239.96,236.70,238.55,26431436
19-May-14,240.00,241.47,235.75,238.95,49538507
16-May-14,245.80,246.41,239.30,241.55,56983508
15-May-14,251.95,254.05,244.34,244.80,46040784
14-May-14,254.10,254.90,249.95,251.30,22284528
13-May-14,257.50,259.00,252.48,255.35,30221564
12-May-14,259.00,259.70,254.75,256.65,29801202
9-May-14,265.00,267.55,258.70,260.15,57580374
8-May-14,251.00,264.57,249.35,262.00,132027090
7-May-14,242.80,245.54,239.10,243.30,50750318
6-May-14,252.85,255.32,244.27,245.00,64302663
2-May-14,256.00,258.60,253.98,258.50,45955000
1-May-14,255.00,257.18,253.75,256.15,18787817
30-Apr-14,249.80,253.10,248.11,252.17,30576170
29-Apr-14,248.80,251.70,244.80,250.28,36888710
28-Apr-14,249.00,250.70,248.05,248.98,24339865
25-Apr-14,250.85,252.85,247.75,248.85,28463300
24-Apr-14,249.95,253.55,249.45,252.00,33891691
23-Apr-14,249.00,249.70,246.05,248.90,28652320
22-Apr-14,247.00,249.40,244.90,247.27,36152953
17-Apr-14,238.90,250.15,234.65,246.50,69453513
16-Apr-14,234.15,238.21,234.00,237.55,28965181
15-Apr-14,237.00,239.12,232.15,233.15,28950211
14-Apr-14,234.90,237.32,230.95,237.32,35302820
11-Apr-14,238.00,239.68,232.98,236.05,51874209
10-Apr-14,239.60,242.07,237.85,239.75,29766206
9-Apr-14,239.05,241.25,237.55,238.50,30290763
8-Apr-14,241.05,242.25,234.35,238.60,35329764
7-Apr-14,246.45,248.05,241.15,241.85,31553401
4-Apr-14,245.55,249.00,241.76,248.15,33602627
3-Apr-14,244.00,246.45,240.77,244.20,45244554
2-Apr-14,238.50,243.97,238.12,242.73,46133077
1-Apr-14,236.35,237.95,233.40,237.45,39648182
31-Mar-14,231.90,233.75,231.10,233.42,39160764
28-Mar-14,232.65,233.95,227.65,231.10,34862474
27-Mar-14,232.35,232.70,229.80,230.95,35667826
26-Mar-14,237.25,237.60,232.85,233.32,53482799
25-Mar-14,234.65,238.35,234.30,236.95,37892691
24-Mar-14,237.60,237.80,233.10,234.05,37762923
21-Mar-14,238.15,239.25,234.50,235.90,96147256
20-Mar-14,239.90,242.05,236.10,238.65,38236704
19-Mar-14,238.50,243.30,232.17,241.50,58172922
18-Mar-14,231.80,238.00,230.20,235.38,44923633
17-Mar-14,232.10,233.67,229.95,231.05,38685691
14-Mar-14,235.60,238.65,228.30,231.15,59861867
13-Mar-14,235.50,240.35,234.95,235.65,56664493
12-Mar-14,235.00,237.10,230.35,233.75,54787394
11-Mar-14,242.35,243.15,233.65,236.13,71675191
10-Mar-14,245.50,248.35,240.70,241.98,56904645
7-Mar-14,254.05,254.30,247.30,248.35,45647718
6-Mar-14,253.90,255.00,252.60,253.30,21782796
5-Mar-14,253.70,254.00,250.40,252.25,31263929
4-Mar-14,250.25,254.25,249.05,252.95,34807672
3-Mar-14,249.35,250.20,245.05,247.83,44576039
28-Feb-14,254.40,255.00,251.25,252.10,52942020
27-Feb-14,252.20,254.60,249.60,253.90,39652550
26-Feb-14,258.45,258.90,251.80,253.15,39163910
25-Feb-14,259.35,259.90,254.00,257.90,54259203
24-Feb-14,257.30,259.85,256.20,259.00,31106329
21-Feb-14,256.60,258.65,256.00,257.51,37223800
20-Feb-14,253.65,255.80,252.50,255.25,27956033
19-Feb-14,259.70,261.95,254.75,255.80,32411000
18-Feb-14,257.65,262.20,252.95,261.30,43083017
17-Feb-14,253.00,256.20,253.00,255.70,26332729
14-Feb-14,257.55,258.40,252.80,253.00,48402172
13-Feb-14,260.30,260.30,251.10,256.40,81577622
12-Feb-14,264.70,265.45,259.75,263.30,49871877
11-Feb-14,276.95,277.00,255.50,264.70,133202801
10-Feb-14,272.80,277.35,271.40,275.00,42637125
7-Feb-14,271.45,273.45,269.50,271.70,32974390
6-Feb-14,266.90,271.15,265.05,269.95,40774454
5-Feb-14,263.35,268.05,261.05,264.95,32975622
4-Feb-14,264.35,268.10,263.00,264.55,39076556
3-Feb-14,270.85,272.80,265.05,265.70,36298376
31-Jan-14,274.35,274.40,267.55,272.50,43276640
30-Jan-14,275.00,275.90,271.60,275.05,30435462
29-Jan-14,281.95,284.80,268.80,274.95,73794530
28-Jan-14,271.95,274.50,270.25,273.30,29217398
27-Jan-14,272.00,275.20,268.05,269.35,38793042
24-Jan-14,279.30,280.70,270.85,272.28,53539943
23-Jan-14,278.00,284.30,277.25,278.90,40501821
22-Jan-14,281.60,283.80,277.50,278.20,30598343
21-Jan-14,283.00,285.60,279.95,280.60,42058607
20-Jan-14,284.50,286.05,282.20,282.80,33425945
17-Jan-14,291.40,293.00,286.50,288.60,49129066
16-Jan-14,297.40,297.95,287.40,290.45,46886458
15-Jan-14,293.30,297.75,292.35,296.50,41854332
14-Jan-14,287.60,292.50,286.15,291.75,31538311
13-Jan-14,286.50,294.25,286.50,291.70,43687747
10-Jan-14,286.00,286.75,282.25,283.60,32183110
9-Jan-14,283.90,289.25,282.55,284.25,45168588
8-Jan-14,282.35,285.90,281.25,283.70,34455289
7-Jan-14,276.95,282.15,275.00,280.95,32002702
6-Jan-14,271.55,278.55,271.20,277.50,34518221
3-Jan-14,271.25,273.65,270.40,272.85,19594604
2-Jan-14,273.00,274.50,268.35,271.08,26175833
31-Dec-13,271.55,274.30,271.05,271.95,9095193
30-Dec-13,272.50,273.15,269.55,271.10,18344582
27-Dec-13,268.90,270.35,268.10,269.70,19272967
24-Dec-13,268.55,268.55,263.30,265.45,5462543
23-Dec-13,259.35,265.05,259.35,264.35,20834578
20-Dec-13,257.60,260.50,256.80,259.70,67240558
19-Dec-13,255.60,260.10,255.25,257.45,33318461
18-Dec-13,252.95,254.10,252.00,252.05,26248185
17-Dec-13,254.35,254.65,251.20,251.30,30844306
16-Dec-13,250.30,257.75,250.20,255.05,31923412
13-Dec-13,254.95,256.45,251.00,251.45,30727510
12-Dec-13,258.50,260.70,252.55,253.95,48420730
11-Dec-13,262.65,264.20,259.30,259.75,34006206
10-Dec-13,264.70,267.45,263.15,263.75,23531177
9-Dec-13,267.55,268.50,262.35,265.85,21256367
6-Dec-13,263.80,267.30,261.15,265.65,22517615
5-Dec-13,263.65,266.45,260.55,262.35,25178105
4-Dec-13,266.90,267.55,258.85,262.80,33433926
3-Dec-13,269.35,270.00,265.75,266.20,38386726
2-Dec-13,272.85,274.60,269.70,270.25,32523086
29-Nov-13,266.15,274.80,265.90,271.79,61119786
28-Nov-13,263.00,268.50,262.80,265.60,37681486
27-Nov-13,260.50,263.70,260.25,262.50,19272746
26-Nov-13,259.30,262.45,259.05,260.80,33215137
25-Nov-13,258.00,260.30,257.60,259.10,28080794
22-Nov-13,258.10,260.15,255.90,256.95,24076226
21-Nov-13,252.55,258.00,251.05,257.10,31017359
20-Nov-13,251.00,254.60,250.00,252.60,27834950
19-Nov-13,249.60,251.70,249.10,250.80,21980167
18-Nov-13,249.40,252.60,248.65,251.40,21849051
15-Nov-13,250.90,252.75,248.55,249.45,27864789
14-Nov-13,252.95,254.40,248.50,250.00,30425784
13-Nov-13,255.50,255.50,247.85,249.50,49645772
12-Nov-13,257.05,258.65,254.00,256.80,22573149
11-Nov-13,256.90,259.40,254.95,256.25,22938711
8-Nov-13,251.05,256.35,250.10,252.93,31529993
7-Nov-13,255.45,258.85,251.40,252.70,34948691
6-Nov-13,250.20,257.35,249.55,254.65,50588235
5-Nov-13,255.50,257.10,246.65,249.00,65792714
4-Nov-13,257.60,259.65,254.75,255.15,29718221
1-Nov-13,263.10,263.50,254.55,258.25,71390785
31-Oct-13,267.65,272.00,261.60,263.60,66547560
30-Oct-13,272.00,276.80,268.05,268.55,68090386
29-Oct-13,260.00,267.20,258.05,266.05,35030275
28-Oct-13,269.25,271.00,260.95,263.25,43281636
25-Oct-13,266.05,271.75,265.15,267.90,38407441
24-Oct-13,269.00,270.95,265.60,266.45,40815444
23-Oct-13,274.10,-,266.40,268.20,51949995
22-Oct-13,274.40,276.95,272.25,272.60,32159228
21-Oct-13,277.05,277.05,272.15,274.75,29167890
18-Oct-13,279.05,280.15,272.20,277.85,50317559
17-Oct-13,281.40,281.40,275.05,278.30,48634508
16-Oct-13,278.50,285.10,278.05,283.65,34621334
15-Oct-13,279.65,281.45,278.85,279.85,28045760
14-Oct-13,276.60,279.25,274.60,276.85,23458025
11-Oct-13,276.95,280.05,273.70,278.00,37566532
10-Oct-13,269.45,275.05,267.85,274.50,39031151
9-Oct-13,266.85,272.00,265.60,267.80,31103295
8-Oct-13,271.70,274.10,267.70,268.20,32403064
7-Oct-13,272.00,273.55,267.40,272.55,33183103
4-Oct-13,271.60,274.25,269.85,271.35,62452597
3-Oct-13,272.00,275.50,271.45,273.00,29881026
2-Oct-13,271.00,274.55,268.70,272.55,39551374
1-Oct-13,266.95,271.70,265.60,269.80,47079759
30-Sep-13,262.10,266.00,261.25,265.50,43124560
27-Sep-13,268.35,269.05,263.95,265.80,67968897
26-Sep-13,274.00,274.20,265.00,269.20,64575814
25-Sep-13,271.80,277.50,270.35,273.00,70028386
24-Sep-13,265.90,273.50,265.70,271.45,75367661
20-Sep-13,277.85,277.95,272.70,273.45,83010622
19-Sep-13,282.20,282.20,277.50,278.30,65960659
18-Sep-13,284.00,284.00,275.35,277.20,60249629
17-Sep-13,305.20,305.50,295.55,299.00,62360892
16-Sep-13,306.00,309.90,300.95,305.40,44330444
13-Sep-13,304.50,305.90,300.70,301.60,29865643
12-Sep-13,306.05,309.00,305.25,307.00,20299342
11-Sep-13,305.30,308.35,303.85,306.45,26476056
10-Sep-13,303.00,308.20,302.95,305.75,38526324
9-Sep-13,297.20,300.90,296.75,299.55,19563489
6-Sep-13,296.30,301.00,292.90,297.00,26931423
5-Sep-13,289.00,297.95,289.00,287.77,37392637
4-Sep-13,286.55,290.90,283.05,289.55,28044252
3-Sep-13,286.90,288.60,282.85,285.10,14923158
2-Sep-13,286.00,289.45,285.25,285.70,16830066
30-Aug-13,285.25,286.80,281.10,283.35,22679262
29-Aug-13,285.85,286.70,281.60,284.65,16975214
28-Aug-13,279.40,286.20,277.25,284.55,34180939
27-Aug-13,286.05,287.80,278.70,280.70,35943763
23-Aug-13,284.20,290.60,282.00,286.85,23458725
22-Aug-13,282.80,286.95,282.30,284.70,18208147
21-Aug-13,286.50,292.30,282.00,283.00,24468860
20-Aug-13,285.65,287.15,282.75,286.75,22421085
19-Aug-13,288.60,290.50,287.80,288.70,21991995
16-Aug-13,283.25,289.30,282.55,288.05,32336374
15-Aug-13,285.10,287.45,282.65,284.30,21151019
14-Aug-13,284.95,286.40,283.50,285.45,22951955
13-Aug-13,285.55,286.05,281.85,283.65,23872340
12-Aug-13,288.00,289.35,283.70,285.00,16096642
9-Aug-13,287.20,288.85,283.00,287.10,18408273
8-Aug-13,283.45,287.35,281.10,286.95,21570837
7-Aug-13,283.25,284.75,281.15,282.15,31648903
6-Aug-13,285.90,286.50,280.55,284.50,25929072
5-Aug-13,286.15,288.25,282.00,285.50,21168077
2-Aug-13,291.35,291.90,283.00,285.45,34893421
1-Aug-13,289.15,292.00,287.80,291.10,38977751
31-Jul-13,290.95,291.25,284.65,287.90,43021842
30-Jul-13,291.00,298.70,283.60,291.30,93853561
29-Jul-13,318.95,319.75,303.65,309.05,55827016
26-Jul-13,324.35,325.05,318.30,320.15,18325720
25-Jul-13,321.20,324.30,316.90,322.50,23748977
24-Jul-13,322.10,324.20,317.80,320.55,27764256
23-Jul-13,324.50,327.50,321.75,321.75,25468711
22-Jul-13,320.55,325.95,320.00,324.00,29038992
19-Jul-13,315.80,323.03,314.33,320.00,34733000
18-Jul-13,309.50,320.05,308.36,317.05,37178239
17-Jul-13,308.20,313.07,304.63,309.65,34821845
16-Jul-13,310.05,313.30,307.92,308.15,27103167
15-Jul-13,308.10,311.36,307.19,309.75,29143306
12-Jul-13,303.05,306.75,299.95,306.15,39517820
11-Jul-13,306.00,308.26,270.30,302.90,30061586
10-Jul-13,300.20,307.50,299.95,302.05,22857309
9-Jul-13,300.00,305.35,299.85,302.35,34373700
8-Jul-13,293.40,301.50,292.95,298.60,28030753
5-Jul-13,294.55,300.75,290.00,291.50,36813148
4-Jul-13,283.80,295.21,282.80,292.70,38423364
3-Jul-13,278.42,281.35,269.75,280.75,41809381
2-Jul-13,286.00,286.30,279.16,283.00,27320524
1-Jul-13,282.95,287.00,272.10,284.50,58286208
28-Jun-13,287.65,290.75,277.10,278.45,51037675
27-Jun-13,288.85,292.00,283.55,286.25,30465214
26-Jun-13,283.35,291.42,281.60,288.85,34821201
25-Jun-13,282.90,285.13,280.63,283.10,24456169
24-Jun-13,280.10,285.48,276.00,279.05,29611705
21-Jun-13,286.38,292.50,281.54,281.60,57999880
20-Jun-13,295.00,298.95,285.50,288.10,65662965
19-Jun-13,301.50,304.70,298.56,301.50,34237969
18-Jun-13,295.95,305.07,294.75,300.30,27208424
17-Jun-13,299.15,299.86,291.55,296.65,24520500
14-Jun-13,299.45,301.30,296.25,297.70,28790346
13-Jun-13,290.00,298.13,287.25,296.55,38114999
12-Jun-13,302.25,305.78,293.60,295.80,39843233
11-Jun-13,307.45,308.80,298.85,304.55,34346721
10-Jun-13,308.00,313.10,306.50,308.65,30404500
7-Jun-13,303.60,309.25,301.70,307.80,35919526
6-Jun-13,312.00,312.28,303.05,303.30,57403407
5-Jun-13,317.35,325.00,314.95,316.30,30701303
4-Jun-13,321.90,324.85,318.52,320.35,20175096
3-Jun-13,318.80,321.67,315.70,317.10,29909829
31-May-13,323.45,324.65,317.45,322.45,51808678
30-May-13,318.65,326.50,317.50,326.50,21377059
29-May-13,323.40,324.62,319.05,320.00,25171955
28-May-13,320.75,330.18,320.35,325.10,29037282
24-May-13,324.45,325.45,316.20,317.00,24195762
23-May-13,320.25,324.03,317.50,321.45,44138680
22-May-13,325.00,338.20,323.05,333.85,49698888
21-May-13,324.55,326.10,320.03,323.30,32685803
20-May-13,326.75,330.70,322.90,326.20,21412514
17-May-13,319.95,330.00,319.00,326.80,36506947
16-May-13,318.45,324.50,317.85,320.40,31355709
15-May-13,314.50,320.95,305.00,318.65,31400990
14-May-13,314.00,314.05,308.50,314.05,25074330
13-May-13,314.00,314.45,308.15,312.55,25427806
10-May-13,311.00,315.59,309.70,314.40,32732615
9-May-13,310.00,314.51,307.75,310.00,31025979
8-May-13,306.30,311.50,305.70,308.80,27828168
7-May-13,303.40,314.00,299.10,307.40,66362969
3-May-13,289.15,298.95,287.96,296.10,54031261
2-May-13,288.00,291.60,283.40,288.90,28739046
1-May-13,289.95,293.50,286.25,288.70,12352220
30-Apr-13,287.50,294.00,284.60,286.05,55050020
29-Apr-13,291.45,295.25,288.05,289.90,23444582
26-Apr-13,292.75,296.00,287.60,290.70,25164964
25-Apr-13,294.55,301.04,290.45,293.70,39662834
24-Apr-13,293.70,316.00,291.45,294.42,68280757
23-Apr-13,286.65,300.46,286.65,298.30,40818046
22-Apr-13,289.90,296.80,288.80,289.50,30249573
19-Apr-13,285.15,287.77,282.75,286.35,26164063
18-Apr-13,292.00,292.60,280.85,283.75,30528328
17-Apr-13,298.90,299.95,286.70,290.30,32214989
16-Apr-13,293.15,299.07,290.40,294.80,23340951
15-Apr-13,298.10,300.00,289.90,296.75,22756716
12-Apr-13,302.10,303.45,296.54,299.30,22820050
11-Apr-13,298.20,307.42,295.80,303.90,35612230
10-Apr-13,288.10,301.65,286.85,298.25,40128603
9-Apr-13,280.20,288.00,280.20,286.00,29053905
8-Apr-13,282.35,282.80,276.00,277.20,17693895
5-Apr-13,284.95,291.38,273.34,280.00,38664483
4-Apr-13,289.85,293.40,284.90,284.90,30659905
3-Apr-13,296.80,297.77,288.30,289.30,23541569
2-Apr-13,291.40,298.88,289.75,297.50,31400115
28-Mar-13,288.05,294.70,285.40,291.15,30929130
27-Mar-13,289.10,296.54,283.55,287.90,41626181
26-Mar-13,283.85,288.35,277.00,287.20,37657293
25-Mar-13,296.80,300.85,277.62,282.10,56744841
22-Mar-13,295.00,297.69,291.54,292.00,30327863
21-Mar-13,295.00,297.78,293.01,294.60,30151953
20-Mar-13,299.35,301.27,292.93,295.20,45199004
19-Mar-13,305.25,307.45,295.30,297.50,43056115
18-Mar-13,310.40,311.87,303.50,305.95,53267713
15-Mar-13,317.55,326.43,317.55,320.05,118736758
14-Mar-13,317.25,318.75,312.65,317.90,35099989
13-Mar-13,311.25,314.83,308.05,314.70,22198808
12-Mar-13,312.40,317.89,311.33,313.15,25563559
11-Mar-13,316.90,317.65,309.80,311.50,31062352
8-Mar-13,313.25,319.95,311.55,318.60,43275410
7-Mar-13,304.70,311.35,304.03,309.50,36334795
6-Mar-13,306.50,309.85,301.70,302.15,26672735
5-Mar-13,303.05,308.90,302.15,307.45,30416777
4-Mar-13,301.80,302.75,297.65,300.40,25541389
1-Mar-13,306.50,308.15,291.70,303.45,43201955
28-Feb-13,304.25,309.40,302.50,307.00,39750463
27-Feb-13,302.10,303.75,295.55,301.80,43644332
26-Feb-13,293.65,315.65,290.00,297.00,65957665
25-Feb-13,310.00,318.74,309.05,311.65,38190026
22-Feb-13,307.15,312.80,306.00,307.00,29744540
21-Feb-13,317.75,320.85,306.31,306.45,45332296
20-Feb-13,320.45,325.00,318.00,323.00,28846991
19-Feb-13,319.00,325.60,317.65,325.00,29839940
18-Feb-13,321.30,322.02,318.56,320.20,14489183
15-Feb-13,319.20,323.76,316.00,321.25,31519146
14-Feb-13,326.00,327.53,317.20,319.00,42443458
13-Feb-13,330.00,330.56,325.00,326.00,56418541
12-Feb-13,301.90,329.20,301.00,327.35,106548477
11-Feb-13,298.10,303.95,298.00,301.50,34541578
8-Feb-13,294.00,300.47,293.10,298.60,30214727
7-Feb-13,294.55,298.41,291.20,292.50,36436577
6-Feb-13,295.25,299.25,291.00,295.45,22605067
5-Feb-13,290.00,296.91,288.32,295.25,26532727
4-Feb-13,299.00,300.04,290.40,291.50,46230562
1-Feb-13,301.00,305.80,297.73,300.00,39024024
31-Jan-13,302.00,303.95,294.60,301.00,49104453
30-Jan-13,300.30,304.55,297.59,302.00,31853612
29-Jan-13,305.00,306.65,297.10,300.90,41284368
28-Jan-13,300.50,307.66,297.47,305.85,30038393
25-Jan-13,299.15,303.90,298.05,300.70,28662407
24-Jan-13,295.00,300.05,294.25,297.03,31016571
23-Jan-13,296.20,299.90,295.75,296.00,32694665
22-Jan-13,298.00,300.05,293.94,296.05,38781134
21-Jan-13,298.70,299.37,294.32,297.40,19417413
18-Jan-13,296.15,299.90,294.94,297.00,32957591
17-Jan-13,291.95,298.97,289.05,296.05,29914029
16-Jan-13,293.95,296.00,287.25,293.40,36532973
15-Jan-13,298.00,298.69,292.00,295.40,43605794
14-Jan-13,299.55,301.30,297.90,298.91,37867051
11-Jan-13,295.90,301.75,295.54,299.65,45679282
10-Jan-13,293.80,298.79,291.65,294.60,39136759
9-Jan-13,289.00,298.15,288.80,294.75,40664960
8-Jan-13,285.60,295.48,282.50,287.20,38840424
7-Jan-13,281.00,288.46,276.04,287.20,46967252
4-Jan-13,275.15,278.56,273.50,276.70,26802603
3-Jan-13,274.65,278.89,272.83,276.00,23198120
2-Jan-13,272.85,277.08,269.60,275.60,45345917
31-Dec-12,260.00,263.60,259.75,262.40,6275300
28-Dec-12,267.05,268.70,261.00,262.12,15622123
27-Dec-12,262.30,267.65,260.51,265.20,15499806
24-Dec-12,263.50,263.98,261.20,263.10,3602367
21-Dec-12,265.45,265.75,259.10,263.00,45305990
20-Dec-12,265.65,268.34,263.55,266.80,25788154
19-Dec-12,262.00,270.95,262.00,266.55,38766285
18-Dec-12,258.00,262.58,257.85,261.15,35427082
17-Dec-12,256.15,257.16,253.15,256.90,19039059
14-Dec-12,253.40,257.89,252.80,255.30,21711311
13-Dec-12,254.00,255.86,251.95,254.10,37507412
12-Dec-12,248.90,252.62,248.41,252.60,28221002
11-Dec-12,249.75,250.25,247.00,248.95,15805677
10-Dec-12,250.45,251.55,247.25,249.55,17199784
7-Dec-12,250.00,252.35,249.40,251.55,21164827
6-Dec-12,247.95,252.15,246.67,250.50,36306790
5-Dec-12,245.35,246.85,243.85,246.40,22848647
4-Dec-12,243.20,246.75,243.15,243.80,19731544
3-Dec-12,245.85,248.25,243.40,244.40,21061379
30-Nov-12,243.20,248.05,242.00,246.00,33062458
29-Nov-12,243.80,246.58,242.95,244.60,29190171
28-Nov-12,241.50,243.47,238.00,242.15,28696437
27-Nov-12,241.65,246.56,240.65,243.65,33847976
26-Nov-12,246.60,247.00,238.10,240.50,93894016
23-Nov-12,252.90,255.70,250.17,254.20,19516642
22-Nov-12,249.80,252.40,246.40,252.00,18803081
21-Nov-12,246.15,250.05,245.00,248.85,35595097
20-Nov-12,248.30,250.60,240.60,246.50,43542030
19-Nov-12,237.15,250.77,236.70,249.75,54740135
16-Nov-12,239.15,241.75,233.20,239.55,37921490
15-Nov-12,234.50,242.47,233.55,239.25,40495765
14-Nov-12,235.20,239.12,233.20,237.65,35289857
13-Nov-12,234.05,237.85,229.59,237.30,29870786
12-Nov-12,229.15,235.92,227.55,234.95,28154896
9-Nov-12,236.15,237.35,226.62,230.15,39177687
8-Nov-12,236.80,240.45,235.75,236.60,20774453
7-Nov-12,243.80,245.76,235.70,235.85,44274818
6-Nov-12,239.00,242.67,237.50,242.55,20216522
5-Nov-12,238.50,240.15,236.80,237.50,18641674
2-Nov-12,239.75,245.04,237.25,241.15,34419290
1-Nov-12,227.85,239.65,226.15,239.25,48259773
31-Oct-12,230.00,234.05,227.00,227.50,67402242
30-Oct-12,230.50,240.40,230.10,238.80,26131528
29-Oct-12,230.50,233.30,227.85,231.05,12880180
26-Oct-12,229.70,233.35,228.85,232.50,24539515
25-Oct-12,230.30,236.90,230.05,232.85,34903767
24-Oct-12,232.50,232.95,227.65,229.90,33050330
23-Oct-12,236.40,237.21,230.50,232.65,30044436
22-Oct-12,233.65,240.17,232.39,235.40,21239744
19-Oct-12,238.75,241.03,233.23,233.85,40671307
18-Oct-12,245.00,248.10,237.50,240.70,50948005
17-Oct-12,245.10,247.00,239.20,244.40,33512154
16-Oct-12,239.50,246.10,237.80,246.10,46512656
15-Oct-12,231.25,238.07,230.65,236.85,28867631
12-Oct-12,232.80,240.34,231.45,232.20,51221368
11-Oct-12,221.10,288.00,221.10,232.65,42652749
10-Oct-12,221.00,225.43,220.55,222.00,29192906
9-Oct-12,223.30,226.84,220.11,221.55,22711231
8-Oct-12,225.45,225.49,220.00,222.35,17762012
5-Oct-12,223.00,230.05,222.75,227.85,30031535
4-Oct-12,221.65,223.95,219.10,222.55,23215186
3-Oct-12,218.45,222.61,217.30,220.25,26435782
2-Oct-12,220.80,223.50,217.50,220.75,32133306
1-Oct-12,214.85,222.80,214.50,222.35,32581177
28-Sep-12,218.35,222.50,214.85,214.85,29537682
27-Sep-12,215.10,218.65,214.15,217.25,24470705
26-Sep-12,219.30,220.34,211.80,213.65,38112190
25-Sep-12,220.60,224.96,218.48,223.20,21297829
24-Sep-12,222.65,223.74,218.45,220.25,18457478
21-Sep-12,223.50,235.55,219.60,223.75,52304975
20-Sep-12,224.00,224.90,218.10,222.05,30963347
19-Sep-12,225.15,227.15,219.00,225.15,28740068
18-Sep-12,226.35,226.95,218.15,225.40,47831511
17-Sep-12,227.40,230.34,221.63,228.00,21469636
14-Sep-12,225.55,237.00,214.90,229.05,82216180
13-Sep-12,217.00,219.38,215.00,217.95,26414730
12-Sep-12,214.90,219.80,214.15,217.00,54621338
11-Sep-12,206.15,214.56,205.00,213.50,41782558
10-Sep-12,206.05,210.75,205.22,207.75,46236997
7-Sep-12,197.30,207.25,194.05,206.40,72317393
6-Sep-12,182.10,194.14,180.25,193.05,45746348
5-Sep-12,180.60,183.83,178.80,181.95,22685194
4-Sep-12,183.45,185.44,180.35,181.25,25877502
3-Sep-12,182.30,185.55,181.60,184.30,10150862
31-Aug-12,182.00,186.40,180.40,183.25,33523157
30-Aug-12,184.30,185.66,182.44,183.50,20028112
29-Aug-12,188.70,188.70,184.85,186.35,16839568
28-Aug-12,186.55,191.52,186.10,188.95,23294883
24-Aug-12,189.95,191.52,183.80,187.20,40178875
23-Aug-12,195.65,199.02,190.50,191.00,29828744
22-Aug-12,194.65,199.49,193.02,194.15,25438576
21-Aug-12,192.30,198.65,192.10,197.05,29293309
20-Aug-12,193.80,200.00,187.37,190.90,41424729
17-Aug-12,186.90,194.08,186.67,192.85,40510532
16-Aug-12,183.00,187.19,182.05,186.20,21058806
15-Aug-12,184.95,185.65,182.25,183.10,15532158
14-Aug-12,185.50,187.60,181.75,185.75,29167150
13-Aug-12,183.00,186.80,181.20,183.05,20485174
10-Aug-12,178.25,186.56,178.25,183.40,41281724
9-Aug-12,179.70,182.20,177.98,178.95,23391451
8-Aug-12,177.95,179.39,176.25,178.95,21663528
7-Aug-12,177.45,180.82,173.16,179.85,33072329
6-Aug-12,170.75,180.45,169.15,177.20,40134813
3-Aug-12,162.50,173.02,160.95,171.35,49261890
2-Aug-12,168.00,172.00,161.80,162.30,46164777
1-Aug-12,167.55,170.31,165.85,168.30,22192940
31-Jul-12,169.90,171.00,164.95,168.00,33931925
30-Jul-12,168.80,173.86,167.25,170.55,42162525
27-Jul-12,159.80,169.35,154.46,167.00,64379856
26-Jul-12,150.10,155.96,148.20,153.60,38678454
25-Jul-12,149.50,155.23,149.30,150.55,31125045
24-Jul-12,153.55,155.45,149.92,150.60,35209965
23-Jul-12,156.40,157.34,151.00,152.55,45713123
20-Jul-12,163.40,164.57,158.30,159.25,40178498
19-Jul-12,161.70,164.90,160.00,164.25,27428905
18-Jul-12,159.80,161.64,157.05,160.15,25089648
17-Jul-12,159.25,162.02,157.40,159.00,32912754
16-Jul-12,162.65,163.50,155.90,157.70,47280525
13-Jul-12,164.00,166.40,161.25,162.15,34001433
12-Jul-12,163.00,166.36,162.50,163.50,25526517
11-Jul-12,164.90,167.55,163.70,164.65,28378063
10-Jul-12,164.00,168.35,162.78,167.00,27465666
9-Jul-12,164.85,168.30,162.35,163.40,33569347
6-Jul-12,167.60,169.68,161.90,164.75,39706246
5-Jul-12,165.95,169.00,164.35,168.20,51707645
4-Jul-12,167.50,170.57,163.55,166.00,35611888
3-Jul-12,163.00,176.52,161.00,167.05,95085030
2-Jul-12,163.45,172.24,156.60,168.40,71379219
29-Jun-12,172.67,179.07,160.00,162.85,110676680
28-Jun-12,196.90,198.85,160.75,165.60,163565085
27-Jun-12,194.30,197.20,192.60,196.05,25544677
26-Jun-12,191.40,195.69,189.70,192.40,21272602
25-Jun-12,199.65,200.80,192.09,194.25,28235683
22-Jun-12,198.30,204.90,195.74,200.70,21064476
21-Jun-12,204.35,208.60,201.70,202.30,28859697
20-Jun-12,199.85,206.50,199.05,205.75,28434769
19-Jun-12,196.75,202.35,193.95,200.60,29995677
18-Jun-12,205.40,208.85,194.55,194.70,38935531
15-Jun-12,197.00,205.00,196.70,200.80,73102719
14-Jun-12,187.55,193.19,186.87,192.75,36011681
13-Jun-12,191.15,194.15,184.60,188.30,32572482
12-Jun-12,189.85,190.82,183.10,189.75,34070802
11-Jun-12,198.00,201.78,189.65,190.55,36521496
8-Jun-12,190.00,192.10,184.88,190.35,26595047
7-Jun-12,189.90,196.80,188.20,192.85,45342919
6-Jun-12,182.05,188.06,179.20,187.80,53403518
1-Jun-12,177.75,180.38,170.80,173.50,37842938
31-May-12,180.70,182.13,174.00,176.30,40800637
30-May-12,179.70,183.17,174.55,179.45,31505133
29-May-12,182.70,184.31,176.93,181.00,25169012
28-May-12,184.40,186.65,180.25,181.00,14501462
25-May-12,185.75,189.72,181.10,181.70,23617152
24-May-12,183.65,187.57,180.05,185.80,32054932
23-May-12,185.05,185.85,180.45,180.50,28562549
22-May-12,182.45,189.99,179.95,185.25,34541699
21-May-12,176.00,181.11,175.10,180.93,37390126
18-May-12,176.90,182.05,175.40,176.10,47726846
17-May-12,191.40,191.40,179.00,181.90,37718424
16-May-12,183.15,193.98,181.55,190.02,52856842
15-May-12,190.30,193.05,182.95,186.10,59991961
14-May-12,199.80,199.95,188.70,189.80,65757667
11-May-12,205.95,206.00,198.80,206.00,43603228
10-May-12,204.85,210.62,201.00,210.00,31159354
9-May-12,204.95,207.00,196.40,207.00,37856331
8-May-12,207.80,211.61,202.90,203.05,35824191
4-May-12,211.75,215.60,207.10,215.10,33853037
3-May-12,215.65,218.00,209.75,216.66,24498931
2-May-12,225.45,226.14,212.50,213.65,42268297
1-May-12,219.80,226.20,218.23,224.00,17886202
30-Apr-12,228.70,228.75,218.24,218.25,29005250
27-Apr-12,210.35,224.72,208.35,223.10,48404625
26-Apr-12,215.00,216.43,206.60,216.10,42338128
25-Apr-12,212.70,217.90,209.85,217.00,31917570
24-Apr-12,206.50,212.07,202.82,211.00,28263367
23-Apr-12,211.00,211.55,203.50,204.55,31585194
20-Apr-12,212.95,217.30,211.00,213.55,30258900
19-Apr-12,215.85,220.19,211.55,219.00,39449488
18-Apr-12,221.15,222.60,213.10,215.96,46481514
17-Apr-12,211.15,222.47,210.55,220.27,58547638
16-Apr-12,213.10,217.30,208.85,210.80,40453815
13-Apr-12,222.55,224.60,214.60,214.90,51604197
12-Apr-12,214.00,224.33,210.35,219.64,65162209
11-Apr-12,206.60,217.80,205.92,212.10,49416039
10-Apr-12,214.60,227.08,206.30,206.32,48917426
5-Apr-12,219.60,222.81,213.55,220.45,38350066
4-Apr-12,228.50,229.47,218.20,218.50,64047280
3-Apr-12,236.50,240.61,229.88,230.35,25150377
2-Apr-12,235.95,236.92,227.50,236.45,36999567
30-Mar-12,236.55,239.88,233.60,235.25,34632548
29-Mar-12,244.80,247.43,234.15,234.15,43470821
28-Mar-12,250.00,253.49,244.70,245.60,35563703
27-Mar-12,251.35,258.15,249.70,252.23,46626664
26-Mar-12,248.60,249.10,244.30,247.65,37696627
23-Mar-12,239.30,245.20,237.91,242.89,34772693
22-Mar-12,243.45,245.50,235.80,244.50,37044460
21-Mar-12,247.15,249.25,241.15,244.70,32081004
20-Mar-12,249.30,250.00,244.20,245.50,32327394
19-Mar-12,252.85,253.95,249.05,251.30,30548844
16-Mar-12,249.00,257.16,248.05,254.00,69442651
15-Mar-12,249.75,251.36,246.95,249.20,38057156
14-Mar-12,246.45,251.18,244.70,248.80,60081861
13-Mar-12,238.00,241.77,235.85,240.45,38561162
12-Mar-12,240.50,242.90,234.15,235.85,33826545
9-Mar-12,242.00,287.45,238.00,287.45,40294735
8-Mar-12,241.50,244.93,236.65,240.70,51202551
7-Mar-12,237.70,244.19,233.80,240.65,49920287
6-Mar-12,251.00,253.45,238.02,238.90,44384448
5-Mar-12,254.00,256.30,250.79,252.90,25254003
2-Mar-12,252.45,260.26,252.00,256.75,44150494
1-Mar-12,244.20,252.93,242.00,250.06,43884910
29-Feb-12,245.20,250.50,243.40,245.00,51431952
28-Feb-12,244.95,246.75,239.35,243.95,24895117
27-Feb-12,244.60,245.75,239.70,243.80,27151594
24-Feb-12,241.95,249.56,239.25,248.75,42648409
23-Feb-12,237.70,247.00,235.50,246.15,41990225
22-Feb-12,245.95,248.85,239.13,239.20,36184101
21-Feb-12,251.50,254.59,244.50,247.75,46853285
20-Feb-12,250.00,252.77,247.56,250.90,30816272
17-Feb-12,247.90,250.95,246.75,248.35,44413431
16-Feb-12,236.05,245.17,234.00,242.63,45648571
15-Feb-12,238.10,244.65,237.70,244.00,47314659
14-Feb-12,235.05,240.80,231.79,234.90,34274813
13-Feb-12,236.75,241.20,234.05,236.95,26296227
10-Feb-12,225.00,244.90,225.00,234.05,105407001
9-Feb-12,234.60,240.17,230.80,233.10,49916259
8-Feb-12,236.90,242.95,232.45,233.60,43097465
7-Feb-12,232.75,236.80,229.80,233.00,35802892
6-Feb-12,235.10,236.76,230.11,231.40,45349931
3-Feb-12,227.20,238.00,224.50,237.45,59200005
2-Feb-12,225.60,228.55,219.05,226.83,45769883
1-Feb-12,213.30,226.10,212.00,220.84,56560338
31-Jan-12,214.50,215.77,210.00,215.50,52065378
30-Jan-12,219.50,220.60,211.50,213.55,42520391
27-Jan-12,222.00,226.15,218.51,222.85,31642320
26-Jan-12,218.05,227.75,217.00,227.25,48306687
25-Jan-12,219.95,220.54,212.50,218.18,31862612
24-Jan-12,220.00,220.80,211.85,218.50,53408263
23-Jan-12,221.40,227.57,220.00,222.65,46614698
20-Jan-12,220.75,229.10,218.98,225.87,93005146
19-Jan-12,202.30,222.00,202.05,221.35,100028167
18-Jan-12,198.30,201.90,195.50,201.10,36089941
17-Jan-12,202.80,204.60,196.40,199.25,90739168
16-Jan-12,197.70,201.11,195.65,199.10,32255549
13-Jan-12,197.50,201.74,192.25,201.20,77142763
12-Jan-12,190.95,200.12,190.80,195.20,70356431
11-Jan-12,188.90,190.98,185.32,188.50,32228758
10-Jan-12,181.00,189.36,180.00,188.30,46813725
9-Jan-12,185.55,189.00,176.75,178.10,47189265
6-Jan-12,183.50,190.01,183.00,188.45,30792463
5-Jan-12,190.00,191.23,182.80,183.65,48649867
4-Jan-12,185.10,188.35,183.22,186.36,37304118
3-Jan-12,181.00,186.55,178.20,186.30,49961725
30-Dec-11,175.50,176.50,172.05,176.05,8181601
29-Dec-11,172.70,174.84,170.65,174.50,14786432
28-Dec-11,178.95,179.85,170.68,170.68,18567118
23-Dec-11,-,-,-,179.00,0
22-Dec-11,173.65,177.62,173.60,176.10,27370382
21-Dec-11,174.00,180.55,171.20,171.95,51483612
20-Dec-11,165.10,172.05,162.50,170.58,51034745
19-Dec-11,168.70,171.58,165.00,165.95,30032190
16-Dec-11,172.80,175.00,170.00,171.45,40340084
15-Dec-11,171.30,175.90,168.90,170.68,42690796
14-Dec-11,174.45,180.27,170.30,170.30,47544609
13-Dec-11,181.30,183.75,175.00,178.60,40805438
12-Dec-11,188.95,190.45,181.45,181.45,41910956
9-Dec-11,177.15,191.63,175.25,189.00,53490036
8-Dec-11,189.65,192.83,180.25,192.00,53006384
7-Dec-11,192.45,194.69,181.30,187.35,48034257
6-Dec-11,189.00,194.35,185.15,194.35,50503896
5-Dec-11,194.00,199.20,191.25,191.65,62443876
2-Dec-11,180.05,193.55,180.05,190.65,98448922
1-Dec-11,181.45,183.67,175.65,177.15,52501260
30-Nov-11,164.95,186.60,163.69,180.25,89181502
29-Nov-11,167.85,171.98,164.55,165.10,41419561
28-Nov-11,158.95,168.50,157.67,167.85,48467716
25-Nov-11,152.25,157.64,149.37,155.65,39676277
24-Nov-11,150.15,155.98,149.20,152.50,38185116
23-Nov-11,150.90,155.23,147.90,147.90,50895469
22-Nov-11,159.10,161.00,152.27,152.60,47872739
21-Nov-11,165.60,166.04,157.05,157.50,42753816
18-Nov-11,164.85,168.31,162.55,166.40,36106175
17-Nov-11,169.50,171.17,165.00,165.25,48373597
16-Nov-11,170.15,174.22,168.40,168.45,40228031
15-Nov-11,172.00,174.85,165.88,171.20,50388788
14-Nov-11,180.20,184.16,173.26,174.05,40207265
11-Nov-11,170.95,179.75,170.00,178.90,40339953
10-Nov-11,165.00,175.80,164.42,170.00,43259637
9-Nov-11,184.05,187.08,168.95,172.05,59447971
8-Nov-11,180.00,186.55,178.60,182.00,44034301
7-Nov-11,180.05,184.59,176.20,183.80,41441866
4-Nov-11,186.80,192.00,180.20,188.32,57679062
3-Nov-11,175.05,193.40,173.79,184.55,83436756
2-Nov-11,180.00,184.34,172.45,180.00,56501978
1-Nov-11,184.99,185.08,171.75,176.75,111095575
31-Oct-11,205.00,211.92,194.20,195.30,65427898
28-Oct-11,212.90,218.89,200.44,215.00,107592164
27-Oct-11,193.50,216.05,188.30,210.00,171986582
26-Oct-11,179.40,183.45,174.85,178.50,33462669
25-Oct-11,185.50,187.58,178.45,180.00,48087245
24-Oct-11,184.00,187.81,182.20,187.60,43485226
21-Oct-11,175.50,183.35,174.10,180.80,61007707
20-Oct-11,174.40,180.90,169.40,172.00,55166927
19-Oct-11,179.00,181.85,176.50,181.50,38217750
18-Oct-11,173.10,176.60,168.40,176.60,53735198
17-Oct-11,179.30,184.79,173.05,180.00,43098727
14-Oct-11,173.35,181.90,168.10,176.05,46309587
13-Oct-11,186.10,191.78,170.86,173.20,100695909
12-Oct-11,174.95,192.00,173.15,187.00,89299376
11-Oct-11,172.10,175.96,169.00,173.02,41255700
10-Oct-11,164.10,172.10,162.59,169.64,31202481
7-Oct-11,168.25,171.45,161.70,164.70,57790203
6-Oct-11,158.65,167.85,157.90,167.85,68630629
5-Oct-11,151.00,155.45,146.50,152.00,62631153
4-Oct-11,151.70,153.40,142.65,144.35,70618072
3-Oct-11,155.00,157.98,150.05,157.30,43878309
30-Sep-11,168.25,168.95,159.20,161.35,46221408
29-Sep-11,164.30,171.97,162.20,171.50,61662184
28-Sep-11,166.75,168.74,161.10,166.40,59457916
27-Sep-11,162.95,168.50,160.10,160.40,79427519
26-Sep-11,140.45,157.50,140.34,156.00,100105124
23-Sep-11,141.35,146.30,133.90,146.00,86192595
22-Sep-11,145.60,148.83,138.35,144.80,80254677
21-Sep-11,155.00,163.00,152.00,156.71,37821122
20-Sep-11,154.10,155.73,0.00,154.25,58559965
19-Sep-11,158.00,158.70,151.70,157.60,47950324
16-Sep-11,163.00,169.15,160.65,163.40,108027020
15-Sep-11,153.00,162.00,152.65,158.00,98945692
14-Sep-11,146.00,155.76,144.73,152.12,88463641
13-Sep-11,145.35,149.21,137.45,144.00,59906803
12-Sep-11,138.50,147.34,135.90,142.30,90083193
9-Sep-11,156.20,158.50,144.00,144.00,109548218
8-Sep-11,159.60,167.98,156.80,159.00,62788205
7-Sep-11,156.00,161.05,154.20,159.95,47526904
6-Sep-11,153.40,158.50,147.40,150.75,59432038
5-Sep-11,159.60,159.60,151.55,154.15,54958916
2-Sep-11,176.85,178.34,164.25,165.20,54581647
1-Sep-11,180.00,182.79,177.30,180.35,84095142
31-Aug-11,165.45,172.18,162.70,170.75,50487390
30-Aug-11,166.61,170.00,162.00,165.40,59730199
26-Aug-11,-,-,-,158.00,0
25-Aug-11,154.10,164.30,154.10,157.90,112478257
24-Aug-11,147.35,152.33,142.10,149.60,59819265
23-Aug-11,148.95,152.76,142.95,145.45,61253930
22-Aug-11,148.30,154.11,144.75,146.25,27318721
19-Aug-11,153.80,163.78,143.40,150.58,87320108
18-Aug-11,172.45,172.45,151.75,154.00,81295183
17-Aug-11,178.70,179.20,173.20,173.95,39355858
16-Aug-11,182.75,184.20,176.20,181.60,40690581
15-Aug-11,188.50,192.16,178.50,183.35,41640128
12-Aug-11,179.60,193.42,174.00,187.20,65877206
11-Aug-11,171.85,180.80,159.05,173.58,93711754
10-Aug-11,184.00,189.47,162.45,163.70,94431649
9-Aug-11,166.95,180.40,155.45,178.50,103153071
8-Aug-11,184.20,194.10,174.15,192.40,75194218
5-Aug-11,181.00,201.35,172.00,186.00,134700363
4-Aug-11,216.90,217.30,169.95,201.15,92140809
3-Aug-11,212.50,223.05,210.00,212.50,58676413
2-Aug-11,221.80,227.00,214.65,227.00,71310821
1-Aug-11,227.25,231.17,217.00,217.00,39691955
29-Jul-11,223.65,224.75,218.80,224.65,36758961
28-Jul-11,217.25,228.82,216.15,225.14,50265801
27-Jul-11,226.50,227.45,219.60,221.00,37997990
26-Jul-11,228.95,232.16,224.85,231.70,27005718
25-Jul-11,234.60,236.95,227.50,236.70,50052690
22-Jul-11,250.50,255.70,236.10,239.60,69341025
21-Jul-11,224.15,245.13,221.00,230.68,94610287
20-Jul-11,215.35,222.80,211.70,222.60,60774200
19-Jul-11,208.80,218.50,207.60,211.00,60257328
18-Jul-11,217.00,221.74,207.10,215.00,73443998
15-Jul-11,224.70,227.80,221.85,223.30,33555198
14-Jul-11,226.00,230.26,221.60,227.47,37111370
13-Jul-11,227.95,232.73,224.70,228.00,57399096
12-Jul-11,230.65,233.97,218.50,230.00,80876551
11-Jul-11,241.65,242.70,231.80,234.00,52993690
8-Jul-11,253.00,254.66,242.70,243.25,31782442
7-Jul-11,252.50,255.30,247.30,251.25,30632860
6-Jul-11,259.85,259.85,247.45,249.75,48339391
5-Jul-11,262.95,264.25,258.20,259.50,20760490
4-Jul-11,266.00,266.00,259.90,262.70,16676465
1-Jul-11,256.90,266.53,256.70,265.55,40131914
30-Jun-11,250.10,257.71,249.10,256.45,44647263
29-Jun-11,243.45,253.82,243.00,249.25,43814935
28-Jun-11,239.70,243.90,238.40,243.60,33337960
27-Jun-11,236.85,240.44,233.15,238.84,32647579
24-Jun-11,248.50,249.58,236.20,237.30,51997669
23-Jun-11,251.20,252.00,242.20,243.35,46546362
22-Jun-11,256.50,258.15,251.45,252.30,41480613
21-Jun-11,252.95,265.85,252.65,258.90,30533695
20-Jun-11,254.35,255.20,205.63,251.81,32928523
17-Jun-11,252.90,353.50,250.05,257.20,54476490
16-Jun-11,253.50,256.50,250.25,255.85,58113798
15-Jun-11,263.40,263.40,257.00,257.40,42681937
14-Jun-11,264.20,268.67,263.20,264.55,38930993
13-Jun-11,259.05,262.00,257.10,260.02,24855669
10-Jun-11,260.00,262.45,255.55,256.50,37173914
9-Jun-11,263.45,264.65,256.80,259.95,37803225
8-Jun-11,261.85,267.00,258.70,267.00,41410053
7-Jun-11,260.45,266.05,260.45,265.15,29950852
6-Jun-11,264.60,265.75,261.25,264.00,22752605
3-Jun-11,265.80,267.30,259.75,267.00,36830396
2-Jun-11,267.85,269.26,265.45,269.25,24969971
1-Jun-11,276.80,278.06,268.65,269.65,26732020
31-May-11,276.40,279.70,275.00,279.55,29863578
27-May-11,275.45,277.57,273.25,275.25,30008938
26-May-11,273.50,276.75,247.00,271.30,31103045
25-May-11,264.00,273.70,262.05,272.43,36043339
24-May-11,267.80,269.10,264.60,265.60,43658618
23-May-11,268.45,271.22,266.26,269.90,38063167
20-May-11,279.55,281.05,272.95,273.60,30754466
19-May-11,273.15,281.25,271.80,277.45,54166597
18-May-11,273.65,273.85,269.35,270.70,26561969
17-May-11,273.70,275.75,270.00,270.25,22170961
16-May-11,273.60,275.20,268.55,273.70,29878250
13-May-11,280.30,283.17,273.14,274.30,33889570
12-May-11,279.00,282.05,276.45,278.10,29252227
11-May-11,279.20,282.80,276.15,282.80,28051808
10-May-11,274.40,279.80,273.00,277.95,28773188
9-May-11,275.15,278.05,271.25,273.95,34729372
6-May-11,277.05,279.22,274.95,277.60,42280618
5-May-11,282.55,284.00,274.90,276.30,57142623
4-May-11,284.05,288.05,282.30,283.80,40740549
3-May-11,283.50,286.25,280.74,285.23,36627277
28-Apr-11,-,-,-,282.30,0
27-Apr-11,292.90,294.60,286.00,292.00,76943530
26-Apr-11,299.20,303.31,298.15,301.85,20995030
21-Apr-11,-,-,-,298.85,0
20-Apr-11,293.55,295.80,292.37,295.80,23852089
19-Apr-11,291.65,294.81,289.20,290.55,33717559
18-Apr-11,297.00,300.25,285.05,290.70,67484218
15-Apr-11,302.70,304.41,297.10,301.65,35003462
14-Apr-11,308.50,308.85,299.90,301.80,37323406
13-Apr-11,307.05,311.40,303.35,309.35,49306590
12-Apr-11,301.10,309.30,301.00,304.15,38164388
11-Apr-11,306.05,310.10,305.35,305.35,55385430
8-Apr-11,298.25,301.15,295.40,301.00,34912954
7-Apr-11,294.75,302.65,294.75,302.30,41976227
6-Apr-11,286.00,295.94,284.35,294.80,51197179
5-Apr-11,285.10,287.20,280.10,286.75,51154747
4-Apr-11,290.05,294.90,287.30,294.50,25963484
1-Apr-11,279.85,291.50,279.30,287.05,52858068
31-Mar-11,288.00,288.10,277.55,286.75,57024508
30-Mar-11,287.40,290.40,282.20,283.75,36847712
29-Mar-11,291.30,293.90,285.65,285.95,31844355
28-Mar-11,289.95,294.80,288.55,292.40,23468184
25-Mar-11,292.50,293.50,287.35,292.80,35767099
24-Mar-11,287.10,293.17,284.50,290.90,28437243
23-Mar-11,287.70,289.44,284.20,287.25,30807885
22-Mar-11,291.00,294.65,285.60,288.50,38083800
21-Mar-11,285.00,293.25,285.00,289.50,42313514
18-Mar-11,284.30,285.10,278.95,283.65,71600515
17-Mar-11,285.10,286.62,280.50,286.00,37200337
16-Mar-11,292.00,293.40,281.75,282.00,47129301
15-Mar-11,288.00,292.87,283.43,290.30,54742748
14-Mar-11,296.50,304.50,292.95,299.10,34161530
11-Mar-11,298.00,301.00,295.15,298.75,37549990
10-Mar-11,303.80,304.10,298.00,301.65,35316843
9-Mar-11,310.00,310.15,303.10,309.73,22958670
8-Mar-11,307.20,310.75,302.15,310.75,31019366
7-Mar-11,313.10,316.15,307.95,307.95,28812419
4-Mar-11,314.65,320.05,311.70,316.23,23086018
3-Mar-11,316.60,320.25,311.65,315.00,20585778
2-Mar-11,311.75,318.70,308.15,314.40,12748427
1-Mar-11,320.15,321.85,313.25,313.25,10416815
28-Feb-11,319.50,322.35,312.45,318.66,10054028
25-Feb-11,314.00,316.75,312.00,313.30,15421545
24-Feb-11,312.45,318.60,312.00,312.55,387447742
23-Feb-11,328.50,328.75,314.80,319.00,65591977
22-Feb-11,320.05,323.20,315.60,321.85,50609822
21-Feb-11,324.55,328.90,320.90,322.25,38342924
18-Feb-11,333.05,336.60,324.15,327.00,66674659
17-Feb-11,332.60,339.45,237.00,333.35,82606767
16-Feb-11,325.00,332.35,323.25,332.30,93970535
15-Feb-11,315.00,328.85,312.85,325.58,143397186
14-Feb-11,315.00,315.00,305.94,313.85,48918381
11-Feb-11,311.10,312.60,305.80,311.10,48292856
10-Feb-11,315.10,318.90,307.35,318.85,40670256
9-Feb-11,315.00,318.25,313.60,316.40,43267298
8-Feb-11,312.95,314.65,307.85,314.65,28624335
7-Feb-11,306.45,314.50,305.00,314.50,38311140
4-Feb-11,303.75,309.85,301.55,309.85,37416592
3-Feb-11,301.55,307.35,299.00,307.35,34155931
2-Feb-11,300.00,306.25,298.65,302.00,44366305
1-Feb-11,296.10,298.50,290.15,297.73,28611315
31-Jan-11,295.60,296.15,289.80,293.75,31703736
28-Jan-11,298.90,301.20,295.10,298.20,46898477
27-Jan-11,294.00,301.20,291.90,299.21,34007897
26-Jan-11,298.65,299.80,294.40,299.18,41587784
25-Jan-11,300.60,302.15,294.15,298.45,36348200
24-Jan-11,300.80,302.20,293.50,299.53,54230744
21-Jan-11,301.10,306.85,299.60,306.70,56198907
20-Jan-11,296.70,303.45,291.40,299.23,72986147
19-Jan-11,308.35,308.80,295.95,297.45,64794691
18-Jan-11,306.10,312.05,303.50,304.50,42841923
17-Jan-11,309.00,309.00,302.20,306.60,34180403
14-Jan-11,304.00,311.15,301.35,311.50,62002299
13-Jan-11,301.70,308.00,299.25,306.00,52825574
12-Jan-11,294.00,302.60,294.00,300.60,70720651
11-Jan-11,285.00,292.00,283.00,290.16,91418760
10-Jan-11,278.25,279.95,273.25,276.70,41037091
7-Jan-11,278.05,280.50,274.50,280.50,43353222
6-Jan-11,280.00,285.60,276.40,278.00,46248586
5-Jan-11,271.85,281.00,269.00,281.00,54434397
4-Jan-11,268.45,273.65,266.80,270.91,48176571
31-Dec-10,269.00,269.00,261.65,261.65,8138586
30-Dec-10,265.25,269.50,264.30,264.30,13717902
29-Dec-10,263.40,267.45,262.40,264.70,16647358
24-Dec-10,-,-,-,266.95,0
23-Dec-10,267.85,269.25,266.55,267.10,9562121
22-Dec-10,267.95,270.00,266.70,267.50,18323997
21-Dec-10,264.20,269.75,264.00,268.35,28918173
20-Dec-10,258.50,263.35,256.20,261.00,22831969
17-Dec-10,264.80,264.85,256.90,259.75,61489331
16-Dec-10,262.30,264.70,259.35,263.50,45454645
15-Dec-10,270.50,271.00,262.00,263.50,81299769
14-Dec-10,273.70,274.80,271.60,272.00,34179556
13-Dec-10,273.90,276.05,272.05,273.30,27630004
10-Dec-10,276.50,277.10,271.30,272.20,33268433
9-Dec-10,269.45,276.70,268.10,276.00,83292468
8-Dec-10,260.00,265.80,259.50,264.15,37277622
7-Dec-10,263.05,267.45,258.30,262.60,65244445
6-Dec-10,269.30,270.65,261.95,263.00,38410419
3-Dec-10,273.05,274.50,266.55,268.00,40974779
2-Dec-10,269.95,274.95,264.50,274.95,57454441
1-Dec-10,258.25,268.95,256.35,266.55,70044528
30-Nov-10,262.85,264.70,253.00,256.15,79533773
29-Nov-10,264.95,267.45,256.40,266.00,61187581
26-Nov-10,266.15,267.40,257.40,259.80,46469707
25-Nov-10,268.90,270.15,263.80,268.10,27769632
24-Nov-10,264.05,269.50,255.95,267.90,69801415
23-Nov-10,267.05,267.90,260.60,264.25,52478222
22-Nov-10,278.00,279.05,268.85,270.00,39315252
19-Nov-10,278.85,278.85,270.70,274.20,33885939
18-Nov-10,275.80,280.95,274.90,277.95,29165119
17-Nov-10,273.45,276.00,272.85,274.25,29547989
16-Nov-10,280.00,280.00,272.50,273.80,42931112
15-Nov-10,280.00,284.00,275.90,281.36,30924785
12-Nov-10,280.00,284.45,277.00,280.50,52699350
11-Nov-10,292.85,293.80,280.85,284.90,69476396
10-Nov-10,296.50,300.50,288.40,289.60,74214835
9-Nov-10,289.00,297.40,286.10,296.01,83457185
8-Nov-10,290.80,291.10,284.75,285.65,35676940
5-Nov-10,290.30,294.85,283.10,294.50,61923711
4-Nov-10,284.50,290.20,282.60,289.75,62876027
3-Nov-10,278.10,279.40,273.95,279.40,43828052
2-Nov-10,272.30,276.25,270.20,275.05,33596423
1-Nov-10,278.50,279.00,272.70,273.55,33716423
29-Oct-10,276.60,281.00,274.60,274.60,32437420
28-Oct-10,284.85,284.85,277.50,278.50,33620680
27-Oct-10,275.00,282.90,275.00,282.30,50758531
26-Oct-10,279.70,281.70,275.00,278.00,52524895
25-Oct-10,290.00,290.00,281.15,281.35,25753462
22-Oct-10,285.00,286.45,280.80,286.45,41594683
21-Oct-10,286.15,294.05,285.50,292.28,39965690
20-Oct-10,288.55,293.50,287.05,291.10,34158850
19-Oct-10,290.70,295.25,286.75,288.85,45273155
18-Oct-10,282.45,290.30,280.30,289.75,32514116
15-Oct-10,279.50,286.85,279.00,285.00,76875076
14-Oct-10,293.55,294.30,278.10,279.95,129749425
13-Oct-10,290.70,293.95,280.00,293.50,133335345
12-Oct-10,296.05,296.80,293.00,294.75,41277143
11-Oct-10,299.05,300.70,296.35,299.50,24005355
8-Oct-10,297.00,299.00,292.85,297.25,403646015
7-Oct-10,306.80,310.40,300.80,310.40,64536212
6-Oct-10,311.90,312.20,305.70,309.00,39171789
5-Oct-10,298.55,309.30,298.15,304.68,49489583
4-Oct-10,299.45,303.75,295.00,299.80,26987545
1-Oct-10,303.90,304.80,298.00,299.75,51943372
30-Sep-10,301.00,310.00,299.25,309.50,68384699
29-Sep-10,310.55,313.00,301.80,305.25,56504803
28-Sep-10,307.40,311.35,303.80,307.91,44942595
27-Sep-10,314.75,316.60,308.90,310.75,25482377
24-Sep-10,302.05,312.95,301.45,311.75,59391543
23-Sep-10,307.60,309.90,301.35,306.25,71603039
22-Sep-10,311.70,312.00,305.50,306.70,40564813
21-Sep-10,312.05,320.00,310.95,317.85,48176839
20-Sep-10,305.00,314.35,304.45,313.35,51725069
17-Sep-10,313.75,319.20,304.65,315.25,90361345
16-Sep-10,316.95,320.25,314.75,314.75,49767248
15-Sep-10,323.65,325.00,315.40,316.75,39407506
14-Sep-10,322.90,326.65,320.70,326.62,30246980
13-Sep-10,328.50,328.95,318.75,326.85,52732423
10-Sep-10,316.00,324.00,316.00,319.10,45392359
9-Sep-10,310.00,327.35,307.85,323.35,71767909
8-Sep-10,310.00,311.00,301.00,311.00,70941608
7-Sep-10,320.00,320.00,310.80,314.00,52268055
6-Sep-10,328.00,329.40,320.85,322.85,22278346
3-Sep-10,312.05,325.45,311.05,325.15,52624284
2-Sep-10,313.60,319.35,310.80,319.10,41538317
1-Sep-10,304.75,316.95,300.90,315.50,40481502
31-Aug-10,296.00,303.55,292.00,300.00,45142570
27-Aug-10,300.50,305.15,295.55,296.50,30092519
26-Aug-10,302.55,306.50,300.15,302.00,36114256
25-Aug-10,310.25,311.70,295.00,298.00,69761949
24-Aug-10,316.00,318.45,305.00,309.15,39489052
23-Aug-10,319.00,325.30,314.80,324.68,26591452
20-Aug-10,317.80,321.00,312.30,320.83,41332311
19-Aug-10,328.00,329.20,316.70,323.60,36063492
18-Aug-10,324.15,328.35,323.10,326.65,26955373
17-Aug-10,318.70,327.50,316.75,323.17,34754785
16-Aug-10,318.50,320.95,313.65,320.95,25415325
13-Aug-10,310.50,319.30,310.20,317.00,47036789
12-Aug-10,309.70,312.40,298.70,309.55,76637498
11-Aug-10,329.45,330.05,313.00,328.50,67029724
10-Aug-10,337.50,337.90,328.70,335.74,41224455
9-Aug-10,330.80,335.00,328.30,335.00,32839247
6-Aug-10,322.40,329.55,311.65,325.75,67636115
5-Aug-10,330.00,336.25,321.95,324.00,86717242
4-Aug-10,343.50,344.00,334.95,335.20,35214072
3-Aug-10,341.25,343.60,335.15,342.75,37060857
2-Aug-10,334.50,345.70,331.50,343.95,45157812
30-Jul-10,329.75,338.80,329.05,336.90,35910473
29-Jul-10,338.80,341.75,334.10,339.00,31206165
28-Jul-10,345.00,349.15,336.45,349.00,66011488
27-Jul-10,323.00,345.00,321.65,339.55,139381711
26-Jul-10,306.35,315.65,305.30,315.65,47717833
23-Jul-10,304.40,307.00,296.90,302.00,33200319
22-Jul-10,288.55,304.55,285.70,303.65,66338655
21-Jul-10,287.00,296.30,287.00,292.00,48303414
20-Jul-10,288.70,288.70,276.50,284.85,45036179
19-Jul-10,281.65,290.60,275.75,285.30,47650053
16-Jul-10,301.20,301.40,282.90,295.35,68531641
15-Jul-10,312.50,313.00,298.20,300.35,49833849
14-Jul-10,315.95,316.25,306.55,313.50,41375137
13-Jul-10,301.55,312.85,300.40,307.37,42248143
12-Jul-10,301.00,303.70,296.00,299.95,25622076
9-Jul-10,303.00,305.20,296.25,300.95,48347883
8-Jul-10,296.15,306.05,296.00,302.00,84776147
7-Jul-10,270.00,291.60,267.15,291.60,73183930
6-Jul-10,261.85,276.65,261.25,271.75,59821354
5-Jul-10,266.20,268.90,259.20,259.20,32397180
2-Jul-10,260.00,272.10,258.10,268.45,50548398
1-Jul-10,260.20,267.85,253.40,265.84,86684470
30-Jun-10,267.60,279.45,262.45,270.55,71782889
29-Jun-10,281.00,282.95,265.15,269.18,65938071
28-Jun-10,283.65,287.75,276.55,284.00,45755440
25-Jun-10,289.00,293.00,280.00,281.20,46802480
24-Jun-10,304.50,304.55,287.00,287.00,42002908
23-Jun-10,305.50,311.25,298.50,300.80,39241961
22-Jun-10,312.20,313.40,303.75,311.50,58970975
21-Jun-10,316.50,320.25,314.00,317.10,46405152
18-Jun-10,311.70,317.70,309.00,316.00,62704974
17-Jun-10,304.45,316.00,303.85,316.00,45027271
16-Jun-10,310.50,313.85,302.65,304.85,41397353
15-Jun-10,294.95,308.65,294.95,306.80,40766607
14-Jun-10,294.95,301.55,293.10,298.15,38352580
11-Jun-10,291.65,293.75,284.70,291.92,38962939
10-Jun-10,278.10,292.00,277.55,292.00,68946072
9-Jun-10,280.85,282.85,273.20,280.20,63347772
8-Jun-10,288.25,289.60,272.70,284.00,58570423
7-Jun-10,282.60,291.50,276.35,285.90,55038607
4-Jun-10,301.75,307.05,283.50,288.60,64304741
3-Jun-10,302.00,307.35,297.15,306.00,50151995
2-Jun-10,299.00,300.75,291.55,296.50,40014059
1-Jun-10,307.10,307.90,290.75,301.46,59479014
28-May-10,310.50,313.40,304.80,305.10,49158995
27-May-10,304.00,310.00,295.60,307.83,69102375
26-May-10,292.00,305.15,290.60,298.45,81827318
25-May-10,286.00,290.10,277.75,283.80,72803205
24-May-10,298.00,306.45,294.10,303.15,51013219
21-May-10,290.00,300.55,280.10,298.73,96178118
20-May-10,294.50,303.85,282.25,301.60,128769649
19-May-10,299.15,301.05,285.00,300.00,80475863
18-May-10,311.00,313.40,303.90,305.85,49765812
17-May-10,306.25,314.00,299.85,304.70,62465550
14-May-10,326.85,326.85,305.55,310.19,80134925
13-May-10,330.95,332.00,322.30,332.00,48621532
11-May-10,316.10,326.20,314.30,325.67,74791412
10-May-10,327.95,334.35,304.00,332.10,177749031
7-May-10,287.00,299.00,275.10,297.39,185313400
6-May-10,318.50,323.70,298.25,301.70,105377678
5-May-10,322.00,325.65,311.85,322.75,106964284
4-May-10,338.00,342.35,321.00,323.00,75485914
30-Apr-10,345.00,351.15,334.50,338.67,156266180
29-Apr-10,354.00,365.00,350.00,364.45,54894025
28-Apr-10,353.20,358.65,340.10,356.35,94058273
27-Apr-10,371.95,376.20,357.20,357.20,91049271
26-Apr-10,369.00,376.15,367.45,373.60,68501130
23-Apr-10,361.00,366.55,357.60,362.30,43957867
22-Apr-10,365.50,367.00,356.30,359.70,62551704
21-Apr-10,376.90,378.00,365.25,365.85,60289356
16-Apr-10,381.00,394.25,367.75,371.00,115438987
15-Apr-10,375.85,384.95,375.55,380.00,76936917
14-Apr-10,365.05,374.40,360.25,373.50,73046110
13-Apr-10,362.40,366.00,360.55,363.00,21881330
12-Apr-10,358.45,365.20,357.50,363.25,38573251
9-Apr-10,361.00,362.20,352.55,353.00,43215194
8-Apr-10,359.00,359.90,350.20,359.50,38249539
7-Apr-10,361.20,364.30,359.15,361.55,29476447
6-Apr-10,363.00,365.55,359.45,364.20,27051248
1-Apr-10,362.50,364.75,359.55,362.45,27419258
31-Mar-10,357.00,360.50,354.65,358.65,50852107
30-Mar-10,370.45,370.70,354.95,358.00,58356537
29-Mar-10,368.50,370.55,361.30,366.85,31367385
26-Mar-10,366.30,370.60,364.35,367.55,34671906
25-Mar-10,357.75,368.10,357.60,365.10,47755576
24-Mar-10,361.50,362.25,352.70,361.94,47044887
23-Mar-10,355.40,362.00,355.00,357.90,39604603
22-Mar-10,355.00,356.95,348.55,353.60,47928544
19-Mar-10,357.00,363.35,356.15,357.60,94565560
18-Mar-10,353.80,357.85,350.95,357.66,61229846
17-Mar-10,360.60,362.50,356.35,359.40,47999909
16-Mar-10,352.00,358.10,351.20,357.45,58982657
15-Mar-10,350.00,351.50,345.15,350.50,46213988
12-Mar-10,346.50,354.55,344.40,351.27,67443379
11-Mar-10,344.00,348.90,340.65,343.75,46949431
10-Mar-10,340.00,350.90,336.25,347.85,85839969
9-Mar-10,344.00,347.50,335.50,347.50,57723584
8-Mar-10,344.00,347.95,339.00,345.00,103486204
5-Mar-10,336.40,343.50,335.25,341.40,60548655
4-Mar-10,325.50,338.75,324.30,333.10,57835419
3-Mar-10,320.00,331.85,320.00,328.00,57431833
2-Mar-10,313.45,322.95,311.40,321.80,54485075
1-Mar-10,319.00,319.65,303.00,315.65,56997933
26-Feb-10,309.55,313.00,306.10,313.00,50786040
25-Feb-10,308.00,315.00,303.45,306.85,45820945
24-Feb-10,309.20,314.90,305.00,314.50,54144317
23-Feb-10,316.55,321.70,308.85,320.00,59472019
22-Feb-10,315.15,320.80,313.60,316.25,63102914
19-Feb-10,303.00,314.00,301.50,312.25,78958352
18-Feb-10,300.00,312.40,298.50,309.30,64731418
17-Feb-10,303.05,305.75,297.60,302.30,72645480
16-Feb-10,301.65,301.65,290.00,301.00,110131566
15-Feb-10,266.20,275.45,265.25,272.38,42129859
12-Feb-10,268.80,272.65,255.00,271.20,71391811
11-Feb-10,280.20,282.00,264.50,268.35,70159869
10-Feb-10,272.80,281.90,272.80,281.90,59986102
9-Feb-10,266.65,277.75,262.70,269.30,53937145
8-Feb-10,273.05,278.00,257.70,268.00,64922492
5-Feb-10,270.00,279.20,257.00,269.00,102077371
4-Feb-10,293.00,295.80,271.30,272.20,102518854
3-Feb-10,294.70,301.00,292.10,295.35,78449320
2-Feb-10,283.65,291.80,283.50,288.00,52355035
1-Feb-10,270.00,282.90,267.25,279.88,49795822
29-Jan-10,269.00,276.10,266.50,267.42,58574937
28-Jan-10,273.95,281.80,264.95,280.00,85548366
27-Jan-10,271.80,272.65,262.45,266.85,66352082
26-Jan-10,273.00,278.25,267.50,278.00,49172453
25-Jan-10,267.00,280.85,265.15,277.00,64554326
22-Jan-10,279.00,280.00,255.10,256.13,168678964
21-Jan-10,302.15,305.25,283.00,283.00,106879451
20-Jan-10,308.25,310.60,297.90,300.85,71745431
19-Jan-10,313.50,315.00,308.60,312.10,68023912
18-Jan-10,313.00,319.25,310.00,319.25,40341671
15-Jan-10,318.30,322.10,310.50,311.20,89774857
14-Jan-10,317.60,322.00,315.75,322.00,41334651
13-Jan-10,312.25,314.30,310.50,313.70,53865071
12-Jan-10,316.25,318.55,311.65,318.55,42832890
11-Jan-10,324.00,328.50,316.30,317.00,47128189
8-Jan-10,322.00,326.00,318.35,320.55,71919378
7-Jan-10,306.95,318.95,303.90,315.50,74001133
6-Jan-10,300.35,307.00,295.40,307.00,62963722
5-Jan-10,281.95,300.85,279.50,298.10,85406934
4-Jan-10,278.50,281.60,275.05,280.47,34238569
