8-Nov-16,812.00,814.00,805.00,814.00,441709
7-Nov-16,815.00,818.00,807.00,808.50,695542
4-Nov-16,816.00,817.00,790.50,804.50,803046
3-Nov-16,820.00,825.50,812.50,823.00,774804
2-Nov-16,820.50,820.50,808.00,819.50,492109
1-Nov-16,822.50,828.50,820.50,821.50,425808
31-Oct-16,824.50,828.00,819.00,825.50,626230
28-Oct-16,820.00,833.00,813.50,829.00,579304
27-Oct-16,820.50,822.00,812.50,819.56,533622
26-Oct-16,831.00,831.00,817.50,818.50,455759
25-Oct-16,826.00,851.92,818.50,824.50,366686
24-Oct-16,832.50,840.00,821.00,822.50,460320
21-Oct-16,832.50,834.50,827.00,832.50,360040
20-Oct-16,839.00,839.00,826.00,829.50,477841
19-Oct-16,830.00,838.89,825.93,837.50,325405
18-Oct-16,840.00,858.30,831.00,833.00,612054
17-Oct-16,841.50,848.87,834.50,836.50,657144
14-Oct-16,845.00,848.50,841.00,847.50,401123
13-Oct-16,844.50,847.00,830.50,840.50,580704
12-Oct-16,850.50,857.00,849.30,851.50,417338
11-Oct-16,857.00,860.50,853.50,854.50,566026
10-Oct-16,863.50,866.50,858.50,859.50,502262
7-Oct-16,878.00,880.20,866.00,866.50,640253
6-Oct-16,876.00,882.00,873.00,879.50,635234
5-Oct-16,896.00,898.50,874.00,874.00,508736
4-Oct-16,876.50,900.00,876.50,892.50,1031754
3-Oct-16,873.00,880.50,871.00,877.50,514205
30-Sep-16,863.00,875.00,852.20,871.00,854545
29-Sep-16,865.00,875.00,859.00,865.00,735800
28-Sep-16,880.00,888.50,877.62,884.50,361487
27-Sep-16,897.00,897.00,869.00,880.50,489589
26-Sep-16,888.50,888.50,877.50,886.50,420693
23-Sep-16,893.00,898.50,886.50,890.00,480913
22-Sep-16,902.50,910.00,894.50,899.50,401293
21-Sep-16,906.00,914.50,906.00,907.00,682246
20-Sep-16,890.00,914.00,870.00,903.50,1711282
19-Sep-16,935.00,935.00,921.50,926.00,457657
16-Sep-16,921.00,930.50,918.50,930.50,2028700
15-Sep-16,924.00,931.00,918.50,926.50,601463
14-Sep-16,922.00,933.50,918.50,927.50,567801
13-Sep-16,916.50,924.50,910.00,917.50,540075
12-Sep-16,916.50,922.50,911.00,912.50,471079
9-Sep-16,932.50,937.00,926.00,930.00,412546
8-Sep-16,913.50,935.00,913.50,933.50,641034
7-Sep-16,930.00,930.00,889.50,913.50,1596567
6-Sep-16,952.00,953.50,942.50,945.00,306318
5-Sep-16,960.00,960.00,948.00,950.00,372007
2-Sep-16,951.00,960.00,945.00,954.50,651905
1-Sep-16,958.50,959.00,948.50,951.00,438227
31-Aug-16,947.50,959.00,947.50,951.00,460753
30-Aug-16,960.50,967.64,950.50,954.00,508448
26-Aug-16,948.50,963.50,940.50,957.50,354323
25-Aug-16,950.00,950.00,941.50,947.00,328251
24-Aug-16,941.00,955.64,938.00,950.00,338894
23-Aug-16,939.50,945.55,936.00,942.50,652945
22-Aug-16,940.00,946.00,938.00,939.50,452346
19-Aug-16,954.50,955.50,943.00,944.50,534171
18-Aug-16,955.00,960.78,951.00,959.50,482593
17-Aug-16,937.00,959.14,937.00,951.00,582326
16-Aug-16,925.50,932.00,923.50,931.00,653936
15-Aug-16,932.50,932.50,920.50,922.00,352060
12-Aug-16,922.00,928.50,896.94,927.50,300127
11-Aug-16,918.00,921.50,904.33,920.00,534585
10-Aug-16,915.50,915.50,907.00,913.50,594437
9-Aug-16,915.00,917.00,907.50,914.50,389679
8-Aug-16,918.50,919.00,911.00,913.50,441506
5-Aug-16,892.00,915.00,887.51,913.00,608178
4-Aug-16,879.00,890.50,874.00,889.00,330093
3-Aug-16,880.00,881.00,871.00,879.50,353822
2-Aug-16,871.50,885.00,871.50,879.50,453939
1-Aug-16,885.00,886.50,873.50,875.00,437944
29-Jul-16,880.00,885.00,876.48,885.00,442382
28-Jul-16,882.50,887.50,879.50,881.00,463722
27-Jul-16,877.00,890.00,873.00,886.00,578202
26-Jul-16,869.00,877.00,866.98,872.50,441083
25-Jul-16,860.00,872.68,852.98,870.50,617858
22-Jul-16,857.00,864.50,852.00,860.00,364396
21-Jul-16,852.00,857.50,843.50,854.00,566423
20-Jul-16,848.50,856.50,835.00,853.50,614645
19-Jul-16,839.00,864.78,830.50,849.00,965297
18-Jul-16,816.00,848.50,816.00,845.00,623964
15-Jul-16,816.00,825.00,810.50,816.00,370072
14-Jul-16,824.50,829.00,817.00,823.50,348635
13-Jul-16,821.00,828.50,807.50,819.00,784864
12-Jul-16,820.00,825.50,811.00,817.00,404088
11-Jul-16,803.00,818.00,800.50,816.00,472454
8-Jul-16,786.50,800.50,784.83,799.50,387174
7-Jul-16,784.50,794.50,782.00,787.50,576696
6-Jul-16,767.00,776.00,765.00,776.00,567076
5-Jul-16,785.50,785.50,752.00,770.00,732595
4-Jul-16,799.50,804.37,777.50,784.50,389102
1-Jul-16,816.50,817.59,791.00,800.00,508227
30-Jun-16,800.00,809.50,786.50,793.51,564129
29-Jun-16,782.00,800.00,781.50,800.00,654741
28-Jun-16,773.00,785.50,769.50,775.00,900441
27-Jun-16,803.50,805.00,759.50,759.50,1111863
24-Jun-16,770.00,816.50,741.50,805.00,1192270
23-Jun-16,825.00,840.00,820.00,840.00,562009
22-Jun-16,811.00,822.50,805.50,822.50,588722
21-Jun-16,812.00,816.50,802.00,815.50,457798
20-Jun-16,801.00,811.50,800.50,805.50,609952
17-Jun-16,769.50,793.50,767.00,793.50,1436455
16-Jun-16,770.00,771.50,760.00,763.50,772414
15-Jun-16,770.50,777.00,767.50,773.50,1158743
14-Jun-16,772.00,779.50,757.50,764.50,563568
13-Jun-16,776.00,783.00,772.00,772.00,377016
10-Jun-16,796.00,810.50,778.50,784.50,382913
9-Jun-16,801.50,804.50,794.32,799.50,304710
3-Jun-16,786.50,797.50,786.50,789.50,399010
2-Jun-16,791.50,798.50,776.00,791.50,487670
1-Jun-16,800.50,808.00,793.00,794.00,408866
31-May-16,817.00,821.50,791.50,799.50,820155
27-May-16,788.00,802.50,785.00,797.50,318249
26-May-16,787.00,795.50,787.00,789.50,235440
25-May-16,779.00,797.50,779.00,792.00,455078
24-May-16,760.50,781.00,759.50,780.00,417765
23-May-16,766.50,773.00,760.55,764.00,345009
20-May-16,751.50,767.00,751.50,762.00,222409
19-May-16,758.50,760.50,748.50,752.00,291808
18-May-16,753.00,759.50,749.50,759.50,340902
17-May-16,751.50,761.00,743.50,755.50,296248
16-May-16,746.50,752.00,746.50,748.00,149073
13-May-16,741.00,753.00,741.00,751.00,313176
12-May-16,747.00,755.50,743.50,746.50,368169
11-May-16,762.00,765.00,747.50,749.50,322674
10-May-16,772.50,772.50,759.00,759.00,220361
9-May-16,760.50,771.00,755.50,766.50,338131
6-May-16,760.50,765.00,753.00,755.50,298143
5-May-16,765.50,768.50,760.00,760.50,285341
4-May-16,767.00,773.50,761.00,765.50,289653
3-May-16,772.50,780.00,763.50,767.50,369716
29-Apr-16,773.00,782.00,766.00,773.00,410138
28-Apr-16,784.50,784.50,763.00,774.50,395498
27-Apr-16,782.50,791.16,775.00,787.50,343195
26-Apr-16,775.50,785.50,775.50,779.00,432101
25-Apr-16,772.50,778.00,769.50,778.00,448168
22-Apr-16,775.00,779.00,768.50,771.50,292874
21-Apr-16,767.50,778.36,763.50,776.50,493235
20-Apr-16,772.00,774.00,763.50,768.50,375265
19-Apr-16,774.50,787.50,768.00,773.50,406103
18-Apr-16,769.00,778.00,766.94,776.50,445252
15-Apr-16,777.00,777.00,765.50,772.00,563671
14-Apr-16,785.00,785.00,776.00,776.50,386355
13-Apr-16,792.00,792.00,779.00,780.50,311663
12-Apr-16,778.50,785.00,772.50,783.00,335029
11-Apr-16,790.50,790.50,778.45,780.00,371480
8-Apr-16,795.00,795.90,787.00,791.00,273705
7-Apr-16,805.00,807.50,790.00,791.50,332901
6-Apr-16,795.00,802.50,790.00,801.50,320281
5-Apr-16,797.50,798.00,788.50,790.50,401756
4-Apr-16,798.50,804.40,795.00,797.50,276216
1-Apr-16,798.00,800.00,792.00,797.00,353604
31-Mar-16,803.00,805.00,797.00,800.00,535873
30-Mar-16,815.00,819.00,802.50,802.50,622857
29-Mar-16,810.50,813.00,796.00,806.00,677844
24-Mar-16,819.50,830.00,809.00,810.50,485783
23-Mar-16,808.00,821.50,804.00,819.50,545188
22-Mar-16,771.50,805.50,766.00,803.00,983290
21-Mar-16,754.50,768.00,752.50,755.50,460163
18-Mar-16,761.50,765.00,756.50,759.00,901003
17-Mar-16,765.50,767.90,758.50,762.00,377962
16-Mar-16,754.00,769.50,749.50,764.50,638770
15-Mar-16,743.50,752.50,741.50,749.50,498343
14-Mar-16,744.50,747.50,738.50,744.50,274382
11-Mar-16,744.50,744.50,736.62,738.50,407784
10-Mar-16,748.00,750.00,733.00,733.00,742815
9-Mar-16,756.50,759.00,746.50,747.00,533789
8-Mar-16,763.00,763.00,754.50,757.50,345626
7-Mar-16,775.50,785.00,766.00,768.50,234974
4-Mar-16,780.00,780.00,771.00,774.50,336833
3-Mar-16,779.00,779.00,769.50,775.50,377175
2-Mar-16,786.00,790.00,759.54,776.00,369198
1-Mar-16,763.00,783.00,760.00,780.00,417879
29-Feb-16,767.50,772.00,755.50,761.00,608746
26-Feb-16,773.00,780.00,764.50,773.50,412993
25-Feb-16,752.00,772.00,749.50,769.00,535862
24-Feb-16,740.00,748.50,738.50,742.50,577041
23-Feb-16,731.50,753.00,725.50,742.00,559230
22-Feb-16,744.50,745.50,727.00,731.50,550863
19-Feb-16,743.00,744.00,733.00,736.00,385603
18-Feb-16,741.50,746.00,735.50,743.49,447648
17-Feb-16,724.50,735.50,724.50,734.00,511430
16-Feb-16,732.50,734.50,724.00,728.00,357454
15-Feb-16,746.50,755.00,724.50,734.46,525641
12-Feb-16,709.00,741.50,709.00,737.50,871795
11-Feb-16,716.50,716.50,704.00,707.00,490837
10-Feb-16,712.50,728.00,712.50,716.00,385620
9-Feb-16,704.50,720.00,703.00,712.50,771491
8-Feb-16,713.00,716.50,696.00,699.00,676247
5-Feb-16,706.50,725.00,700.00,708.00,734138
4-Feb-16,724.00,726.50,703.00,705.00,417400
3-Feb-16,728.00,731.50,710.50,717.50,451539
2-Feb-16,738.50,744.50,725.50,730.00,482621
1-Feb-16,735.50,740.50,729.50,735.50,484607
29-Jan-16,725.50,733.00,722.00,725.87,621668
28-Jan-16,726.50,727.50,714.00,718.00,428596
27-Jan-16,720.00,732.00,717.50,732.00,485153
26-Jan-16,709.00,717.50,705.00,715.50,406701
25-Jan-16,728.50,728.50,714.50,715.50,494284
22-Jan-16,725.50,728.06,712.50,721.00,663926
21-Jan-16,728.50,735.08,710.00,714.00,911241
20-Jan-16,751.00,752.00,725.00,738.50,438375
19-Jan-16,748.00,762.00,725.00,753.50,524628
18-Jan-16,744.50,756.00,735.00,743.50,661235
15-Jan-16,754.00,760.34,739.00,743.00,345663
14-Jan-16,778.50,778.50,749.50,754.00,537030
13-Jan-16,789.00,789.00,779.50,786.00,333034
12-Jan-16,799.00,802.00,783.00,791.29,556979
11-Jan-16,787.50,792.50,782.00,788.62,295415
8-Jan-16,790.50,801.00,790.50,791.00,281805
7-Jan-16,784.00,794.50,780.50,784.05,495379
6-Jan-16,785.00,799.00,780.50,793.12,408407
5-Jan-16,799.50,799.50,777.50,785.17,314670
4-Jan-16,796.00,801.50,786.00,790.00,288927
31-Dec-15,796.00,805.00,792.10,802.50,244780
30-Dec-15,802.00,804.50,790.10,800.00,209117
29-Dec-15,790.50,807.00,783.00,802.50,281531
24-Dec-15,790.00,792.00,782.00,785.50,33381
23-Dec-15,786.00,790.00,779.50,782.17,197978
22-Dec-15,781.00,788.50,774.00,783.00,244276
21-Dec-15,781.50,784.50,775.00,775.50,263675
18-Dec-15,781.00,785.00,775.50,781.98,531880
16-Dec-15,776.50,781.50,772.00,773.50,302041
15-Dec-15,765.50,776.50,757.50,772.27,301818
14-Dec-15,759.50,775.00,757.50,760.00,367765
11-Dec-15,770.00,771.00,759.00,761.55,355919
10-Dec-15,771.00,776.50,759.00,767.66,260807
9-Dec-15,772.50,780.00,769.50,775.37,287622
8-Dec-15,778.00,781.95,766.50,773.50,269809
7-Dec-15,777.00,785.00,777.00,780.00,188555
4-Dec-15,769.50,779.00,763.00,777.00,369999
3-Dec-15,773.00,782.00,766.50,774.00,402277
2-Dec-15,781.00,783.50,773.50,775.00,431664
1-Dec-15,772.50,783.50,771.50,782.00,259896
30-Nov-15,756.50,785.00,756.50,774.00,354230
27-Nov-15,765.50,776.50,765.50,773.46,284560
26-Nov-15,767.00,770.00,760.00,768.00,184247
25-Nov-15,765.00,773.00,760.50,768.58,174488
24-Nov-15,776.00,776.00,740.95,761.50,274482
23-Nov-15,769.00,774.00,764.00,771.50,208565
20-Nov-15,761.00,775.50,761.00,770.00,309373
19-Nov-15,772.50,775.00,758.00,765.26,396453
18-Nov-15,772.00,775.00,768.00,771.37,214171
17-Nov-15,778.00,783.50,772.50,776.00,331132
16-Nov-15,762.00,773.00,757.50,773.00,280437
13-Nov-15,762.50,773.00,762.00,765.00,330923
12-Nov-15,767.00,770.00,762.50,767.50,328872
11-Nov-15,753.50,768.00,751.50,764.00,335094
10-Nov-15,763.00,763.00,748.50,752.00,273047
9-Nov-15,758.00,758.50,749.50,754.92,266849
6-Nov-15,751.50,756.50,746.00,752.00,302998
5-Nov-15,749.50,754.50,745.50,750.69,235938
4-Nov-15,758.00,761.00,744.00,747.37,242295
3-Nov-15,763.00,763.50,751.50,753.87,160169
2-Nov-15,754.00,761.00,751.00,757.87,290945
30-Oct-15,755.00,759.50,749.36,754.03,440956
29-Oct-15,749.00,755.50,745.00,754.00,487541
28-Oct-15,742.50,747.00,737.00,744.50,258055
27-Oct-15,742.50,743.00,734.50,740.67,192854
26-Oct-15,729.50,740.00,729.50,737.08,270911
23-Oct-15,725.00,732.50,723.50,730.90,450442
22-Oct-15,726.00,727.50,716.00,722.24,374661
21-Oct-15,732.00,732.00,722.00,729.68,388304
20-Oct-15,734.00,739.00,726.50,726.94,294895
19-Oct-15,726.50,736.00,720.61,732.95,280429
16-Oct-15,736.00,741.50,725.00,729.00,365361
15-Oct-15,723.50,738.50,720.00,734.00,388098
14-Oct-15,726.50,749.66,721.50,721.50,615011
13-Oct-15,737.50,740.50,730.00,734.36,456038
12-Oct-15,742.00,743.00,732.50,737.77,430541
9-Oct-15,756.00,759.00,740.00,747.93,364960
8-Oct-15,752.50,757.50,751.00,754.57,486618
7-Oct-15,752.50,774.79,749.50,755.00,510977
6-Oct-15,765.50,783.72,756.50,783.72,327819
5-Oct-15,759.50,761.50,753.50,760.50,331085
2-Oct-15,754.50,759.00,743.50,748.47,438175
1-Oct-15,756.00,762.50,746.00,753.00,467048
30-Sep-15,772.00,775.00,766.50,769.50,490217
29-Sep-15,771.00,772.00,758.50,761.50,578301
28-Sep-15,788.00,789.50,772.00,776.00,714955
25-Sep-15,783.50,789.50,780.50,786.05,491134
24-Sep-15,763.00,772.50,756.00,772.09,642943
23-Sep-15,755.00,762.50,742.50,761.49,420186
22-Sep-15,745.00,787.00,745.00,753.20,1077774
21-Sep-15,727.50,742.50,727.50,734.50,237148
18-Sep-15,737.50,740.50,726.00,734.00,839531
17-Sep-15,735.00,740.00,735.00,737.50,446961
16-Sep-15,739.50,741.14,733.00,736.00,346191
15-Sep-15,734.50,736.00,723.50,733.48,235611
14-Sep-15,737.50,742.50,731.50,731.50,255805
11-Sep-15,743.00,743.00,733.00,736.00,273919
10-Sep-15,736.50,745.00,730.50,739.44,477413
9-Sep-15,744.50,748.50,738.00,739.50,673982
8-Sep-15,727.00,740.00,727.00,734.00,357493
7-Sep-15,732.50,733.00,721.00,728.00,315639
4-Sep-15,728.50,732.50,724.50,726.50,364814
3-Sep-15,730.50,736.50,727.50,732.50,635389
2-Sep-15,727.00,730.50,712.50,727.00,698301
1-Sep-15,721.50,728.00,715.00,723.93,877416
28-Aug-15,727.50,730.88,716.00,722.58,639455
27-Aug-15,723.00,734.50,717.00,728.50,718603
26-Aug-15,705.00,712.63,700.50,705.92,621400
25-Aug-15,697.50,719.00,694.00,717.06,476146
24-Aug-15,695.00,700.50,678.50,690.00,892191
21-Aug-15,710.50,713.50,706.98,707.00,624982
20-Aug-15,708.50,718.50,707.50,717.50,515523
19-Aug-15,727.50,727.50,712.50,712.50,577675
18-Aug-15,723.50,731.50,723.00,727.64,407117
17-Aug-15,732.50,732.50,720.50,726.00,238381
14-Aug-15,729.00,735.50,726.50,729.42,341153
13-Aug-15,715.00,729.50,714.80,725.97,469429
12-Aug-15,706.50,711.50,698.00,711.50,553591
11-Aug-15,718.50,718.50,708.50,714.69,557648
10-Aug-15,727.00,727.00,706.57,719.70,779257
7-Aug-15,733.50,733.50,722.00,724.73,509642
6-Aug-15,741.00,744.50,731.50,739.50,523510
5-Aug-15,749.50,751.00,742.00,746.00,437889
4-Aug-15,753.50,764.00,752.00,753.00,386853
3-Aug-15,747.00,764.10,747.00,756.00,520097
31-Jul-15,742.50,752.50,740.50,748.50,455969
30-Jul-15,740.50,745.50,733.50,736.00,471756
29-Jul-15,747.00,748.64,739.50,745.87,473809
28-Jul-15,733.00,740.50,729.50,739.94,740958
27-Jul-15,735.00,738.50,728.83,729.64,566679
24-Jul-15,742.00,745.00,735.50,738.00,515782
23-Jul-15,736.50,744.00,735.00,740.24,770549
22-Jul-15,743.00,748.50,724.50,728.95,1300389
21-Jul-15,789.00,789.00,743.00,752.00,1276892
20-Jul-15,808.00,813.50,800.50,807.00,499706
17-Jul-15,802.50,806.50,799.00,804.50,350811
16-Jul-15,794.00,804.00,792.50,802.50,445765
15-Jul-15,781.50,789.00,778.00,789.00,396049
14-Jul-15,784.50,785.00,774.00,779.12,529290
13-Jul-15,787.00,792.00,782.50,785.00,637800
10-Jul-15,776.50,783.00,773.00,783.00,453703
9-Jul-15,757.00,771.50,757.00,766.00,423428
8-Jul-15,749.50,756.50,746.00,756.00,511660
7-Jul-15,752.50,754.50,746.50,749.00,447613
6-Jul-15,751.00,751.00,743.82,748.00,304470
3-Jul-15,754.50,758.00,748.50,755.00,438687
2-Jul-15,756.00,760.00,750.00,752.00,380922
1-Jul-15,754.00,758.00,749.00,757.00,483231
30-Jun-15,742.00,752.00,737.50,746.50,822510
29-Jun-15,738.00,755.50,735.50,743.00,559493
26-Jun-15,757.50,761.00,753.00,756.00,439839
25-Jun-15,756.50,760.00,751.00,757.50,420578
24-Jun-15,760.00,760.00,751.50,755.50,219992
23-Jun-15,761.00,765.00,757.00,760.00,287703
22-Jun-15,762.00,764.42,749.50,757.50,408540
19-Jun-15,752.00,754.50,741.00,750.50,787738
18-Jun-15,746.00,749.50,737.50,749.50,442048
17-Jun-15,758.50,758.50,745.40,746.00,467454
16-Jun-15,755.50,756.00,741.50,755.00,473589
15-Jun-15,758.00,764.00,753.00,753.00,507269
12-Jun-15,767.50,771.00,760.00,764.00,498973
11-Jun-15,768.50,779.50,766.00,771.00,318158
10-Jun-15,757.50,770.00,757.00,768.00,883857
9-Jun-15,762.50,768.50,759.00,760.50,375140
8-Jun-15,765.00,774.50,764.00,767.00,500236
5-Jun-15,785.00,785.00,766.00,767.20,681149
4-Jun-15,785.00,791.50,784.50,787.00,523765
3-Jun-15,791.00,793.00,788.00,790.00,334726
2-Jun-15,795.50,797.20,786.50,788.50,453201
1-Jun-15,787.00,795.50,779.50,791.50,430225
29-May-15,786.50,792.00,779.30,781.50,594409
28-May-15,780.50,787.00,779.50,784.00,521509
27-May-15,780.00,791.00,780.00,787.19,705023
26-May-15,795.00,795.00,781.00,782.50,419982
22-May-15,788.00,801.00,786.50,794.50,653223
21-May-15,772.00,786.00,766.50,786.00,580209
20-May-15,770.50,782.00,770.50,777.00,528682
19-May-15,773.00,774.50,768.00,771.42,459979
18-May-15,757.00,772.00,755.50,770.00,446614
15-May-15,760.50,767.50,759.00,760.00,379888
14-May-15,747.50,763.50,747.50,761.50,282486
13-May-15,757.50,760.58,752.00,754.50,398359
12-May-15,756.50,761.00,743.00,752.50,654186
11-May-15,774.00,774.00,758.00,762.00,398719
8-May-15,756.50,790.50,749.81,769.45,1410264
7-May-15,735.50,741.50,721.00,737.50,673940
6-May-15,725.50,739.00,725.50,736.50,652808
5-May-15,737.00,743.00,728.20,737.50,655206
1-May-15,737.50,740.00,729.00,735.49,267888
30-Apr-15,739.50,740.00,730.50,737.00,569963
29-Apr-15,739.00,741.00,729.00,734.50,411490
28-Apr-15,744.00,754.50,728.00,738.00,455991
27-Apr-15,730.00,746.50,725.00,743.50,579839
24-Apr-15,730.00,735.00,722.50,732.50,532118
23-Apr-15,735.00,739.00,726.00,726.50,564902
22-Apr-15,737.00,740.00,723.00,734.14,596709
21-Apr-15,728.50,737.50,727.00,733.00,602011
20-Apr-15,719.00,725.00,714.50,724.50,489542
17-Apr-15,721.50,724.00,712.00,715.03,448932
16-Apr-15,723.00,723.66,711.00,722.00,567050
15-Apr-15,728.00,728.00,715.30,720.68,531201
14-Apr-15,729.50,729.50,719.00,723.50,523494
13-Apr-15,730.00,730.00,722.04,727.10,254387
10-Apr-15,729.00,730.00,722.50,726.69,452543
9-Apr-15,725.00,728.50,720.50,726.50,371665
8-Apr-15,721.00,726.00,717.50,722.00,390247
7-Apr-15,727.50,727.50,719.50,720.00,403909
2-Apr-15,710.00,720.50,709.10,719.00,461581
1-Apr-15,706.00,715.00,704.50,707.00,533027
31-Mar-15,721.00,729.00,706.00,709.00,631445
30-Mar-15,718.00,727.50,717.50,722.17,457817
27-Mar-15,725.00,733.50,714.50,717.00,476642
26-Mar-15,730.50,731.64,722.50,727.50,759963
25-Mar-15,742.50,745.00,730.50,733.00,432291
24-Mar-15,746.00,753.00,741.50,745.00,354655
23-Mar-15,751.00,751.30,741.00,746.50,613059
20-Mar-15,746.50,758.50,746.50,749.00,1288080
19-Mar-15,751.00,757.00,746.00,747.50,466748
18-Mar-15,734.00,752.00,728.86,734.00,724727
17-Mar-15,738.50,738.50,727.00,731.50,671692
16-Mar-15,737.00,749.00,727.60,741.00,430719
13-Mar-15,730.00,732.50,726.00,731.50,211649
12-Mar-15,731.50,736.50,719.00,726.00,543775
11-Mar-15,716.50,730.50,711.50,719.89,408944
10-Mar-15,722.50,737.50,716.00,716.50,523874
9-Mar-15,733.00,734.00,724.00,728.50,290696
6-Mar-15,746.50,747.00,719.50,724.24,545524
5-Mar-15,738.00,746.00,735.00,740.35,403534
4-Mar-15,726.00,735.00,726.00,734.00,370511
3-Mar-15,738.00,740.50,725.50,729.50,555028
2-Mar-15,729.50,739.00,729.50,734.50,490772
27-Feb-15,728.50,732.00,724.00,731.00,364373
26-Feb-15,732.00,733.00,719.74,724.08,428739
25-Feb-15,724.50,731.00,724.50,729.50,347377
24-Feb-15,728.00,730.54,720.50,728.36,332368
23-Feb-15,718.00,726.50,717.00,726.50,392810
20-Feb-15,713.00,717.50,708.00,716.00,291306
19-Feb-15,712.50,717.00,708.00,710.50,340752
18-Feb-15,704.00,714.50,703.00,712.00,608855
17-Feb-15,708.50,709.00,690.50,698.00,450210
16-Feb-15,712.50,712.50,698.50,704.50,328686
13-Feb-15,710.00,718.50,705.50,710.00,464303
12-Feb-15,707.50,713.00,701.95,713.00,425181
11-Feb-15,701.00,708.50,701.00,706.00,397880
10-Feb-15,699.00,710.50,699.00,704.50,378682
9-Feb-15,706.00,706.00,695.50,702.00,602413
6-Feb-15,710.00,716.00,703.00,705.49,514020
5-Feb-15,716.00,720.50,704.00,710.50,525754
4-Feb-15,711.50,718.50,707.50,718.50,666340
3-Feb-15,717.00,718.50,707.00,712.90,740301
2-Feb-15,726.50,729.50,711.00,716.50,976446
30-Jan-15,731.50,736.50,720.00,725.93,850905
29-Jan-15,743.00,750.00,720.00,725.00,1160741
28-Jan-15,755.00,757.00,749.00,757.00,760359
27-Jan-15,754.00,757.50,751.00,753.00,458074
26-Jan-15,743.50,758.00,736.00,757.00,583952
23-Jan-15,746.50,757.50,745.50,748.00,642099
22-Jan-15,737.00,748.50,727.50,744.50,1039309
21-Jan-15,719.50,751.50,718.58,742.00,1466094
20-Jan-15,724.00,752.50,711.00,741.80,2218678
19-Jan-15,703.50,718.00,700.00,717.00,1012416
16-Jan-15,704.50,716.00,697.50,705.54,1259671
15-Jan-15,746.50,746.50,691.50,709.50,2165712
14-Jan-15,742.50,748.00,737.50,742.00,591962
13-Jan-15,729.00,752.00,729.00,750.50,943220
12-Jan-15,756.50,767.28,724.50,729.00,880587
9-Jan-15,737.50,769.00,735.88,760.50,1375322
8-Jan-15,720.00,740.00,720.00,739.50,446256
7-Jan-15,705.00,715.50,700.99,713.00,918221
6-Jan-15,715.50,715.50,705.50,706.50,733631
5-Jan-15,721.00,728.50,712.00,713.00,431201
31-Dec-14,716.00,721.00,714.50,719.00,80171
30-Dec-14,719.00,719.00,707.50,713.50,117508
29-Dec-14,724.50,724.50,713.50,714.50,323370
24-Dec-14,714.50,718.50,712.00,715.50,78361
23-Dec-14,708.00,716.50,703.50,714.00,296019
22-Dec-14,694.00,709.00,687.76,709.00,481081
19-Dec-14,678.50,699.00,678.50,690.50,1190902
18-Dec-14,685.50,685.50,676.50,677.00,1066883
17-Dec-14,675.50,681.50,671.05,678.00,497146
16-Dec-14,654.00,679.00,654.00,664.75,807003
15-Dec-14,657.50,661.50,654.00,654.50,619378
12-Dec-14,676.00,676.00,659.50,659.50,288536
11-Dec-14,676.00,677.50,664.50,674.00,301225
10-Dec-14,665.50,683.50,664.00,675.50,476256
9-Dec-14,669.00,670.50,660.50,660.50,490550
8-Dec-14,663.50,671.00,659.50,669.00,316157
5-Dec-14,664.00,670.50,663.50,666.50,462004
4-Dec-14,665.50,672.50,662.00,666.01,545591
3-Dec-14,675.00,675.50,662.50,665.00,877362
2-Dec-14,675.50,684.00,674.50,679.00,332704
1-Dec-14,673.00,678.00,671.50,675.50,572971
28-Nov-14,673.50,681.50,673.50,677.50,495303
27-Nov-14,668.50,681.00,668.50,677.00,361626
26-Nov-14,666.50,674.00,664.68,667.00,649113
25-Nov-14,649.50,678.50,644.82,668.50,1123105
24-Nov-14,647.00,651.00,643.00,647.50,397767
21-Nov-14,641.00,647.50,641.00,643.50,657922
20-Nov-14,622.00,642.00,619.00,641.00,533564
19-Nov-14,631.50,632.00,622.00,625.00,438682
18-Nov-14,628.00,634.50,626.50,630.00,357574
17-Nov-14,617.50,628.50,616.00,627.00,354385
14-Nov-14,628.00,631.50,619.50,622.86,603287
13-Nov-14,628.00,631.00,625.00,630.00,472349
12-Nov-14,625.50,627.00,621.00,625.00,572864
11-Nov-14,620.50,624.50,617.00,623.50,392840
10-Nov-14,616.50,617.50,610.50,616.12,320277
7-Nov-14,617.00,619.50,613.50,613.50,408558
6-Nov-14,614.00,616.50,607.00,614.50,457053
5-Nov-14,613.50,618.50,610.50,612.50,478800
4-Nov-14,604.00,616.00,601.15,610.50,860463
3-Nov-14,601.00,604.50,600.00,602.50,532431
31-Oct-14,603.50,605.50,598.00,601.00,836651
30-Oct-14,603.00,606.00,595.00,600.75,717544
29-Oct-14,595.50,606.50,594.00,604.00,494581
28-Oct-14,599.00,600.38,591.50,598.30,522688
27-Oct-14,604.00,605.00,591.00,592.50,488918
24-Oct-14,595.00,598.00,593.00,595.08,458548
23-Oct-14,602.50,603.50,591.50,594.50,833503
22-Oct-14,610.50,624.00,609.50,618.00,830491
21-Oct-14,609.00,610.50,601.00,608.50,1109837
20-Oct-14,611.50,612.10,603.50,609.50,948213
17-Oct-14,610.00,627.00,607.50,611.64,1185499
16-Oct-14,601.00,612.50,593.72,597.95,1852974
15-Oct-14,606.50,609.50,594.00,594.50,669903
14-Oct-14,596.50,606.50,589.00,606.00,443698
13-Oct-14,604.50,605.50,597.50,598.00,497463
10-Oct-14,599.00,606.50,592.32,605.00,863339
9-Oct-14,614.00,616.00,599.00,601.50,514487
8-Oct-14,604.00,612.50,599.00,611.00,611808
7-Oct-14,612.00,613.00,598.00,602.66,422924
6-Oct-14,608.00,611.00,601.00,608.00,476909
3-Oct-14,598.50,606.00,595.00,601.50,476650
2-Oct-14,595.50,601.00,586.50,595.63,623465
1-Oct-14,592.50,595.00,589.26,591.50,412603
30-Sep-14,602.00,603.50,590.00,594.50,522733
29-Sep-14,596.50,602.50,596.50,601.00,426203
26-Sep-14,597.50,600.00,591.50,598.00,309802
25-Sep-14,604.50,604.50,594.50,598.89,542994
24-Sep-14,611.50,611.50,599.50,603.87,708488
23-Sep-14,620.00,620.00,609.00,610.00,805113
22-Sep-14,615.50,624.50,612.00,619.24,540982
19-Sep-14,600.50,629.00,600.00,618.00,1654069
18-Sep-14,600.00,612.00,594.50,596.00,938390
17-Sep-14,580.00,599.00,570.00,598.00,1988323
16-Sep-14,598.00,605.50,591.50,603.50,683013
15-Sep-14,597.00,603.00,593.00,595.00,308201
12-Sep-14,593.00,602.00,590.00,599.00,337684
11-Sep-14,600.00,603.50,588.50,594.00,592264
10-Sep-14,599.50,602.50,596.00,600.50,272254
9-Sep-14,596.50,605.00,590.00,603.50,514934
8-Sep-14,598.50,600.50,595.00,598.00,534792
5-Sep-14,605.00,606.00,598.50,601.87,270543
4-Sep-14,607.00,608.00,604.00,605.50,504587
3-Sep-14,611.50,613.50,606.00,608.00,302408
2-Sep-14,608.50,610.00,604.00,608.50,300425
1-Sep-14,609.00,610.50,603.00,604.50,182050
29-Aug-14,600.00,609.50,600.00,607.00,517631
28-Aug-14,600.50,602.50,597.00,601.00,375868
27-Aug-14,601.00,608.50,600.00,600.50,464932
26-Aug-14,598.00,604.00,597.00,602.00,496915
22-Aug-14,615.00,615.00,595.50,598.00,964814
21-Aug-14,622.50,622.50,614.50,618.50,467680
20-Aug-14,635.00,635.50,620.50,622.20,558665
19-Aug-14,639.00,640.50,633.00,633.50,296887
18-Aug-14,639.00,640.26,635.50,638.00,253350
15-Aug-14,640.00,642.00,632.50,634.00,520721
14-Aug-14,628.50,638.50,628.50,638.50,481901
13-Aug-14,628.50,633.72,625.00,630.50,454252
12-Aug-14,624.00,631.00,620.50,630.00,278320
11-Aug-14,625.50,627.50,621.00,623.00,369087
8-Aug-14,614.00,629.00,613.00,625.76,584356
7-Aug-14,617.00,622.88,615.00,620.95,337443
6-Aug-14,613.00,619.50,613.00,615.92,741091
5-Aug-14,616.50,620.00,611.50,618.50,386250
4-Aug-14,626.00,627.26,614.86,617.50,434513
1-Aug-14,614.50,627.00,607.00,626.00,921840
31-Jul-14,613.50,614.00,610.00,610.00,603786
30-Jul-14,611.50,615.50,609.00,611.00,395147
29-Jul-14,599.50,614.00,599.50,611.00,386287
28-Jul-14,607.50,614.00,598.00,601.50,489978
25-Jul-14,598.00,608.00,598.00,606.00,431137
24-Jul-14,598.00,600.00,590.50,600.00,574601
23-Jul-14,619.00,620.00,595.00,596.50,1040899
22-Jul-14,591.00,629.00,587.50,617.31,1150813
21-Jul-14,580.00,581.64,571.00,575.00,507797
18-Jul-14,582.50,583.92,574.00,581.50,325697
17-Jul-14,578.50,587.00,575.50,585.50,508380
16-Jul-14,580.00,581.50,575.00,576.36,405996
15-Jul-14,579.50,581.50,575.50,579.50,388892
14-Jul-14,573.00,583.00,573.00,582.50,309561
11-Jul-14,566.50,573.00,563.00,573.00,348348
10-Jul-14,577.00,577.50,562.50,566.31,435626
9-Jul-14,580.00,581.50,570.00,575.50,423028
8-Jul-14,580.50,582.00,573.00,580.50,628386
7-Jul-14,588.50,588.50,575.50,579.50,318971
4-Jul-14,591.50,592.50,586.50,588.50,270469
3-Jul-14,590.00,596.00,587.00,590.00,386660
2-Jul-14,587.00,591.50,583.00,588.00,782583
1-Jul-14,587.00,589.20,579.00,585.00,356446
30-Jun-14,577.00,589.50,572.87,587.50,641527
27-Jun-14,576.00,577.00,569.50,575.00,388099
26-Jun-14,565.00,573.50,564.00,573.00,475280
25-Jun-14,564.50,570.50,561.24,563.50,593802
24-Jun-14,570.50,571.00,562.50,564.50,839153
23-Jun-14,570.00,574.00,565.00,567.74,787928
20-Jun-14,563.00,573.00,563.00,568.50,878682
19-Jun-14,572.00,578.00,563.50,571.17,415140
18-Jun-14,568.00,573.00,566.50,569.83,599237
17-Jun-14,575.00,576.50,565.00,566.50,433994
16-Jun-14,579.50,579.50,568.50,571.03,539696
13-Jun-14,578.00,580.50,567.50,578.00,573539
12-Jun-14,574.00,582.50,573.00,575.00,729611
11-Jun-14,585.00,585.00,572.00,574.00,585512
10-Jun-14,588.00,588.00,581.50,584.00,393126
9-Jun-14,597.50,597.50,586.00,587.00,501871
6-Jun-14,588.50,593.00,587.30,592.00,711083
5-Jun-14,595.00,595.00,586.50,588.53,569877
4-Jun-14,597.00,600.00,590.50,594.03,471444
3-Jun-14,603.00,604.20,597.50,602.04,353388
2-Jun-14,605.50,609.50,600.50,601.53,331967
30-May-14,601.00,603.50,598.50,601.53,509813
29-May-14,602.50,603.00,598.00,599.00,330546
28-May-14,593.50,603.00,593.00,601.53,574699
27-May-14,591.00,597.00,589.00,592.03,406409
23-May-14,593.00,595.50,586.50,591.53,540683
22-May-14,600.00,600.00,583.00,592.53,1114712
21-May-14,604.00,604.00,595.00,603.53,788221
20-May-14,609.00,611.00,595.65,603.53,591462
19-May-14,613.50,615.76,604.00,607.53,599319
16-May-14,616.50,621.50,611.00,612.50,594593
15-May-14,624.00,629.50,617.50,619.50,443262
14-May-14,641.00,644.50,624.50,625.50,568707
13-May-14,642.50,642.50,634.50,641.50,367691
12-May-14,639.00,642.50,637.00,639.85,355374
9-May-14,647.50,647.50,636.00,639.51,288819
8-May-14,631.50,649.50,631.50,646.50,500657
7-May-14,630.00,636.50,624.00,636.00,713471
6-May-14,627.00,633.00,622.00,633.00,472560
2-May-14,637.00,642.00,628.00,630.00,517710
1-May-14,640.00,642.50,637.59,640.00,141953
30-Apr-14,633.50,638.50,631.50,636.00,309407
29-Apr-14,629.00,638.00,629.00,635.50,381280
28-Apr-14,629.00,638.50,626.00,631.50,249661
25-Apr-14,626.00,632.50,624.50,629.47,317901
24-Apr-14,623.00,627.50,619.50,626.50,302527
23-Apr-14,628.50,628.50,616.65,620.50,228347
22-Apr-14,626.50,631.50,622.00,625.50,228567
17-Apr-14,615.00,629.00,615.00,621.00,261237
16-Apr-14,617.50,622.00,611.00,615.50,363765
15-Apr-14,614.00,619.50,607.00,615.50,371658
14-Apr-14,621.50,625.13,608.50,612.00,448778
11-Apr-14,632.50,641.00,622.00,625.94,501386
10-Apr-14,645.00,648.00,638.00,639.44,520503
9-Apr-14,633.50,643.00,631.50,641.00,331185
8-Apr-14,635.50,638.00,627.50,630.50,507072
7-Apr-14,635.00,645.50,634.35,637.00,448329
4-Apr-14,635.00,643.50,635.00,640.50,279644
3-Apr-14,637.00,643.50,637.00,640.00,247476
2-Apr-14,635.50,640.00,633.00,638.00,374084
1-Apr-14,626.50,638.00,626.50,636.50,374473
31-Mar-14,629.00,636.96,624.50,627.50,696501
28-Mar-14,634.50,637.50,627.50,629.50,336536
27-Mar-14,645.50,645.50,632.50,635.50,346235
26-Mar-14,637.00,648.26,637.00,644.00,681635
25-Mar-14,638.00,640.50,630.00,637.50,511287
24-Mar-14,639.00,639.00,624.73,636.00,476015
21-Mar-14,639.50,641.24,635.00,635.00,692912
20-Mar-14,637.50,641.00,632.00,640.00,470345
19-Mar-14,633.50,640.00,629.50,639.50,551709
18-Mar-14,636.00,654.50,628.50,631.50,612728
17-Mar-14,620.50,630.50,619.35,630.00,387783
14-Mar-14,614.50,618.50,613.00,618.00,271800
13-Mar-14,625.00,625.00,615.00,619.00,465588
12-Mar-14,617.00,624.50,615.50,621.00,486242
11-Mar-14,614.50,618.50,612.00,617.00,333495
10-Mar-14,614.50,616.00,610.00,613.00,479772
7-Mar-14,618.00,625.00,613.00,615.00,482962
6-Mar-14,621.50,626.00,618.50,621.50,373153
5-Mar-14,625.00,625.00,612.00,618.50,583404
4-Mar-14,622.00,627.50,615.50,624.50,619748
3-Mar-14,625.00,625.50,615.00,618.50,634910
28-Feb-14,633.00,633.50,623.50,633.00,575607
27-Feb-14,634.50,635.50,624.00,630.56,550335
26-Feb-14,650.50,651.00,634.00,635.00,556956
25-Feb-14,649.00,653.50,644.00,652.50,773676
24-Feb-14,650.50,652.50,644.00,651.00,375477
21-Feb-14,651.00,656.00,647.00,649.16,320782
20-Feb-14,645.50,651.00,641.50,650.00,314034
19-Feb-14,645.50,656.00,645.50,651.50,448543
18-Feb-14,635.00,651.00,635.00,647.00,571356
17-Feb-14,626.50,636.00,623.00,636.00,316669
14-Feb-14,621.00,625.00,620.50,623.00,418426
13-Feb-14,619.50,622.00,617.00,622.00,406043
12-Feb-14,620.00,621.50,615.50,621.50,694319
11-Feb-14,605.50,623.50,605.50,621.00,415777
10-Feb-14,617.50,619.00,611.00,616.50,260281
7-Feb-14,620.50,620.50,615.50,617.50,380848
6-Feb-14,619.50,622.00,607.00,618.00,808549
5-Feb-14,616.50,626.50,614.00,615.00,444260
4-Feb-14,617.50,621.50,610.00,619.00,473522
3-Feb-14,627.00,630.00,617.00,617.50,449861
31-Jan-14,633.50,633.50,618.50,626.50,678972
30-Jan-14,625.50,626.00,619.50,624.50,454039
29-Jan-14,626.00,627.50,620.50,624.00,607016
28-Jan-14,618.50,624.50,616.50,622.00,510251
27-Jan-14,614.50,622.50,610.00,618.00,751123
24-Jan-14,618.50,622.00,615.00,621.50,706115
23-Jan-14,616.00,625.00,616.00,621.00,424815
22-Jan-14,629.50,630.00,622.00,625.00,345530
21-Jan-14,631.50,636.50,628.50,630.50,330958
20-Jan-14,633.00,639.00,629.00,632.50,378352
17-Jan-14,626.50,635.00,626.00,633.50,403296
16-Jan-14,630.50,631.00,622.50,629.00,510478
15-Jan-14,637.50,637.50,626.00,629.50,436521
14-Jan-14,625.00,639.00,615.00,634.00,805638
13-Jan-14,633.00,633.00,619.00,627.00,305390
10-Jan-14,622.00,631.00,619.50,630.00,444897
9-Jan-14,621.00,624.00,617.50,621.50,296145
8-Jan-14,619.50,623.00,616.50,618.50,197267
7-Jan-14,622.50,624.50,617.00,621.50,230794
6-Jan-14,618.50,625.50,618.00,624.00,275337
3-Jan-14,623.50,630.00,620.00,622.50,429146
2-Jan-14,615.00,622.50,608.50,622.00,394044
31-Dec-13,614.50,616.00,608.50,616.00,104612
30-Dec-13,614.50,616.50,610.50,615.50,279821
27-Dec-13,611.50,615.00,608.00,614.50,309048
24-Dec-13,615.50,615.50,606.50,608.00,80969
23-Dec-13,605.50,616.50,602.00,616.50,355804
20-Dec-13,589.00,602.50,589.00,602.50,972673
19-Dec-13,576.50,589.50,576.50,588.50,397623
18-Dec-13,576.00,586.00,575.50,575.50,455573
17-Dec-13,579.50,583.50,575.00,580.00,886262
16-Dec-13,559.50,578.50,559.50,578.00,272697
13-Dec-13,566.00,568.00,557.00,560.50,347138
12-Dec-13,572.00,572.50,565.50,566.50,219202
11-Dec-13,568.00,576.00,568.00,572.50,296042
10-Dec-13,574.50,577.00,570.00,573.00,217125
9-Dec-13,574.00,575.00,569.50,573.50,346621
6-Dec-13,579.50,579.50,567.00,571.50,484859
5-Dec-13,566.00,582.50,565.00,575.50,542205
4-Dec-13,575.00,578.00,568.50,570.00,407493
3-Dec-13,583.50,586.50,573.50,575.00,626272
2-Dec-13,581.50,596.50,581.50,583.50,422055
29-Nov-13,584.00,587.50,583.00,585.00,714949
28-Nov-13,599.00,599.00,581.00,584.00,918848
27-Nov-13,601.50,609.00,599.00,608.00,617919
26-Nov-13,600.00,601.50,597.50,600.09,454343
25-Nov-13,601.00,601.50,598.00,600.00,383394
22-Nov-13,592.50,597.50,588.50,595.00,350634
21-Nov-13,593.50,601.50,589.50,593.00,464748
20-Nov-13,600.50,601.50,589.50,593.50,613567
19-Nov-13,608.00,608.50,591.00,599.50,1000920
18-Nov-13,622.00,626.00,614.50,614.50,835326
15-Nov-13,612.50,622.50,612.50,621.50,411333
14-Nov-13,629.50,632.00,612.50,613.50,683561
13-Nov-13,626.00,629.00,622.00,624.00,484237
12-Nov-13,627.50,627.50,620.50,626.50,277010
11-Nov-13,616.00,626.50,613.50,626.00,465072
8-Nov-13,613.50,615.00,604.50,611.00,536009
7-Nov-13,609.00,619.50,602.50,615.00,575111
6-Nov-13,607.50,619.50,607.50,611.00,378058
5-Nov-13,609.50,609.50,600.50,607.00,327233
4-Nov-13,610.00,615.50,606.50,607.50,226382
1-Nov-13,615.50,616.00,604.00,607.50,526765
31-Oct-13,610.00,615.00,608.00,613.50,407529
30-Oct-13,623.50,623.50,612.50,613.00,408019
29-Oct-13,617.00,618.00,610.00,616.50,413092
28-Oct-13,621.50,624.00,616.00,616.00,310846
25-Oct-13,612.50,619.00,611.00,619.00,490347
24-Oct-13,625.00,625.00,615.00,615.00,577629
23-Oct-13,616.00,624.00,613.00,622.50,445957
22-Oct-13,605.00,617.50,600.50,617.50,371609
21-Oct-13,610.50,612.00,602.50,605.50,400227
18-Oct-13,606.00,612.00,602.50,609.00,484749
17-Oct-13,610.00,611.00,602.00,605.00,617017
16-Oct-13,604.00,614.00,601.50,610.50,382554
15-Oct-13,595.00,604.50,592.00,604.50,438102
14-Oct-13,583.50,590.00,582.50,590.00,173556
11-Oct-13,587.50,588.50,584.00,584.00,294252
10-Oct-13,573.00,592.00,572.00,585.50,393752
9-Oct-13,570.00,572.50,569.00,571.50,407119
8-Oct-13,567.00,573.50,566.50,571.00,272073
7-Oct-13,568.50,572.50,566.00,569.26,320504
4-Oct-13,575.50,577.00,570.50,571.00,433109
3-Oct-13,570.00,576.00,569.00,574.00,252603
2-Oct-13,579.50,579.50,570.00,574.06,307151
1-Oct-13,578.00,583.00,577.50,580.00,476170
30-Sep-13,573.00,579.00,572.50,579.00,385571
27-Sep-13,584.50,585.00,570.00,578.50,321114
26-Sep-13,587.00,587.00,580.00,582.50,306512
25-Sep-13,588.50,592.50,583.00,584.50,300461
24-Sep-13,587.50,594.50,585.00,591.00,393512
20-Sep-13,585.50,590.50,581.50,588.00,805682
19-Sep-13,593.00,600.50,583.00,583.00,977037
18-Sep-13,589.50,597.50,583.00,588.50,562250
17-Sep-13,603.50,606.00,589.50,604.50,1054756
16-Sep-13,596.00,597.50,592.00,594.50,339550
13-Sep-13,591.00,593.50,586.50,591.00,240150
12-Sep-13,598.00,598.00,587.00,591.50,400809
11-Sep-13,589.50,593.00,586.00,592.00,386647
10-Sep-13,588.00,595.00,586.50,589.00,359880
9-Sep-13,590.50,590.50,584.00,586.50,294606
6-Sep-13,580.00,590.50,574.50,590.00,401306
5-Sep-13,577.50,583.50,577.50,580.50,954944
4-Sep-13,573.00,580.50,566.50,577.00,447027
3-Sep-13,572.50,578.50,569.50,572.50,480160
2-Sep-13,568.50,574.50,567.50,572.00,372481
30-Aug-13,568.50,571.50,560.50,565.69,573770
29-Aug-13,559.50,570.50,559.50,568.00,595209
28-Aug-13,555.00,566.50,551.50,559.00,675542
27-Aug-13,563.00,566.00,551.50,555.00,261401
23-Aug-13,554.50,570.50,554.00,563.50,295236
22-Aug-13,553.00,566.00,553.00,555.00,381649
21-Aug-13,560.50,560.50,549.00,553.50,330366
20-Aug-13,565.50,568.00,555.00,561.50,259768
19-Aug-13,561.00,567.00,558.50,562.78,408125
16-Aug-13,547.50,561.00,545.50,560.50,558795
15-Aug-13,564.00,573.00,548.00,548.00,420545
14-Aug-13,572.00,573.50,566.00,568.82,393050
13-Aug-13,578.00,582.50,571.50,572.50,288332
12-Aug-13,588.00,588.00,577.50,578.50,223452
9-Aug-13,587.50,598.50,586.00,587.50,304219
8-Aug-13,584.00,594.00,584.00,587.00,323300
7-Aug-13,595.50,596.00,583.50,583.50,413848
6-Aug-13,598.00,607.50,592.00,596.00,553221
5-Aug-13,592.50,605.00,592.50,598.50,411931
2-Aug-13,591.00,597.50,587.50,592.00,415495
1-Aug-13,577.00,593.50,577.00,584.95,668882
31-Jul-13,577.50,580.50,572.50,577.50,670057
30-Jul-13,578.50,580.00,575.50,578.00,346122
29-Jul-13,577.50,579.00,573.00,578.00,314403
26-Jul-13,580.50,587.50,574.00,577.28,596595
25-Jul-13,566.50,580.00,564.50,572.60,544927
24-Jul-13,583.50,587.00,561.00,579.19,1128128
23-Jul-13,604.00,604.00,562.50,582.00,958955
22-Jul-13,592.50,603.00,589.50,597.81,624840
19-Jul-13,593.50,597.00,591.00,593.52,338266
18-Jul-13,603.00,604.00,592.00,594.07,610851
17-Jul-13,602.50,606.00,592.50,602.41,381717
16-Jul-13,613.00,614.00,599.41,602.00,426004
15-Jul-13,603.50,615.00,603.50,613.50,360132
12-Jul-13,605.00,606.50,594.50,603.00,461881
11-Jul-13,607.00,609.00,602.50,608.00,306657
10-Jul-13,605.50,605.73,590.50,601.00,360260
9-Jul-13,597.00,609.50,597.00,605.00,681330
8-Jul-13,589.50,601.50,588.50,596.50,388285
5-Jul-13,595.50,600.50,586.50,589.00,440970
4-Jul-13,584.50,596.50,582.00,595.00,495752
3-Jul-13,575.00,585.00,569.00,584.00,523226
2-Jul-13,589.00,589.00,577.50,578.00,851611
1-Jul-13,580.50,593.50,577.00,588.50,427467
28-Jun-13,578.00,583.73,573.50,580.00,482026
27-Jun-13,581.00,581.00,561.50,573.51,785414
26-Jun-13,573.50,583.00,568.50,580.53,796499
25-Jun-13,559.00,570.50,557.00,567.58,826018
24-Jun-13,562.00,566.00,552.50,555.00,815403
21-Jun-13,559.50,575.00,555.00,563.77,1064840
20-Jun-13,570.00,570.00,553.50,558.00,672516
19-Jun-13,575.00,578.00,566.00,575.50,607558
18-Jun-13,567.50,578.50,567.50,573.91,617303
17-Jun-13,568.00,576.00,567.00,569.41,562835
14-Jun-13,574.50,575.00,564.50,566.00,590712
13-Jun-13,569.50,573.50,566.50,569.58,674065
12-Jun-13,578.50,587.50,572.82,575.50,917020
11-Jun-13,605.00,605.50,558.22,600.94,1625467
10-Jun-13,588.50,593.50,584.00,590.00,600666
7-Jun-13,585.00,587.50,575.00,585.00,798357
6-Jun-13,591.50,599.00,583.00,583.00,581455
5-Jun-13,595.00,601.50,584.50,586.50,1139680
4-Jun-13,581.50,605.00,581.50,599.10,1150659
3-Jun-13,575.00,592.00,571.50,581.00,922636
31-May-13,577.50,585.50,569.86,579.17,1014827
30-May-13,563.00,578.00,561.00,577.00,784317
29-May-13,570.00,574.00,561.50,565.00,444099
28-May-13,575.50,577.00,572.50,574.50,774282
24-May-13,575.50,580.00,569.00,571.45,423863
23-May-13,580.00,580.00,569.37,576.50,426766
22-May-13,591.00,591.50,581.00,589.00,620119
21-May-13,586.00,593.00,584.50,589.82,423614
20-May-13,585.00,588.00,581.00,586.33,536822
17-May-13,571.00,582.00,571.00,580.96,650666
16-May-13,564.00,580.00,563.00,572.00,766416
15-May-13,552.50,562.50,550.00,555.11,1064387
14-May-13,548.00,552.00,545.00,551.10,354121
13-May-13,550.00,552.00,545.50,547.50,314083
10-May-13,549.50,554.00,544.50,549.00,469925
9-May-13,545.00,556.00,542.50,549.50,737407
8-May-13,536.00,547.50,535.50,543.50,732477
7-May-13,546.50,548.00,531.50,537.00,708206
3-May-13,541.00,547.50,537.50,541.50,379763
2-May-13,541.00,542.50,534.00,540.00,472285
1-May-13,542.00,542.50,535.00,540.50,227318
30-Apr-13,547.50,550.50,536.50,538.50,717223
29-Apr-13,547.50,552.00,541.00,546.00,344138
26-Apr-13,544.50,547.00,539.00,546.50,400004
25-Apr-13,546.00,549.00,542.50,545.50,391029
24-Apr-13,549.50,553.00,547.00,548.00,614681
23-Apr-13,535.00,551.00,534.50,549.50,508672
22-Apr-13,540.00,542.50,529.50,533.50,613095
19-Apr-13,536.00,538.00,532.50,537.00,523477
18-Apr-13,530.00,536.00,526.00,532.00,455232
17-Apr-13,538.50,540.00,526.00,528.00,350872
16-Apr-13,535.00,539.00,531.00,535.00,348053
15-Apr-13,540.00,540.00,528.86,538.00,382110
12-Apr-13,543.50,546.00,538.50,540.00,519629
11-Apr-13,533.00,544.00,533.00,542.50,675234
10-Apr-13,532.00,542.50,532.00,536.00,881009
9-Apr-13,535.00,538.00,531.50,535.00,674495
8-Apr-13,523.50,531.50,523.50,531.50,530588
5-Apr-13,532.50,534.50,520.00,522.00,545341
4-Apr-13,537.50,542.00,530.00,531.50,445929
3-Apr-13,538.50,542.50,537.00,537.50,680148
2-Apr-13,533.50,545.00,531.75,541.00,979242
28-Mar-13,531.50,541.00,531.50,534.00,1293402
27-Mar-13,537.00,539.00,528.00,532.00,989141
26-Mar-13,535.00,542.00,533.50,539.00,1161345
25-Mar-13,543.50,545.00,535.00,538.50,845795
22-Mar-13,542.00,547.50,535.50,540.00,707744
21-Mar-13,548.50,551.00,542.00,545.00,519672
20-Mar-13,559.00,559.00,548.50,550.00,449622
19-Mar-13,560.00,564.00,552.50,558.00,502812
18-Mar-13,554.00,563.00,554.00,560.00,640771
15-Mar-13,560.50,572.00,559.50,562.00,948773
14-Mar-13,556.00,562.50,555.00,558.00,1151539
13-Mar-13,557.50,559.00,552.50,555.00,740087
12-Mar-13,545.00,572.00,542.00,561.50,2246563
11-Mar-13,513.50,524.50,510.00,522.00,695194
8-Mar-13,515.50,519.00,509.00,517.00,427015
7-Mar-13,509.00,514.50,509.00,512.00,449779
6-Mar-13,514.00,514.50,507.78,508.00,607989
5-Mar-13,499.50,515.50,498.82,512.50,906269
4-Mar-13,495.00,496.70,491.00,495.80,384882
1-Mar-13,492.90,497.80,491.70,497.00,575380
28-Feb-13,493.00,496.50,489.00,493.04,586919
27-Feb-13,493.20,494.40,487.80,492.80,542349
26-Feb-13,488.60,497.00,487.60,493.00,805628
25-Feb-13,494.10,501.00,493.50,495.50,871069
22-Feb-13,483.60,497.50,483.60,493.80,737955
21-Feb-13,488.90,489.86,478.28,483.30,547556
20-Feb-13,485.60,496.10,485.60,491.40,939192
19-Feb-13,478.70,489.90,478.50,486.30,968220
18-Feb-13,487.70,489.85,475.90,476.60,700536
15-Feb-13,503.00,505.00,488.10,488.10,766497
14-Feb-13,501.00,504.00,496.00,499.40,412048
13-Feb-13,498.80,503.50,495.00,502.00,536695
12-Feb-13,491.40,499.08,488.80,497.25,708839
11-Feb-13,490.50,493.80,488.40,491.90,514598
8-Feb-13,489.80,493.10,485.00,489.80,873728
7-Feb-13,497.20,497.20,487.50,487.50,1500459
6-Feb-13,469.40,505.50,465.60,485.92,2201800
5-Feb-13,454.10,469.00,454.10,466.75,933814
4-Feb-13,456.40,460.60,452.90,455.10,1300722
1-Feb-13,445.30,458.00,445.30,457.00,1015158
31-Jan-13,456.70,459.00,441.60,447.01,1127831
30-Jan-13,465.80,468.00,455.30,456.50,702253
29-Jan-13,460.30,464.00,457.50,462.10,714395
28-Jan-13,462.10,463.10,459.10,460.10,661663
25-Jan-13,457.60,462.80,455.20,461.80,546886
24-Jan-13,457.90,462.40,453.60,457.50,965638
23-Jan-13,462.90,465.60,455.60,458.90,1033895
22-Jan-13,471.10,471.10,463.50,467.40,1025007
21-Jan-13,463.80,469.80,463.80,469.40,453345
18-Jan-13,464.40,469.60,462.30,466.10,677268
17-Jan-13,461.80,465.00,455.50,459.17,1150802
16-Jan-13,462.10,465.80,460.00,462.64,1098291
15-Jan-13,461.00,463.40,443.00,456.47,1903148
14-Jan-13,469.80,469.82,465.30,467.80,460719
11-Jan-13,469.50,470.00,466.90,467.50,989062
10-Jan-13,475.20,476.40,467.00,467.00,1000914
9-Jan-13,474.60,479.80,474.60,476.00,776545
8-Jan-13,475.10,478.90,473.60,473.60,675511
7-Jan-13,472.40,476.90,470.85,476.00,1231357
4-Jan-13,469.40,471.70,467.10,471.50,902578
3-Jan-13,456.70,471.30,454.70,470.20,636052
2-Jan-13,455.00,460.30,453.00,458.00,529086
31-Dec-12,448.80,454.22,446.10,450.00,141665
28-Dec-12,449.80,453.90,449.00,451.10,308569
27-Dec-12,446.70,454.10,445.40,450.20,347697
24-Dec-12,448.70,452.46,447.20,450.00,35973
21-Dec-12,451.70,451.90,446.00,449.30,631521
20-Dec-12,451.10,453.60,450.50,453.60,536557
19-Dec-12,451.00,453.40,449.40,451.90,569621
18-Dec-12,450.40,452.40,445.40,450.70,639720
17-Dec-12,443.00,450.70,443.00,450.00,605053
14-Dec-12,436.40,443.90,435.90,443.00,609908
13-Dec-12,438.00,440.10,433.10,435.73,603617
12-Dec-12,428.00,440.00,426.10,439.60,1195440
11-Dec-12,420.00,428.50,420.00,427.20,3009389
10-Dec-12,430.10,436.80,428.50,436.80,348521
7-Dec-12,430.90,431.68,426.40,431.00,457885
6-Dec-12,430.20,435.20,428.40,431.00,453181
5-Dec-12,433.70,436.30,431.20,433.00,357631
4-Dec-12,423.80,434.10,423.80,432.60,1090187
3-Dec-12,426.00,-,422.40,422.40,538892
30-Nov-12,421.70,425.30,421.30,423.61,600197
29-Nov-12,417.70,423.50,417.52,422.00,552516
28-Nov-12,416.70,417.80,415.40,416.90,307891
27-Nov-12,419.10,420.23,413.80,417.00,550520
26-Nov-12,418.90,420.30,415.40,417.70,323773
23-Nov-12,418.90,421.20,418.10,420.00,288708
22-Nov-12,418.30,420.50,417.70,419.20,295882
21-Nov-12,423.60,424.90,415.90,416.80,328665
20-Nov-12,422.40,425.10,420.40,423.46,379052
19-Nov-12,419.70,422.90,418.00,421.13,306420
16-Nov-12,420.20,420.20,416.40,417.20,532929
15-Nov-12,426.20,426.20,418.48,419.70,840565
14-Nov-12,437.20,440.60,425.20,426.90,998955
13-Nov-12,440.10,441.90,437.90,441.60,398186
12-Nov-12,440.20,442.10,436.40,441.00,234895
9-Nov-12,440.40,444.80,437.80,439.50,412129
8-Nov-12,439.90,442.10,423.95,441.40,424275
7-Nov-12,448.00,449.40,438.90,438.90,688281
6-Nov-12,447.00,451.50,443.30,446.20,797035
5-Nov-12,447.60,448.50,444.60,447.00,319402
2-Nov-12,445.00,448.40,442.43,448.30,695057
1-Nov-12,436.20,445.04,435.70,445.00,1614149
31-Oct-12,437.20,438.70,432.50,435.50,581436
30-Oct-12,437.10,440.00,434.60,437.60,281855
29-Oct-12,442.20,442.61,436.20,438.90,646984
26-Oct-12,440.70,444.10,438.30,443.00,489536
25-Oct-12,437.70,448.40,437.70,442.30,772462
24-Oct-12,440.70,441.10,436.70,439.40,920559
23-Oct-12,449.60,450.50,441.30,442.90,802160
22-Oct-12,452.60,453.90,449.60,450.10,414722
19-Oct-12,452.60,455.20,445.80,453.00,471453
18-Oct-12,459.70,459.70,453.00,453.70,259467
17-Oct-12,461.70,461.70,454.60,457.80,346284
16-Oct-12,456.30,459.90,455.00,459.10,470256
15-Oct-12,453.10,457.00,450.00,452.65,650168
12-Oct-12,449.30,458.20,446.70,452.70,416749
11-Oct-12,446.60,452.80,446.60,449.50,488328
10-Oct-12,450.70,453.10,446.80,447.60,514162
9-Oct-12,454.60,455.50,448.40,450.20,347562
8-Oct-12,450.30,453.80,448.80,453.80,302216
5-Oct-12,450.10,454.20,446.10,452.10,555543
4-Oct-12,449.90,451.00,445.90,448.50,430616
3-Oct-12,448.30,450.70,446.50,449.40,273040
2-Oct-12,450.70,455.30,446.80,448.90,368662
1-Oct-12,447.60,452.60,445.90,449.30,518109
28-Sep-12,450.00,450.40,444.00,446.00,691807
27-Sep-12,448.00,450.40,444.90,448.50,565511
26-Sep-12,444.70,447.22,442.00,446.01,848998
25-Sep-12,451.40,452.50,444.80,447.50,691058
24-Sep-12,450.50,453.80,445.90,451.50,521591
21-Sep-12,453.70,455.70,450.50,452.20,938360
20-Sep-12,456.80,460.60,448.90,450.50,535791
19-Sep-12,457.60,457.60,444.50,449.50,894958
18-Sep-12,463.52,473.70,461.00,469.20,814212
17-Sep-12,470.11,471.30,465.60,467.33,577169
14-Sep-12,474.70,480.00,472.30,472.70,667751
13-Sep-12,457.80,475.00,453.00,468.30,994543
12-Sep-12,469.00,469.10,453.80,460.00,1329254
11-Sep-12,441.50,468.70,440.80,465.25,1887904
10-Sep-12,432.50,440.60,431.10,433.40,672818
7-Sep-12,437.60,439.43,428.90,434.60,696888
6-Sep-12,432.80,438.60,431.00,436.40,708393
5-Sep-12,428.90,429.70,424.20,428.50,384711
4-Sep-12,432.40,437.80,428.40,428.40,681565
3-Sep-12,428.00,438.80,428.00,430.70,503746
31-Aug-12,428.00,436.90,427.70,430.50,942514
30-Aug-12,423.70,430.00,423.69,428.70,500147
29-Aug-12,425.60,426.40,420.60,424.90,403885
28-Aug-12,428.30,429.10,424.50,424.50,488459
24-Aug-12,433.10,433.10,424.70,427.00,396208
23-Aug-12,432.80,438.11,429.70,431.20,420014
22-Aug-12,438.60,439.70,430.80,431.60,617535
21-Aug-12,442.60,445.80,438.50,441.64,522018
20-Aug-12,449.60,451.60,437.50,443.18,788989
17-Aug-12,455.00,455.00,447.30,449.75,556365
16-Aug-12,458.80,458.80,451.70,453.50,512809
15-Aug-12,458.30,461.30,456.61,456.61,401410
14-Aug-12,457.80,465.00,457.50,459.90,268780
13-Aug-12,458.30,459.10,454.50,456.00,199223
10-Aug-12,460.10,460.80,455.40,459.60,281049
9-Aug-12,458.20,466.80,453.00,461.30,1043794
8-Aug-12,455.00,457.40,450.40,456.20,276902
7-Aug-12,458.60,459.50,450.20,455.40,321928
6-Aug-12,457.10,462.50,455.30,458.60,622399
3-Aug-12,454.20,459.90,452.30,457.20,443381
2-Aug-12,450.70,458.30,449.20,454.10,663826
1-Aug-12,448.20,451.30,446.50,450.50,323727
31-Jul-12,458.30,458.30,448.70,448.70,388692
30-Jul-12,460.10,460.40,456.90,458.00,459655
27-Jul-12,458.60,458.60,451.90,457.40,686642
26-Jul-12,447.20,457.31,443.90,452.39,694786
25-Jul-12,440.30,448.20,439.60,446.80,452852
24-Jul-12,444.30,449.90,438.20,441.50,643278
23-Jul-12,445.00,449.70,437.90,441.20,863067
20-Jul-12,456.10,456.50,449.40,454.10,781757
19-Jul-12,458.40,459.90,456.90,458.43,1215895
18-Jul-12,453.90,457.80,445.70,456.50,754817
17-Jul-12,461.10,463.50,445.20,451.27,934371
16-Jul-12,469.40,469.40,458.60,462.50,613139
13-Jul-12,461.00,464.00,459.10,462.70,633782
12-Jul-12,464.50,464.50,457.80,459.50,948658
11-Jul-12,472.20,472.20,462.90,465.00,1370432
10-Jul-12,477.30,478.80,473.00,473.30,628538
9-Jul-12,475.80,478.00,473.80,476.00,524073
6-Jul-12,480.20,480.20,474.40,476.40,352004
5-Jul-12,482.30,482.30,476.00,478.00,448928
4-Jul-12,485.80,485.80,478.50,479.60,563973
3-Jul-12,480.00,483.20,478.40,479.90,605266
2-Jul-12,480.90,484.20,477.10,478.70,631271
29-Jun-12,485.00,485.00,475.70,478.31,906511
28-Jun-12,478.00,478.25,469.20,472.01,651874
27-Jun-12,475.90,479.90,474.70,477.00,522553
26-Jun-12,478.00,481.00,468.20,474.20,754222
25-Jun-12,481.10,482.40,475.80,477.30,507212
22-Jun-12,479.70,482.00,474.39,482.00,539364
21-Jun-12,486.00,488.00,481.50,484.00,856403
20-Jun-12,476.40,488.00,474.70,486.20,626598
19-Jun-12,475.90,477.20,469.60,474.80,989091
18-Jun-12,480.40,481.10,471.70,474.10,944029
15-Jun-12,474.00,483.80,470.22,472.69,1564613
14-Jun-12,460.00,474.90,457.20,474.90,1014318
13-Jun-12,461.20,466.00,456.70,466.00,1197429
12-Jun-12,446.10,459.50,446.10,458.20,991215
11-Jun-12,453.00,453.70,441.40,447.60,665209
8-Jun-12,445.30,449.50,441.20,445.20,629997
7-Jun-12,440.40,452.40,436.40,450.40,635666
6-Jun-12,432.90,443.70,430.90,440.40,568806
1-Jun-12,431.00,435.20,425.20,429.70,450527
31-May-12,431.80,434.20,426.90,433.10,753030
30-May-12,435.80,437.10,427.80,429.20,508552
29-May-12,433.00,437.60,428.30,437.30,395826
28-May-12,430.50,435.10,427.60,429.00,319029
25-May-12,433.90,437.10,425.90,431.00,476043
24-May-12,425.00,434.70,421.80,433.66,775134
23-May-12,421.00,423.60,416.90,421.70,748777
22-May-12,427.50,429.40,421.30,425.00,997837
21-May-12,425.80,428.00,421.90,423.80,410343
18-May-12,434.30,436.10,425.30,425.30,508275
17-May-12,444.40,447.90,435.40,435.40,585188
16-May-12,443.70,447.50,437.28,442.00,724965
15-May-12,451.10,451.90,443.90,446.00,478512
14-May-12,454.60,454.60,444.30,447.80,382822
11-May-12,449.30,456.50,449.30,455.50,390796
10-May-12,445.80,450.30,443.10,450.30,586146
9-May-12,447.40,449.80,440.40,442.70,686966
8-May-12,455.80,456.70,445.00,445.00,535095
4-May-12,467.30,467.40,454.30,455.00,431453
3-May-12,467.30,470.00,464.80,468.20,363832
2-May-12,474.70,476.10,464.70,466.00,617413
1-May-12,460.50,471.30,459.90,470.00,282523
30-Apr-12,465.60,469.50,459.20,463.00,552846
27-Apr-12,457.90,465.90,455.10,464.00,440748
26-Apr-12,459.70,462.70,455.50,459.90,415349
25-Apr-12,461.80,465.70,454.40,460.10,904204
24-Apr-12,468.90,469.90,459.60,460.00,527725
23-Apr-12,465.50,470.33,458.90,468.40,718137
20-Apr-12,465.30,472.10,458.70,467.70,633206
19-Apr-12,460.70,467.10,458.60,465.40,521816
18-Apr-12,458.00,461.50,454.60,460.80,558694
17-Apr-12,454.30,461.30,454.30,457.10,879122
16-Apr-12,456.00,459.50,453.40,453.90,591146
13-Apr-12,456.00,462.90,455.50,459.74,722559
12-Apr-12,453.60,458.10,448.30,453.74,740188
11-Apr-12,443.30,453.90,442.40,453.90,723736
10-Apr-12,445.50,450.30,442.60,442.60,648561
5-Apr-12,449.00,451.30,445.60,450.30,757681
4-Apr-12,451.00,451.00,446.00,447.40,994190
3-Apr-12,460.10,464.00,451.90,453.00,881132
2-Apr-12,450.20,460.40,450.20,460.40,865933
30-Mar-12,442.00,451.70,438.70,450.00,948836
29-Mar-12,441.00,447.10,439.70,440.40,797139
28-Mar-12,450.60,453.80,441.90,442.50,737486
27-Mar-12,456.00,458.90,448.77,451.00,554685
26-Mar-12,448.60,457.60,448.10,456.20,525690
23-Mar-12,450.40,455.30,445.50,448.40,378026
22-Mar-12,449.50,453.20,448.90,450.90,946527
21-Mar-12,449.60,451.40,446.80,450.40,716413
20-Mar-12,450.00,452.40,448.70,450.00,1000923
19-Mar-12,457.00,459.70,449.80,449.80,836177
16-Mar-12,450.00,458.60,449.80,458.60,1503473
15-Mar-12,455.90,456.50,448.90,450.00,939661
14-Mar-12,459.60,461.50,452.40,455.00,1216474
13-Mar-12,462.00,465.40,449.70,459.83,2231886
12-Mar-12,462.50,468.20,462.50,466.40,774708
9-Mar-12,459.80,471.70,459.10,464.50,764888
8-Mar-12,457.00,467.00,456.90,459.10,1302225
7-Mar-12,447.40,457.40,447.40,456.70,621956
6-Mar-12,449.90,453.30,445.20,448.00,1500908
5-Mar-12,449.10,453.60,448.00,451.20,586542
2-Mar-12,455.90,457.40,447.40,451.50,702557
1-Mar-12,442.20,456.90,435.80,456.70,1037644
29-Feb-12,462.20,462.20,437.90,442.24,1592326
28-Feb-12,469.20,471.70,461.20,463.10,566761
27-Feb-12,476.10,476.10,466.00,467.00,466877
24-Feb-12,475.80,479.20,474.10,476.50,523492
23-Feb-12,474.50,478.30,470.00,476.10,396238
22-Feb-12,478.00,483.00,472.70,474.50,495460
21-Feb-12,477.00,481.70,473.90,479.80,509366
20-Feb-12,482.00,487.40,474.50,477.20,495106
17-Feb-12,481.00,485.00,475.60,481.10,733679
16-Feb-12,471.20,481.90,468.70,480.00,649474
15-Feb-12,470.50,482.60,470.50,475.90,692393
14-Feb-12,475.20,480.30,466.60,470.00,663467
13-Feb-12,478.40,478.40,471.70,476.70,382663
10-Feb-12,471.70,478.00,468.10,476.41,793034
9-Feb-12,467.60,474.00,464.59,471.80,1606524
8-Feb-12,492.00,494.70,475.80,476.50,996922
7-Feb-12,503.00,505.00,488.40,492.50,705818
6-Feb-12,493.10,500.50,487.90,500.50,486917
3-Feb-12,487.40,494.70,483.10,494.70,602650
2-Feb-12,478.40,490.20,477.10,489.10,784317
1-Feb-12,471.80,480.40,467.90,480.40,1509616
31-Jan-12,479.70,479.70,469.20,472.47,881763
30-Jan-12,478.50,480.50,476.70,477.80,665583
27-Jan-12,474.60,488.00,474.60,483.00,666109
26-Jan-12,481.50,486.70,476.50,478.90,610062
25-Jan-12,480.90,482.00,474.70,481.40,539542
24-Jan-12,480.30,486.20,477.88,482.40,758732
23-Jan-12,480.80,489.70,475.65,484.80,436986
20-Jan-12,480.00,483.30,477.70,480.90,573328
19-Jan-12,480.00,489.50,478.20,478.50,1652289
18-Jan-12,486.00,492.00,482.30,484.90,2549105
17-Jan-12,482.00,490.20,480.95,487.00,1326001
16-Jan-12,475.50,482.00,475.50,480.60,332850
13-Jan-12,481.00,489.40,476.60,479.90,992659
12-Jan-12,471.20,482.30,464.70,482.30,1087475
11-Jan-12,481.40,482.10,468.00,468.30,1011952
10-Jan-12,491.00,493.00,480.90,480.90,901893
9-Jan-12,490.80,495.70,488.00,489.00,523156
6-Jan-12,488.10,494.70,488.10,492.10,1120374
5-Jan-12,496.00,497.40,486.70,490.00,546544
4-Jan-12,500.00,501.00,492.10,496.70,566253
3-Jan-12,485.00,502.55,482.50,502.50,817214
30-Dec-11,491.30,493.60,476.90,476.90,500511
29-Dec-11,492.40,493.20,485.10,490.80,567586
28-Dec-11,492.50,493.90,485.70,492.20,443936
23-Dec-11,-,-,-,493.50,0
22-Dec-11,473.50,483.00,471.60,481.00,563721
21-Dec-11,474.18,475.10,465.70,475.00,611547
20-Dec-11,459.00,467.80,458.40,465.18,591090
19-Dec-11,461.60,466.60,457.70,457.70,418359
16-Dec-11,464.90,466.60,459.80,465.59,727913
15-Dec-11,455.80,464.70,450.30,463.50,893414
14-Dec-11,458.40,467.35,452.50,452.60,797727
13-Dec-11,465.30,468.20,460.50,465.30,904992
12-Dec-11,472.70,474.30,461.60,461.60,593527
9-Dec-11,471.40,480.10,471.30,473.00,602200
8-Dec-11,485.80,489.00,472.00,473.10,855466
7-Dec-11,488.70,488.70,480.10,485.60,537851
6-Dec-11,482.00,484.80,475.16,483.20,856986
5-Dec-11,486.00,488.90,481.40,483.70,526497
2-Dec-11,484.00,491.10,481.40,481.80,750830
1-Dec-11,483.90,484.50,475.00,479.90,985401
30-Nov-11,468.50,484.40,464.78,481.80,1689716
29-Nov-11,445.10,476.10,443.00,474.00,2519634
28-Nov-11,429.90,437.00,427.50,433.80,671180
25-Nov-11,424.00,429.50,422.70,427.90,621256
24-Nov-11,422.30,425.90,420.10,424.10,479288
23-Nov-11,416.00,422.70,412.50,420.00,897205
22-Nov-11,412.30,420.50,409.00,416.50,902482
21-Nov-11,430.00,430.00,407.20,409.40,767530
18-Nov-11,429.00,435.60,428.10,430.50,444715
17-Nov-11,441.60,436.20,429.37,434.10,478444
16-Nov-11,443.10,444.95,442.00,442.90,741876
15-Nov-11,444.50,446.00,438.12,444.60,878309
14-Nov-11,455.50,448.00,443.31,445.20,519079
11-Nov-11,449.70,455.50,449.40,452.80,490905
10-Nov-11,444.90,454.10,442.40,451.30,740944
9-Nov-11,455.90,455.90,443.30,448.00,1011132
8-Nov-11,452.30,457.40,447.90,449.30,555186
7-Nov-11,452.10,455.80,446.20,452.70,456243
4-Nov-11,454.80,455.70,446.70,452.70,953725
3-Nov-11,447.60,455.40,446.40,452.30,911382
2-Nov-11,455.80,459.90,447.50,450.90,887860
1-Nov-11,461.30,461.50,443.20,454.10,1431209
31-Oct-11,472.40,472.40,461.40,466.10,876811
28-Oct-11,471.50,473.50,466.10,473.50,1474095
27-Oct-11,475.40,476.36,466.00,468.40,1288468
26-Oct-11,475.00,475.80,463.20,467.00,864348
25-Oct-11,474.70,477.00,468.80,472.60,482231
24-Oct-11,478.70,478.70,471.10,475.90,566308
21-Oct-11,473.90,479.20,472.00,475.00,777912
20-Oct-11,459.90,480.00,459.90,473.60,1364445
19-Oct-11,456.30,466.80,453.30,466.00,1093542
18-Oct-11,456.60,456.80,451.00,453.20,507323
17-Oct-11,467.60,470.30,453.50,458.60,645339
14-Oct-11,470.50,470.50,461.60,466.20,747776
13-Oct-11,470.50,473.60,463.70,467.10,694872
12-Oct-11,463.50,470.50,458.60,468.51,1065664
11-Oct-11,454.50,464.00,453.40,461.33,1301234
10-Oct-11,454.10,458.40,449.00,458.00,733550
7-Oct-11,451.60,456.00,448.70,451.40,589512
6-Oct-11,447.00,453.40,447.00,450.10,1359133
5-Oct-11,459.30,459.30,444.90,449.46,1444828
4-Oct-11,454.80,458.30,449.00,450.10,4430433
3-Oct-11,440.00,459.50,435.91,459.50,1109017
30-Sep-11,444.20,447.10,437.80,447.10,1003817
29-Sep-11,440.80,447.60,440.40,445.40,1459733
28-Sep-11,451.90,0.00,441.20,441.20,2201685
27-Sep-11,450.50,552.00,443.82,455.00,2751013
26-Sep-11,435.50,451.33,433.43,444.60,1322652
23-Sep-11,438.60,439.60,425.70,439.10,1182788
22-Sep-11,433.60,443.20,426.00,438.00,1417275
21-Sep-11,435.00,443.60,434.50,438.90,710388
20-Sep-11,432.10,441.50,0.00,437.00,700571
19-Sep-11,441.70,442.20,429.02,433.60,1044240
16-Sep-11,449.20,450.40,443.30,447.20,1176033
15-Sep-11,449.30,453.20,442.60,442.60,1219131
14-Sep-11,441.40,448.00,437.50,443.00,1273607
13-Sep-11,435.20,444.50,431.40,444.00,2050994
12-Sep-11,425.80,429.80,424.00,428.50,608804
9-Sep-11,429.80,437.80,425.40,432.40,887715
8-Sep-11,433.00,443.00,431.30,437.50,1209518
7-Sep-11,433.50,437.00,428.10,435.10,1210148
6-Sep-11,440.00,447.90,437.90,437.90,1209895
5-Sep-11,437.30,440.50,428.20,438.20,735156
2-Sep-11,443.00,446.60,439.40,443.90,551731
1-Sep-11,446.30,450.30,439.30,449.00,934997
31-Aug-11,443.10,452.80,443.00,447.20,909649
30-Aug-11,442.90,448.40,435.40,440.90,737658
26-Aug-11,-,-,-,433.80,0
25-Aug-11,437.40,441.90,425.60,427.60,899482
24-Aug-11,423.00,435.80,419.32,433.10,941492
23-Aug-11,409.50,418.40,409.50,418.40,869707
22-Aug-11,403.20,416.60,402.00,409.40,973277
19-Aug-11,393.70,399.00,379.15,393.60,1416167
18-Aug-11,409.00,410.20,391.80,394.30,1652504
17-Aug-11,427.00,427.00,402.10,410.90,1634646
16-Aug-11,429.20,429.20,419.80,426.70,465515
15-Aug-11,428.40,433.30,423.60,428.70,718496
12-Aug-11,421.30,432.90,409.50,424.24,991556
11-Aug-11,406.20,421.10,400.00,416.36,1942630
10-Aug-11,407.30,412.60,395.50,399.32,2138991
9-Aug-11,403.80,415.70,386.70,403.00,3458500
8-Aug-11,399.50,419.10,396.23,403.40,2155837
5-Aug-11,395.60,413.50,383.30,404.30,1783316
4-Aug-11,433.60,433.60,404.10,404.30,1340534
3-Aug-11,433.20,435.10,424.10,428.00,1707896
2-Aug-11,438.70,445.80,437.30,442.53,2025492
1-Aug-11,448.20,449.70,441.10,444.00,1314662
29-Jul-11,438.20,445.80,435.80,442.60,1513419
28-Jul-11,440.10,445.20,438.00,444.40,1424791
27-Jul-11,444.50,445.30,439.40,442.20,2428990
26-Jul-11,442.90,447.30,440.60,444.63,1288421
25-Jul-11,447.80,449.30,439.50,443.90,2073270
22-Jul-11,448.40,453.20,447.30,450.20,764814
21-Jul-11,455.60,455.60,441.50,445.26,1093951
20-Jul-11,432.10,454.13,432.10,450.50,3198019
19-Jul-11,421.60,438.80,409.18,433.05,3718382
18-Jul-11,428.70,433.30,411.00,411.40,2052419
15-Jul-11,435.20,437.80,429.10,435.00,1436246
14-Jul-11,435.00,437.90,432.40,435.40,723922
13-Jul-11,436.50,440.70,434.00,438.40,780356
12-Jul-11,432.40,436.30,423.20,436.30,962271
11-Jul-11,449.60,450.80,435.70,440.60,461697
8-Jul-11,452.00,454.00,444.90,449.60,563673
7-Jul-11,451.90,454.40,449.30,450.00,830309
6-Jul-11,452.50,456.70,445.30,449.40,1093837
5-Jul-11,453.80,456.40,451.20,455.10,710695
4-Jul-11,444.30,455.35,444.30,455.30,1014182
1-Jul-11,436.90,446.00,435.60,445.50,705175
30-Jun-11,432.70,438.10,430.80,436.40,1979496
29-Jun-11,428.00,432.70,425.50,431.10,1152773
28-Jun-11,422.00,429.50,422.00,426.60,949551
27-Jun-11,418.10,427.70,416.20,421.70,704168
24-Jun-11,420.20,423.10,416.80,418.40,505966
23-Jun-11,422.80,424.20,416.00,419.21,740059
22-Jun-11,429.00,432.30,423.10,426.37,906245
21-Jun-11,427.30,431.90,424.80,429.90,715891
20-Jun-11,427.00,428.90,421.80,425.70,760722
17-Jun-11,431.40,440.90,426.90,427.84,2183029
16-Jun-11,430.00,431.40,426.20,430.45,1576375
15-Jun-11,435.10,437.20,432.10,432.10,667548
14-Jun-11,434.30,438.20,433.60,436.50,713756
13-Jun-11,439.70,442.10,433.50,437.18,1336472
10-Jun-11,438.30,443.60,433.60,435.29,2067330
9-Jun-11,440.00,453.20,437.30,439.40,2247639
8-Jun-11,445.40,445.40,438.20,440.23,1913066
7-Jun-11,443.50,449.20,443.50,445.50,1090864
6-Jun-11,444.00,445.90,441.50,442.86,475782
3-Jun-11,441.00,447.20,441.00,445.26,1263267
2-Jun-11,443.80,445.30,440.50,442.26,2743157
1-Jun-11,449.50,449.80,444.20,447.49,2008170
31-May-11,456.30,457.70,446.70,449.00,1744931
27-May-11,452.70,457.70,451.50,456.00,648943
26-May-11,450.10,452.00,446.50,447.60,1003298
25-May-11,457.00,457.00,445.10,453.76,2862944
24-May-11,458.70,461.00,456.40,457.50,798874
23-May-11,462.70,462.70,458.00,459.17,1685986
20-May-11,462.10,469.50,462.10,466.83,712729
19-May-11,460.90,464.20,460.00,462.15,779705
18-May-11,460.20,461.85,458.60,460.16,1428533
17-May-11,464.20,467.60,458.80,459.00,794085
16-May-11,466.50,469.00,464.20,465.30,733377
13-May-11,469.00,469.70,465.20,468.30,642544
12-May-11,474.00,475.70,463.60,469.61,3107045
11-May-11,474.80,477.80,472.30,477.30,775422
10-May-11,468.70,477.00,468.70,474.00,730555
9-May-11,460.30,469.70,460.20,468.10,2281269
6-May-11,461.00,465.00,457.70,462.50,421555
5-May-11,466.50,466.50,458.70,460.10,591842
4-May-11,466.10,470.40,463.30,465.00,1055526
3-May-11,467.40,469.80,460.27,466.20,1105658
28-Apr-11,-,-,-,467.00,0
27-Apr-11,468.00,475.70,462.10,471.72,1110614
26-Apr-11,458.90,468.90,454.20,467.80,5516681
21-Apr-11,-,-,-,461.10,0
20-Apr-11,458.40,459.90,449.70,452.97,1039512
19-Apr-11,455.80,461.90,455.69,459.32,1108784
18-Apr-11,455.70,455.70,451.40,454.93,3286271
15-Apr-11,450.40,456.50,449.50,452.06,1129905
14-Apr-11,441.80,451.20,439.90,450.20,3008769
13-Apr-11,441.40,448.20,439.40,442.00,2519156
12-Apr-11,445.60,448.20,437.60,438.68,1666335
11-Apr-11,447.00,450.93,444.30,446.00,651482
8-Apr-11,444.70,450.20,440.10,448.90,772746
7-Apr-11,452.20,453.90,443.80,443.80,1067165
6-Apr-11,455.30,455.30,450.70,452.80,736970
5-Apr-11,454.60,457.40,452.40,453.70,781031
4-Apr-11,454.80,458.00,452.40,455.40,1014859
1-Apr-11,460.20,460.70,454.90,456.00,1509842
31-Mar-11,460.80,461.40,456.60,456.60,989547
30-Mar-11,466.50,466.50,458.40,460.00,1391245
29-Mar-11,470.80,470.80,463.50,464.50,777704
28-Mar-11,468.50,470.90,463.20,469.10,1004176
25-Mar-11,473.00,476.02,468.40,469.10,2020656
24-Mar-11,474.40,476.30,467.00,469.90,1842534
23-Mar-11,475.20,475.20,471.10,474.50,1569718
22-Mar-11,484.80,484.80,473.50,475.60,1493605
21-Mar-11,486.80,489.00,480.60,482.37,1379217
18-Mar-11,475.90,489.30,475.90,480.60,3022372
17-Mar-11,467.80,480.70,460.20,478.88,2141464
16-Mar-11,464.10,470.00,461.60,465.10,1300602
15-Mar-11,459.70,464.90,450.90,463.30,1835990
14-Mar-11,464.90,471.80,462.00,468.60,1715426
11-Mar-11,465.00,469.10,463.00,465.00,1725306
10-Mar-11,471.00,472.00,458.80,466.73,3450860
9-Mar-11,466.20,474.50,464.98,472.94,2100380
8-Mar-11,465.00,467.90,463.30,466.40,1414313
7-Mar-11,460.00,468.60,459.00,465.00,545423
4-Mar-11,463.30,465.30,459.10,461.00,894520
3-Mar-11,458.10,462.50,455.10,460.60,1344130
2-Mar-11,444.00,461.40,440.00,457.10,1566581
1-Mar-11,448.00,455.10,446.70,446.10,2052778
28-Feb-11,450.00,455.30,445.40,448.20,1854612
25-Feb-11,434.40,449.80,423.20,448.40,1886649
24-Feb-11,430.30,430.30,417.40,420.39,271267755
23-Feb-11,440.50,442.90,422.19,426.50,1583750
22-Feb-11,442.80,445.00,436.60,440.40,1948592
21-Feb-11,445.30,447.20,439.40,439.40,2292966
18-Feb-11,457.90,457.98,441.70,444.90,3536248
17-Feb-11,454.80,460.00,454.80,456.30,876470
16-Feb-11,455.00,459.80,454.20,458.30,1127274
15-Feb-11,456.10,461.20,446.70,455.30,1685874
14-Feb-11,469.00,469.00,469.00,457.60,954592
11-Feb-11,461.70,465.80,457.30,462.29,1162544
10-Feb-11,468.50,471.30,463.00,463.90,1602644
9-Feb-11,474.00,476.00,468.20,469.80,1906215
8-Feb-11,471.10,474.50,467.40,470.00,667813
7-Feb-11,470.60,478.00,469.60,473.30,841039
4-Feb-11,475.60,479.10,472.20,472.20,765173
3-Feb-11,477.10,482.30,472.60,476.00,1115118
2-Feb-11,476.00,479.50,466.90,470.50,1205250
1-Feb-11,456.30,474.70,453.00,474.70,3751574
31-Jan-11,438.70,453.50,434.10,452.00,1999468
28-Jan-11,458.80,460.30,437.90,442.50,2211887
27-Jan-11,456.90,462.40,455.00,461.80,2716554
26-Jan-11,466.10,469.90,449.60,457.50,3485165
25-Jan-11,479.80,480.70,470.60,470.60,1538747
24-Jan-11,469.90,488.20,463.90,479.90,2374138
21-Jan-11,469.30,474.70,466.50,469.40,1334948
20-Jan-11,466.80,487.60,463.80,469.00,3114310
19-Jan-11,472.80,476.90,463.70,467.50,3249308
18-Jan-11,478.00,495.00,463.00,481.00,6191908
17-Jan-11,523.50,525.00,514.00,518.50,990452
14-Jan-11,526.50,526.50,520.50,521.50,785702
13-Jan-11,521.50,528.00,519.50,526.50,757177
12-Jan-11,521.50,525.50,518.00,523.50,836452
11-Jan-11,525.00,532.50,520.00,520.00,2053870
10-Jan-11,520.50,524.00,516.00,522.50,484304
7-Jan-11,526.50,530.00,517.00,519.50,336845
6-Jan-11,527.50,530.50,522.50,528.00,479774
5-Jan-11,529.50,530.00,520.50,527.50,987934
4-Jan-11,515.50,525.00,508.00,524.00,1080683
31-Dec-10,510.00,510.00,503.50,510.00,55247
30-Dec-10,508.00,516.50,506.00,507.50,243701
29-Dec-10,500.50,511.00,500.50,508.50,305716
24-Dec-10,-,-,-,506.50,0
23-Dec-10,510.00,514.50,506.50,509.00,375075
22-Dec-10,511.50,512.00,506.50,509.00,487390
21-Dec-10,513.50,519.50,511.50,511.50,627957
20-Dec-10,513.00,515.00,507.00,513.00,534903
17-Dec-10,500.00,515.00,497.80,514.00,1259870
16-Dec-10,497.30,502.50,491.00,494.30,1169154
15-Dec-10,505.00,513.50,490.30,489.86,1302221
14-Dec-10,514.50,517.00,508.50,509.00,670897
13-Dec-10,513.00,520.00,510.00,517.00,1349191
10-Dec-10,510.00,517.00,509.00,511.00,719659
9-Dec-10,508.00,527.00,484.60,504.00,2488472
8-Dec-10,517.00,519.00,511.00,516.50,470629
7-Dec-10,520.50,520.50,514.50,517.50,671030
6-Dec-10,515.50,522.00,515.00,518.00,803649
3-Dec-10,519.50,524.50,510.50,514.00,508152
2-Dec-10,515.00,523.50,510.50,522.00,566801
1-Dec-10,495.00,516.00,493.90,512.50,712481
30-Nov-10,490.00,497.00,489.10,491.10,1029035
29-Nov-10,495.40,497.00,488.60,490.50,595701
26-Nov-10,490.20,494.40,488.60,491.40,471462
25-Nov-10,493.10,494.50,490.70,492.20,411959
24-Nov-10,490.60,495.00,487.50,492.00,625313
23-Nov-10,490.30,495.00,488.30,490.90,820896
22-Nov-10,506.00,506.00,495.30,497.40,540097
19-Nov-10,505.00,507.50,498.70,502.00,856885
18-Nov-10,493.50,508.00,493.50,507.00,698186
17-Nov-10,491.40,495.00,487.00,491.50,667052
16-Nov-10,506.50,509.00,492.90,494.10,464549
15-Nov-10,502.50,509.00,500.50,507.50,474287
12-Nov-10,503.50,505.50,499.40,504.50,398772
11-Nov-10,513.50,516.00,500.00,508.00,1434632
10-Nov-10,527.50,530.50,511.00,513.50,872747
9-Nov-10,533.00,533.00,527.50,528.50,1257794
8-Nov-10,538.50,540.50,531.00,533.50,252296
5-Nov-10,538.00,540.50,533.00,537.50,619925
4-Nov-10,530.50,542.00,530.50,542.00,817333
3-Nov-10,530.50,532.00,526.00,529.00,329330
2-Nov-10,528.00,535.50,528.00,531.50,336488
1-Nov-10,535.00,538.50,526.50,530.00,409555
29-Oct-10,522.50,532.00,522.50,528.50,769436
28-Oct-10,530.50,532.50,521.00,525.00,660260
27-Oct-10,535.00,535.00,529.50,530.50,426929
26-Oct-10,549.00,549.50,534.50,536.01,1528963
25-Oct-10,552.00,557.50,545.50,550.00,1039286
22-Oct-10,553.50,556.00,549.50,551.50,1183118
21-Oct-10,539.50,560.00,537.50,553.00,1263606
20-Oct-10,535.00,542.00,532.50,541.50,1229579
19-Oct-10,541.00,546.50,538.50,541.00,373186
18-Oct-10,534.00,546.50,534.00,543.50,497941
15-Oct-10,542.50,543.00,529.00,538.50,828836
14-Oct-10,550.00,550.00,541.00,543.50,680641
13-Oct-10,545.00,549.00,541.50,547.50,1942639
12-Oct-10,542.00,548.50,535.00,546.00,1304581
11-Oct-10,534.00,546.50,534.00,541.50,632298
8-Oct-10,528.50,537.50,528.50,533.00,613077
7-Oct-10,533.00,537.00,528.00,533.00,791180
6-Oct-10,514.50,531.00,514.50,530.50,1244167
5-Oct-10,502.50,515.50,501.00,513.50,1121798
4-Oct-10,495.60,502.00,493.80,500.50,730169
1-Oct-10,502.00,503.50,495.00,497.60,1077032
30-Sep-10,504.50,505.00,493.60,497.20,1138927
29-Sep-10,512.50,512.50,505.50,509.00,888679
28-Sep-10,501.00,512.00,496.90,508.00,1832061
27-Sep-10,502.00,507.50,502.00,503.50,549936
24-Sep-10,496.70,504.00,494.00,501.50,1435918
23-Sep-10,497.60,500.50,491.00,496.70,705581
22-Sep-10,512.00,512.00,496.00,497.30,2099482
21-Sep-10,498.30,516.50,498.30,509.50,960339
20-Sep-10,493.80,501.50,488.00,501.50,1266715
17-Sep-10,498.10,502.50,484.90,489.30,2951418
16-Sep-10,511.00,511.00,493.30,495.80,1178003
15-Sep-10,508.50,512.00,502.50,510.00,2048619
14-Sep-10,514.50,517.50,507.50,509.50,924456
13-Sep-10,495.90,517.00,495.90,512.00,693857
10-Sep-10,502.00,506.00,491.60,500.00,1051926
9-Sep-10,498.00,505.00,493.00,495.00,2543692
8-Sep-10,491.00,502.50,487.90,500.50,1202998
7-Sep-10,507.50,508.00,502.00,504.00,697884
6-Sep-10,516.00,516.00,509.00,510.50,993709
3-Sep-10,515.50,517.50,506.00,511.00,1705886
2-Sep-10,527.00,529.00,518.00,523.00,792957
1-Sep-10,521.50,532.00,519.00,530.00,823357
31-Aug-10,519.50,525.00,514.00,522.00,821248
27-Aug-10,514.00,528.00,514.00,523.00,2516648
26-Aug-10,509.00,517.00,509.00,513.00,551513
25-Aug-10,498.80,510.00,498.80,508.50,1545906
24-Aug-10,500.00,503.50,496.20,501.50,457229
23-Aug-10,500.00,507.50,500.00,504.50,439460
20-Aug-10,500.00,506.00,499.10,500.00,1053087
19-Aug-10,499.20,510.50,498.60,502.00,981082
18-Aug-10,492.70,504.00,490.10,500.50,1260535
17-Aug-10,483.90,499.20,483.90,499.20,895831
16-Aug-10,480.80,486.30,478.10,483.30,694259
13-Aug-10,485.80,486.30,478.30,483.00,482517
12-Aug-10,475.50,485.90,467.10,481.20,1364266
11-Aug-10,479.40,482.30,471.90,478.11,1286098
10-Aug-10,484.90,493.80,484.20,485.80,699025
9-Aug-10,490.10,491.30,485.40,488.70,368056
6-Aug-10,485.60,498.90,484.20,486.60,550226
5-Aug-10,488.90,494.10,487.20,491.10,1318518
4-Aug-10,486.90,491.60,485.30,487.00,762128
3-Aug-10,484.80,490.00,483.30,486.20,784298
2-Aug-10,479.70,488.30,478.10,487.00,936141
30-Jul-10,480.10,480.70,470.30,473.80,600903
29-Jul-10,480.30,484.30,478.40,479.80,756401
28-Jul-10,479.80,481.40,474.90,476.10,615679
27-Jul-10,485.00,485.00,474.10,476.20,905113
26-Jul-10,483.20,486.80,476.00,484.90,1348290
23-Jul-10,472.80,480.10,472.40,478.40,5284370
22-Jul-10,476.20,478.50,467.00,475.50,1951948
21-Jul-10,449.70,492.20,449.70,480.60,2320523
20-Jul-10,471.20,472.60,442.80,443.30,2051675
19-Jul-10,461.20,477.50,460.70,466.60,1015887
16-Jul-10,471.90,476.20,461.70,463.60,870873
15-Jul-10,469.50,485.30,468.80,472.80,1398514
14-Jul-10,480.60,483.50,464.30,469.30,1757627
13-Jul-10,471.50,484.50,471.50,480.30,810914
12-Jul-10,469.40,477.10,469.30,473.70,583136
9-Jul-10,475.10,475.10,468.60,470.30,500573
8-Jul-10,466.00,473.00,464.20,470.00,2502502
7-Jul-10,440.00,462.40,438.80,449.88,3833778
6-Jul-10,425.30,444.00,424.90,442.60,903116
5-Jul-10,425.70,430.00,423.20,425.90,712554
2-Jul-10,426.00,428.20,422.50,426.50,994201
1-Jul-10,418.50,423.80,416.10,421.00,1550437
30-Jun-10,423.60,425.50,418.70,421.00,654170
29-Jun-10,428.80,429.70,417.30,420.00,1463704
28-Jun-10,434.00,437.00,428.50,435.60,791579
25-Jun-10,432.80,437.50,429.00,432.97,1378522
24-Jun-10,441.20,441.20,428.70,430.30,811160
23-Jun-10,442.60,454.00,436.50,439.90,3947729
22-Jun-10,438.80,444.10,427.20,444.10,1600801
21-Jun-10,445.70,448.10,439.50,440.00,1359303
18-Jun-10,447.00,447.00,437.90,438.40,1802338
17-Jun-10,451.50,451.50,441.90,443.70,1626774
16-Jun-10,440.00,458.20,440.00,450.00,3298495
15-Jun-10,431.80,440.00,429.50,438.00,1830983
14-Jun-10,432.20,435.00,424.90,425.20,1153263
11-Jun-10,427.20,431.40,423.60,428.20,1504972
10-Jun-10,425.40,431.30,411.00,422.30,3400905
9-Jun-10,403.10,446.10,403.10,431.80,6919843
8-Jun-10,392.00,395.40,387.50,392.20,1262220
7-Jun-10,392.40,393.70,387.60,393.00,1527280
4-Jun-10,395.30,399.20,391.70,394.90,1740201
3-Jun-10,385.20,395.70,385.20,392.88,1675555
2-Jun-10,374.30,379.50,373.40,379.20,1721793
1-Jun-10,381.40,382.00,372.00,379.60,1151512
28-May-10,384.40,389.70,380.10,289.00,1003947
27-May-10,370.50,383.60,367.80,380.00,1031346
26-May-10,369.10,376.90,365.00,368.80,1507335
25-May-10,368.40,368.40,358.50,362.40,1389786
24-May-10,384.00,388.20,374.00,376.00,887525
21-May-10,380.60,384.00,371.20,381.80,1090348
20-May-10,382.60,387.70,375.00,379.90,1733508
19-May-10,389.10,392.60,377.90,383.00,1526310
18-May-10,401.90,401.90,394.60,395.70,958244
17-May-10,397.50,400.90,393.70,395.50,666744
14-May-10,405.90,407.00,395.80,397.30,1052412
13-May-10,410.00,411.80,402.30,409.80,1010445
11-May-10,390.00,393.70,382.80,392.20,3153963
10-May-10,382.70,404.70,379.10,400.00,1735074
7-May-10,385.00,392.00,364.00,371.30,1811760
6-May-10,391.10,404.40,385.60,392.10,1284149
5-May-10,406.80,406.80,392.00,395.90,1425825
4-May-10,411.70,412.70,402.20,404.80,1338162
30-Apr-10,412.20,414.20,404.00,407.70,749524
29-Apr-10,402.20,410.00,401.90,408.00,1049405
28-Apr-10,405.40,407.90,395.60,403.50,1257472
27-Apr-10,423.40,425.00,413.00,413.00,399183
26-Apr-10,428.30,428.30,420.00,425.10,640045
23-Apr-10,418.40,424.50,417.80,420.00,775033
22-Apr-10,413.30,421.80,412.60,419.20,1224237
21-Apr-10,422.30,422.60,409.90,413.00,542287
16-Apr-10,431.10,431.10,419.00,420.80,1446996
15-Apr-10,426.30,430.80,425.30,430.00,561572
14-Apr-10,420.10,428.00,420.10,423.90,292157
13-Apr-10,426.20,426.20,418.60,422.10,497503
12-Apr-10,423.30,430.00,422.70,424.10,399723
9-Apr-10,421.00,429.10,421.00,426.00,852506
8-Apr-10,426.30,426.30,417.10,421.00,563157
7-Apr-10,436.30,436.30,425.80,427.00,1079621
6-Apr-10,414.50,427.40,414.50,425.30,1336332
1-Apr-10,398.70,420.00,398.60,415.90,1561067
31-Mar-10,407.10,412.30,396.30,402.20,1619626
30-Mar-10,414.90,420.70,410.60,413.40,832219
29-Mar-10,415.10,417.50,411.90,416.00,689429
26-Mar-10,417.00,418.00,413.60,416.30,574804
25-Mar-10,414.90,420.00,414.70,418.31,695854
24-Mar-10,415.70,416.60,407.10,415.50,443049
23-Mar-10,410.60,414.40,406.50,413.10,530140
22-Mar-10,410.20,412.30,405.60,411.40,416613
19-Mar-10,413.30,414.10,407.80,410.10,1926742
18-Mar-10,409.10,411.20,405.60,410.10,705695
17-Mar-10,415.00,416.30,407.00,409.20,1308267
16-Mar-10,408.40,415.00,405.00,413.30,831090
15-Mar-10,411.90,413.70,406.70,407.60,409168
12-Mar-10,408.70,413.20,406.80,409.90,909469
11-Mar-10,406.90,411.60,405.00,408.80,1171635
10-Mar-10,413.90,417.00,395.50,410.00,2572263
9-Mar-10,415.60,417.70,412.00,414.80,1053249
8-Mar-10,430.70,433.10,417.70,418.90,1402103
5-Mar-10,409.90,433.00,409.90,430.00,3043799
4-Mar-10,399.40,415.00,399.40,409.00,1672828
3-Mar-10,397.60,401.60,397.60,401.30,716383
2-Mar-10,396.30,400.20,391.20,400.00,898095
1-Mar-10,390.70,395.60,387.40,395.40,4584738
26-Feb-10,386.00,389.60,382.70,386.70,1163297
25-Feb-10,387.00,387.00,380.30,383.00,1531206
24-Feb-10,392.40,395.00,386.50,387.90,2512129
23-Feb-10,396.00,403.50,393.70,395.00,1733134
22-Feb-10,389.60,395.90,388.50,395.00,819282
19-Feb-10,384.30,391.30,383.30,387.40,711435
18-Feb-10,378.50,389.50,376.80,386.50,1055871
17-Feb-10,376.00,382.20,375.50,378.80,1563140
16-Feb-10,367.40,373.60,362.50,373.60,1283320
15-Feb-10,361.10,368.80,361.10,364.50,602171
12-Feb-10,370.10,374.10,362.20,365.70,1292259
11-Feb-10,376.60,379.80,370.10,372.00,646090
10-Feb-10,374.40,376.80,369.40,375.10,1182917
9-Feb-10,367.30,372.10,366.40,368.90,702276
8-Feb-10,371.50,372.00,361.50,367.00,1053069
5-Feb-10,381.60,381.60,362.70,365.00,6004028
4-Feb-10,396.80,396.80,380.80,381.00,1495225
3-Feb-10,413.00,413.00,390.00,395.20,1877939
2-Feb-10,408.00,413.80,407.00,412.10,1382404
1-Feb-10,401.80,408.40,398.90,405.70,1374487
29-Jan-10,402.50,408.20,399.20,404.40,2302484
28-Jan-10,393.20,400.80,389.00,397.10,1180768
27-Jan-10,395.20,396.50,385.80,389.00,2104803
26-Jan-10,395.30,400.20,389.80,400.00,2001405
25-Jan-10,390.00,399.60,389.50,397.30,2010618
22-Jan-10,398.50,398.80,392.80,394.00,4192967
21-Jan-10,397.70,401.80,393.50,395.00,2974637
20-Jan-10,373.80,399.50,372.30,394.00,6971711
19-Jan-10,381.50,381.50,362.00,372.50,7774387
18-Jan-10,378.20,378.90,370.70,372.30,801698
15-Jan-10,368.30,380.10,368.30,376.30,501799
14-Jan-10,375.20,382.60,373.80,378.10,841002
13-Jan-10,385.10,391.40,373.10,377.60,1099959
12-Jan-10,397.20,401.60,382.70,382.70,932782
11-Jan-10,396.00,405.80,392.70,395.00,706298
8-Jan-10,386.30,395.30,378.30,393.50,957478
7-Jan-10,384.50,386.40,377.50,384.00,634023
6-Jan-10,382.70,386.10,379.80,382.00,1014247
5-Jan-10,384.10,392.30,377.60,388.30,541408
4-Jan-10,376.20,384.30,376.20,382.60,692317
