8-Nov-16,722.50,727.00,713.50,718.50,3097822
7-Nov-16,722.00,728.50,718.50,724.00,3466046
4-Nov-16,713.00,717.50,706.50,712.50,4409483
3-Nov-16,720.00,724.00,703.00,707.50,4566225
2-Nov-16,723.50,725.50,713.00,720.00,2671600
1-Nov-16,726.50,732.00,719.25,726.00,3106067
31-Oct-16,732.50,732.50,725.25,726.50,3581294
28-Oct-16,737.50,740.00,729.50,734.50,2429060
27-Oct-16,733.00,741.00,728.00,740.50,3047948
26-Oct-16,733.50,739.50,722.50,736.50,3419625
25-Oct-16,746.00,748.50,733.00,739.00,4958752
24-Oct-16,760.50,765.50,744.00,746.00,2377977
21-Oct-16,764.00,768.00,752.50,755.00,3368793
20-Oct-16,761.50,767.12,748.00,766.00,3256566
19-Oct-16,759.00,767.00,753.00,766.00,2159935
18-Oct-16,776.50,784.18,754.87,761.00,5856647
17-Oct-16,761.00,775.50,756.50,773.50,5637983
14-Oct-16,753.00,767.50,749.40,764.50,3412449
13-Oct-16,753.50,762.75,747.50,751.50,3703785
12-Oct-16,772.00,777.00,752.50,754.00,3364454
11-Oct-16,786.50,792.00,768.83,774.50,3385038
10-Oct-16,780.00,794.50,778.50,785.50,3331977
7-Oct-16,763.50,778.50,763.50,775.50,4490424
6-Oct-16,755.00,766.12,754.50,760.00,2603307
5-Oct-16,761.00,765.13,751.25,754.50,3204292
4-Oct-16,743.50,765.00,742.50,760.50,7357894
3-Oct-16,720.00,741.50,718.00,737.50,3200330
30-Sep-16,706.50,720.00,702.00,720.00,3770729
29-Sep-16,718.00,725.00,709.50,712.50,2573387
28-Sep-16,712.00,722.50,708.00,717.50,2413776
27-Sep-16,718.00,720.00,702.00,711.00,3042106
26-Sep-16,718.00,722.50,710.00,712.00,2471760
23-Sep-16,735.00,735.30,721.50,722.50,2758382
22-Sep-16,716.00,740.50,709.01,733.00,3352013
21-Sep-16,735.50,737.50,722.62,726.00,2790603
20-Sep-16,736.50,742.50,733.00,733.00,2146943
19-Sep-16,732.00,744.50,726.16,739.50,2268091
16-Sep-16,730.00,730.50,721.00,727.50,4320639
15-Sep-16,725.50,733.00,723.00,729.50,2428336
14-Sep-16,720.00,732.50,717.87,726.00,3837435
13-Sep-16,723.50,729.50,716.00,719.50,3121129
12-Sep-16,715.00,718.00,705.00,718.00,4596849
9-Sep-16,747.00,751.39,722.88,725.50,4158660
8-Sep-16,764.50,774.00,748.00,750.00,5009659
7-Sep-16,761.00,773.13,752.85,767.00,4172278
6-Sep-16,785.00,788.32,773.50,774.00,2747699
5-Sep-16,781.50,785.50,774.50,783.00,1934915
2-Sep-16,765.00,789.00,762.50,783.50,4447521
1-Sep-16,769.00,777.00,757.50,760.00,3509627
31-Aug-16,767.00,772.50,762.00,770.00,3376496
30-Aug-16,778.00,784.00,767.00,767.50,2514008
26-Aug-16,775.50,786.00,770.50,784.50,2023184
25-Aug-16,786.00,787.50,769.85,774.00,2940058
24-Aug-16,789.50,794.00,781.50,788.50,2437172
23-Aug-16,786.50,796.00,783.50,794.00,1901674
22-Aug-16,791.50,795.90,780.50,784.50,2187592
19-Aug-16,789.00,796.50,786.50,792.00,2109917
18-Aug-16,784.50,794.50,783.50,789.00,2551437
17-Aug-16,789.50,792.50,782.00,782.50,2981067
16-Aug-16,791.00,795.00,785.00,788.00,3049223
15-Aug-16,798.00,801.50,789.00,796.00,2518926
12-Aug-16,799.50,814.50,795.00,799.50,3813990
11-Aug-16,799.00,800.50,785.00,799.00,3608578
10-Aug-16,770.00,799.78,767.00,797.00,5306088
9-Aug-16,758.00,768.50,753.95,763.50,3033577
8-Aug-16,763.50,769.00,756.35,756.50,3861277
5-Aug-16,750.00,760.00,738.00,759.00,4509032
4-Aug-16,755.50,767.50,739.00,757.50,4708320
3-Aug-16,761.00,769.00,746.00,751.00,5711121
2-Aug-16,789.00,809.50,754.50,760.50,4783782
1-Aug-16,790.00,803.22,780.00,791.50,3277493
29-Jul-16,824.50,827.50,791.00,791.00,8768344
28-Jul-16,755.00,875.50,755.00,831.00,14173686
27-Jul-16,728.50,747.50,728.50,732.00,3303103
26-Jul-16,721.00,736.50,716.50,727.00,3461414
25-Jul-16,715.00,726.50,708.11,718.00,4832371
22-Jul-16,741.00,743.50,719.00,720.50,3532935
21-Jul-16,743.00,748.50,736.50,744.00,3024857
20-Jul-16,742.50,746.50,734.00,743.00,2757501
19-Jul-16,736.00,742.00,729.50,739.50,3436368
18-Jul-16,744.00,748.50,734.00,738.00,2531786
15-Jul-16,744.00,752.50,736.00,744.50,4305914
14-Jul-16,748.00,749.50,730.50,746.50,4051852
13-Jul-16,724.00,755.50,649.17,746.50,7385400
12-Jul-16,721.50,726.50,712.00,724.00,6054946
11-Jul-16,736.00,738.00,716.00,724.00,5874623
8-Jul-16,724.50,736.00,723.50,735.00,4963850
7-Jul-16,706.00,733.00,701.50,728.50,5982716
6-Jul-16,709.50,717.50,694.50,699.00,7447768
5-Jul-16,708.50,717.50,695.00,711.00,5439739
4-Jul-16,714.00,718.50,703.00,706.50,3418141
1-Jul-16,714.00,718.00,704.50,711.50,7982566
30-Jun-16,700.00,718.50,693.50,711.50,8270688
29-Jun-16,677.50,704.50,676.00,704.50,7586637
28-Jun-16,660.00,672.50,647.75,669.50,6670126
27-Jun-16,636.00,656.00,636.00,652.00,9104008
24-Jun-16,614.00,675.00,606.00,649.00,13478735
23-Jun-16,639.00,651.50,634.00,644.50,3188087
22-Jun-16,633.00,642.50,623.00,635.50,3283303
21-Jun-16,634.00,637.50,626.50,631.00,3335478
20-Jun-16,628.50,639.00,617.50,634.00,3730733
17-Jun-16,606.00,621.00,601.00,615.00,17165115
16-Jun-16,604.00,610.00,598.00,603.00,3989440
15-Jun-16,604.00,618.82,601.00,612.50,6109272
14-Jun-16,594.50,607.00,594.50,600.00,6682891
13-Jun-16,596.50,603.00,595.31,600.50,4505585
10-Jun-16,594.00,606.00,592.00,603.50,5676630
9-Jun-16,602.50,603.00,588.00,599.50,6981958
3-Jun-16,609.00,623.50,600.00,605.50,4648964
2-Jun-16,604.50,614.19,604.37,607.00,3400765
1-Jun-16,616.00,617.00,593.00,605.00,6772965
31-May-16,616.50,626.00,613.00,619.00,5413787
27-May-16,625.00,628.50,613.00,615.00,3781240
26-May-16,623.50,629.50,612.50,625.50,4820108
25-May-16,642.50,643.00,620.00,624.00,5173574
24-May-16,633.50,642.17,630.33,638.50,2596303
23-May-16,642.00,644.00,633.00,635.00,2771714
20-May-16,639.50,645.00,634.50,643.00,3187356
19-May-16,650.50,656.10,633.50,634.50,3703180
18-May-16,660.50,664.00,646.00,656.00,3199399
17-May-16,669.50,671.50,661.50,664.00,2607653
16-May-16,647.00,663.00,644.00,663.00,2303368
13-May-16,642.50,650.00,636.18,650.00,1861580
12-May-16,654.00,660.50,641.50,643.50,3494037
11-May-16,649.50,659.00,646.50,658.50,2446771
10-May-16,645.50,656.64,644.50,648.50,2930342
9-May-16,652.50,652.50,636.61,642.00,2446295
6-May-16,629.00,648.00,623.88,646.50,3569864
5-May-16,621.00,632.00,602.00,630.00,7538768
4-May-16,640.50,654.50,637.00,645.00,3559335
3-May-16,667.00,668.02,635.50,642.00,5229762
29-Apr-16,687.50,687.50,669.50,669.50,4249168
28-Apr-16,674.50,694.50,674.00,694.00,5155576
27-Apr-16,670.00,673.00,661.29,673.00,3085825
26-Apr-16,673.50,677.50,665.00,669.00,2834501
25-Apr-16,682.50,686.50,672.00,673.00,2674824
22-Apr-16,688.50,691.00,680.00,684.00,2089711
21-Apr-16,683.00,692.50,679.00,692.00,2676712
20-Apr-16,691.50,695.00,677.95,684.00,3498022
19-Apr-16,664.50,702.00,664.50,696.50,5175563
18-Apr-16,660.00,666.00,654.00,665.50,2324100
15-Apr-16,672.00,674.50,663.50,665.00,3374462
14-Apr-16,676.50,676.50,662.50,672.00,3205644
13-Apr-16,663.50,674.50,663.15,674.50,3479362
12-Apr-16,663.50,665.00,650.45,657.50,2771038
11-Apr-16,666.00,670.28,661.00,664.00,1813458
8-Apr-16,658.50,673.50,655.50,667.00,2487208
7-Apr-16,660.00,665.50,651.16,655.00,3792661
6-Apr-16,654.50,659.50,647.50,658.00,2810285
5-Apr-16,652.50,661.62,643.50,652.00,3912537
4-Apr-16,652.50,662.00,648.50,659.50,3660385
1-Apr-16,675.00,676.00,649.28,662.50,5391726
31-Mar-16,687.50,690.50,674.00,682.00,3667950
30-Mar-16,681.50,699.50,679.70,690.00,3319403
29-Mar-16,678.00,686.00,670.00,674.50,2231933
24-Mar-16,674.00,683.00,664.50,678.50,3607142
23-Mar-16,696.00,696.50,671.00,679.00,3834989
22-Mar-16,699.00,700.50,684.16,694.50,4202051
21-Mar-16,712.50,715.00,700.00,702.50,3410891
18-Mar-16,700.00,723.50,698.50,716.50,6357420
17-Mar-16,680.00,703.00,673.00,701.50,4387303
16-Mar-16,680.00,680.00,665.50,675.50,4295558
15-Mar-16,676.00,682.00,673.00,676.00,3027177
14-Mar-16,688.00,698.00,678.00,681.50,3126348
11-Mar-16,690.50,694.00,682.10,686.00,2801419
10-Mar-16,697.50,701.50,681.50,682.00,5860217
9-Mar-16,706.50,707.50,696.50,700.00,3964723
8-Mar-16,714.50,720.50,697.50,706.50,4943144
7-Mar-16,723.00,732.23,707.05,721.50,4337372
4-Mar-16,720.00,728.50,714.00,722.50,5581045
3-Mar-16,683.00,738.00,680.00,716.00,8704049
2-Mar-16,689.00,693.00,674.00,680.00,5472157
1-Mar-16,673.00,690.50,669.50,683.00,5263242
29-Feb-16,672.50,682.00,670.50,679.00,7287533
26-Feb-16,672.50,689.50,671.50,679.00,4592030
25-Feb-16,661.00,687.00,659.00,670.00,5960790
24-Feb-16,660.50,666.00,642.50,653.50,6459218
23-Feb-16,658.00,677.00,639.63,663.50,6557673
22-Feb-16,647.00,659.50,644.20,659.50,2724551
19-Feb-16,658.50,663.00,638.00,648.64,7027707
18-Feb-16,681.00,691.50,656.12,661.00,8856383
17-Feb-16,631.00,678.00,629.00,678.00,8756508
16-Feb-16,618.50,632.00,611.50,631.50,9303705
15-Feb-16,619.50,624.50,594.00,615.00,9969313
12-Feb-16,600.00,629.00,585.00,606.00,19361119
11-Feb-16,521.50,536.75,506.50,530.00,8932208
10-Feb-16,514.00,528.00,507.00,528.00,9572816
9-Feb-16,515.00,518.50,497.00,512.50,7205777
8-Feb-16,521.50,527.50,506.50,515.00,8426954
5-Feb-16,527.00,541.00,517.00,529.00,8061589
4-Feb-16,522.00,526.50,510.00,523.00,8099034
3-Feb-16,531.00,532.50,504.00,513.00,6341716
2-Feb-16,552.50,552.50,522.00,531.50,6457046
1-Feb-16,560.50,564.00,543.32,555.00,5454714
29-Jan-16,550.00,555.00,537.50,555.00,6942206
28-Jan-16,540.00,549.00,535.00,542.50,5987136
27-Jan-16,542.50,548.00,534.50,539.50,6718223
26-Jan-16,537.50,546.00,535.50,543.50,4797944
25-Jan-16,546.50,549.50,540.50,544.00,4140277
22-Jan-16,545.00,552.00,540.00,543.00,5260558
21-Jan-16,530.00,535.50,513.71,534.50,9038205
20-Jan-16,539.00,541.50,528.00,531.00,8551932
19-Jan-16,548.50,557.50,547.50,550.00,3981084
18-Jan-16,542.00,550.00,536.50,538.50,3455689
15-Jan-16,554.00,559.50,535.50,544.00,7455573
14-Jan-16,554.00,560.50,544.18,556.50,5116341
13-Jan-16,563.00,568.87,556.68,560.50,2725034
12-Jan-16,554.50,564.00,549.50,556.00,4364128
11-Jan-16,558.00,562.50,552.00,552.00,4437978
8-Jan-16,550.00,564.00,547.00,559.50,8528520
7-Jan-16,544.00,548.50,541.00,546.00,6218917
6-Jan-16,564.00,568.00,554.78,560.00,3909345
5-Jan-16,563.50,569.22,556.00,564.50,3569733
4-Jan-16,565.50,569.18,558.00,560.00,3820038
31-Dec-15,580.50,583.16,573.50,575.00,668605
30-Dec-15,587.00,587.00,578.50,579.50,2573434
29-Dec-15,596.00,596.00,583.50,586.50,4182900
24-Dec-15,596.00,597.00,589.05,595.00,494416
23-Dec-15,571.00,598.50,567.54,590.50,5698428
22-Dec-15,576.00,577.00,559.00,565.50,5463089
21-Dec-15,571.50,578.50,566.02,569.50,4263303
18-Dec-15,567.50,576.50,565.50,576.50,8843027
16-Dec-15,543.50,567.50,542.00,566.50,8738625
15-Dec-15,542.50,542.50,530.05,540.00,8757721
14-Dec-15,557.50,566.50,537.50,537.50,7386531
11-Dec-15,567.50,569.50,547.23,552.00,6695686
10-Dec-15,577.50,586.50,565.00,567.00,7842959
9-Dec-15,594.00,598.00,573.00,578.50,11014459
8-Dec-15,599.00,603.00,577.59,590.00,9260303
7-Dec-15,599.00,616.00,596.95,610.50,5268912
4-Dec-15,592.00,603.50,587.50,594.50,5375528
3-Dec-15,600.00,606.50,597.50,598.50,7424624
2-Dec-15,603.50,606.50,600.75,601.00,4341696
1-Dec-15,608.50,615.75,601.00,604.00,5675200
30-Nov-15,607.00,610.00,600.00,606.50,9145599
27-Nov-15,599.50,613.00,598.00,606.50,5702257
26-Nov-15,607.00,614.00,596.50,601.50,5863228
25-Nov-15,588.00,616.50,560.00,607.00,8483161
24-Nov-15,567.00,590.44,556.00,588.00,11990789
23-Nov-15,552.00,574.84,552.00,569.00,8507058
20-Nov-15,542.00,553.50,539.00,552.00,7602167
19-Nov-15,543.50,555.00,536.00,541.00,10040725
18-Nov-15,551.50,554.50,538.00,543.00,6718055
17-Nov-15,532.50,557.83,532.00,555.00,10032128
16-Nov-15,505.00,536.35,504.50,528.00,13748723
13-Nov-15,534.50,536.86,510.50,513.50,18053226
12-Nov-15,547.00,567.00,511.48,519.50,33109515
11-Nov-15,675.00,690.00,664.00,667.00,4813641
10-Nov-15,699.50,701.00,666.94,672.00,6432195
9-Nov-15,704.00,708.00,696.00,698.50,5249961
6-Nov-15,700.00,703.00,693.50,699.00,6086996
5-Nov-15,706.50,709.50,693.50,700.00,3494095
4-Nov-15,697.00,716.50,697.00,709.50,3659801
3-Nov-15,692.00,698.00,689.50,695.00,3187825
2-Nov-15,679.50,692.50,679.50,691.50,3743962
30-Oct-15,683.00,697.50,676.25,687.50,5021699
29-Oct-15,675.00,680.00,671.36,679.00,5001390
28-Oct-15,668.00,677.00,655.00,673.50,6026816
27-Oct-15,681.00,686.50,668.50,674.50,5210846
26-Oct-15,685.00,699.50,682.00,683.00,3025221
23-Oct-15,676.00,701.50,674.50,688.00,5554830
22-Oct-15,674.50,676.00,664.50,670.00,5325595
21-Oct-15,675.00,688.00,670.50,681.50,3413376
20-Oct-15,672.00,675.58,663.00,674.00,4352328
19-Oct-15,682.00,689.15,664.25,669.50,4686706
16-Oct-15,700.00,706.00,680.84,685.50,5240673
15-Oct-15,701.50,703.00,692.30,697.00,3474558
14-Oct-15,705.50,707.00,695.50,698.50,4327075
13-Oct-15,725.50,728.00,704.50,711.00,4897200
12-Oct-15,746.50,747.00,719.50,726.00,5774467
9-Oct-15,753.50,763.81,747.00,755.50,4906792
8-Oct-15,733.50,750.50,733.50,745.50,4109001
7-Oct-15,738.50,743.67,730.00,734.00,5715962
6-Oct-15,730.50,741.00,725.00,738.00,4729215
5-Oct-15,717.50,732.00,714.00,728.50,6175067
2-Oct-15,691.50,704.50,688.50,704.50,5802097
1-Oct-15,686.50,694.00,683.00,686.50,6815830
30-Sep-15,665.50,678.50,661.00,677.00,6490872
29-Sep-15,653.00,656.50,646.00,651.00,7419703
28-Sep-15,659.50,663.00,648.00,660.00,4926701
25-Sep-15,661.00,676.00,655.00,663.50,7334440
24-Sep-15,680.00,680.00,636.00,650.50,12087423
23-Sep-15,684.50,695.15,679.50,679.50,4169922
22-Sep-15,696.00,696.50,682.50,685.50,7722561
21-Sep-15,687.50,700.00,686.50,696.50,6144426
18-Sep-15,709.50,709.50,684.50,692.00,8116122
17-Sep-15,719.50,719.50,709.50,710.50,5224603
16-Sep-15,724.50,727.50,710.50,720.00,5484392
15-Sep-15,718.50,726.84,705.50,723.00,4487504
14-Sep-15,721.00,727.50,713.98,717.00,3816375
11-Sep-15,728.00,728.50,717.50,721.00,2974019
10-Sep-15,725.50,732.50,720.50,725.00,3429282
9-Sep-15,736.50,738.50,728.50,731.00,3374609
8-Sep-15,722.50,735.67,715.00,725.50,5164749
7-Sep-15,728.50,729.00,717.36,719.00,2047632
4-Sep-15,730.00,731.00,719.50,721.00,6218107
3-Sep-15,741.00,745.67,733.00,737.00,4495793
2-Sep-15,731.50,742.50,725.00,732.00,4716024
1-Sep-15,734.00,739.50,718.51,727.00,7086774
28-Aug-15,729.50,743.50,721.50,743.50,6626539
27-Aug-15,730.00,734.56,725.50,730.50,8224968
26-Aug-15,717.00,724.00,707.83,714.50,6136102
25-Aug-15,730.50,732.00,715.63,724.00,7709901
24-Aug-15,741.00,741.50,685.50,719.50,9736860
21-Aug-15,750.50,764.84,735.00,735.00,4956256
20-Aug-15,756.00,772.00,755.00,761.00,4770171
19-Aug-15,790.00,790.50,761.00,762.00,4893078
18-Aug-15,796.00,800.50,780.50,790.00,3568722
17-Aug-15,803.50,809.50,793.50,796.50,2747937
14-Aug-15,799.50,804.00,796.00,797.50,4575208
13-Aug-15,810.00,814.50,794.00,798.00,4276178
12-Aug-15,791.50,802.50,790.50,800.00,5796693
11-Aug-15,808.50,810.50,797.00,798.00,4419189
10-Aug-15,809.00,814.50,798.50,807.50,3162863
7-Aug-15,814.00,818.00,803.34,804.00,3070622
6-Aug-15,822.00,825.51,806.84,817.50,4214455
5-Aug-15,830.50,833.50,802.33,817.50,6406565
4-Aug-15,837.50,842.00,817.00,824.00,7541372
3-Aug-15,799.00,849.00,795.00,841.00,16537560
31-Jul-15,749.00,800.00,746.50,794.00,12808875
30-Jul-15,745.00,757.00,733.00,749.50,7331053
29-Jul-15,740.00,747.00,730.50,730.50,6583828
28-Jul-15,721.00,736.00,718.82,735.00,6438764
27-Jul-15,732.00,738.50,717.50,718.00,4723938
24-Jul-15,751.50,760.32,736.00,736.00,3070058
23-Jul-15,764.50,764.50,752.32,753.50,5331581
22-Jul-15,765.00,766.50,752.00,760.50,6619034
21-Jul-15,785.00,786.12,763.00,765.50,4865151
20-Jul-15,784.00,787.89,780.00,783.00,3696281
17-Jul-15,781.50,786.84,778.50,780.00,5307291
16-Jul-15,779.00,787.00,771.50,782.00,3971957
15-Jul-15,780.00,785.65,775.50,781.50,6083905
14-Jul-15,777.50,780.00,773.00,778.00,6280640
13-Jul-15,775.00,781.50,765.00,778.00,8010839
10-Jul-15,762.00,770.00,755.00,769.00,6188739
9-Jul-15,761.00,761.50,748.00,757.00,11772025
8-Jul-15,763.50,770.50,754.20,758.50,10297197
7-Jul-15,796.00,797.10,755.50,759.50,17465952
6-Jul-15,774.00,806.50,771.90,802.50,22510174
3-Jul-15,873.50,874.06,855.50,856.50,3937510
2-Jul-15,890.00,893.00,873.50,876.50,5434990
1-Jul-15,875.50,894.00,872.37,890.00,7078129
30-Jun-15,887.50,890.50,870.00,870.00,8391734
29-Jun-15,878.00,898.00,878.00,892.00,5321683
26-Jun-15,901.50,903.00,889.00,898.00,4588961
25-Jun-15,906.00,913.90,902.00,903.50,5348167
24-Jun-15,910.00,919.00,908.00,908.00,5994329
23-Jun-15,915.50,921.00,908.50,911.50,4990957
22-Jun-15,919.00,920.50,908.50,914.00,4843217
19-Jun-15,915.00,918.00,906.00,906.00,12342755
18-Jun-15,916.00,918.26,903.87,909.00,6728407
17-Jun-15,942.00,947.00,917.00,918.50,4867557
16-Jun-15,943.50,944.60,930.37,941.50,3731117
15-Jun-15,964.50,969.39,944.50,945.00,4508396
12-Jun-15,976.50,980.50,964.00,970.00,3385753
11-Jun-15,982.00,996.00,979.37,981.50,3992017
10-Jun-15,961.50,986.32,955.50,984.00,4353918
9-Jun-15,965.00,969.50,955.50,962.00,3273112
8-Jun-15,969.00,972.00,962.00,965.50,3272002
5-Jun-15,969.00,977.00,963.00,971.50,4383284
4-Jun-15,985.00,989.50,967.50,972.50,4982487
3-Jun-15,990.00,995.00,980.50,987.00,3329910
2-Jun-15,1003.00,1003.00,982.20,987.00,3657319
1-Jun-15,997.50,1007.28,994.00,997.50,3233164
29-May-15,1015.00,1015.00,993.00,998.00,5139093
28-May-15,1014.00,1023.00,1011.00,1015.00,1572347
27-May-15,1007.00,1021.00,1004.03,1018.00,3347361
26-May-15,1019.00,1022.00,1005.00,1009.00,3394602
22-May-15,1010.00,1025.00,1005.00,1019.00,2814559
21-May-15,1001.00,1013.00,996.50,1011.00,3324276
20-May-15,1013.00,1018.00,1003.00,1004.00,3650165
19-May-15,1012.00,1021.00,1003.00,1009.00,4798575
18-May-15,1012.00,1020.00,1002.00,1010.00,3975474
15-May-15,1014.00,1020.00,1006.00,1013.00,3266908
14-May-15,1006.00,1015.00,1000.00,1013.00,2278014
13-May-15,1005.00,1014.00,1000.00,1005.00,3943324
12-May-15,1018.00,1023.00,999.33,1005.00,3808241
11-May-15,1023.00,1030.34,1013.66,1020.00,3845792
8-May-15,1030.00,1039.08,1016.00,1030.00,5460243
7-May-15,1020.00,1025.00,994.50,1017.00,6543200
6-May-15,1031.00,1040.34,1016.00,1023.00,4930331
5-May-15,1060.00,1061.00,1035.00,1035.00,7187528
1-May-15,1044.00,1045.00,1030.66,1043.00,2542111
30-Apr-15,1030.00,1047.00,1023.00,1046.00,5351010
29-Apr-15,1043.00,1051.00,1028.66,1030.00,3885947
28-Apr-15,1048.00,1049.00,1033.00,1038.00,4180068
27-Apr-15,1049.00,1058.00,1036.00,1054.00,4800421
24-Apr-15,1038.00,1051.00,1038.00,1050.00,5285929
23-Apr-15,1053.00,1056.00,1031.00,1035.00,6476935
22-Apr-15,1044.00,1061.00,1035.00,1048.00,9917674
21-Apr-15,983.00,1014.00,983.00,1007.00,5488988
20-Apr-15,978.50,990.00,976.50,982.00,2990761
17-Apr-15,979.00,1003.50,971.00,978.50,5930367
16-Apr-15,991.00,991.00,971.00,980.00,5140642
15-Apr-15,976.50,989.05,973.50,986.50,4453668
14-Apr-15,964.50,976.00,964.50,973.50,3429824
13-Apr-15,972.50,975.12,959.00,969.00,3349877
10-Apr-15,952.50,976.50,951.70,975.00,4544175
9-Apr-15,951.00,953.50,941.50,950.00,4335631
8-Apr-15,950.00,956.75,943.50,944.00,3679888
7-Apr-15,949.50,954.50,946.50,952.00,4306894
2-Apr-15,947.50,951.25,939.31,943.50,4085448
1-Apr-15,938.50,956.88,935.24,950.00,5392396
31-Mar-15,959.00,972.00,952.50,953.00,5390677
30-Mar-15,956.50,969.00,950.00,961.50,3992305
27-Mar-15,960.50,970.50,944.50,947.50,5822725
26-Mar-15,972.50,980.00,958.66,962.00,5912139
25-Mar-15,988.00,991.69,976.50,981.00,3302460
24-Mar-15,986.50,999.00,981.00,988.50,4523010
23-Mar-15,987.00,993.50,978.00,987.00,3650867
20-Mar-15,982.50,990.00,975.00,987.50,3978622
19-Mar-15,987.50,994.50,981.00,982.50,3413503
18-Mar-15,965.00,986.00,964.58,984.00,4480011
17-Mar-15,970.00,976.05,921.08,966.50,5349466
16-Mar-15,972.50,973.00,960.50,970.50,4545599
13-Mar-15,974.00,977.50,962.00,969.50,6144342
12-Mar-15,980.00,1002.00,967.00,970.00,5657547
11-Mar-15,973.50,979.88,970.50,976.00,3241195
10-Mar-15,990.50,1000.25,973.00,973.00,5826288
9-Mar-15,983.00,1001.25,982.00,995.50,6514503
6-Mar-15,982.50,998.10,982.08,987.00,8434429
5-Mar-15,955.00,988.50,952.62,985.00,7794043
4-Mar-15,936.50,951.42,936.50,950.00,5906864
3-Mar-15,934.00,948.50,929.50,937.00,7133975
2-Mar-15,947.00,950.00,930.50,934.50,6071415
27-Feb-15,942.00,958.50,937.00,949.00,6125729
26-Feb-15,937.50,947.39,936.50,943.50,4092285
25-Feb-15,937.50,945.75,933.00,939.00,4085910
24-Feb-15,950.00,950.00,930.50,936.50,5998786
23-Feb-15,960.50,961.78,947.00,950.00,6656280
20-Feb-15,955.00,964.00,953.00,956.00,12191890
19-Feb-15,950.00,970.00,938.25,962.00,10017983
18-Feb-15,923.00,936.50,915.10,934.50,5145454
17-Feb-15,932.50,941.50,916.38,922.50,8007243
16-Feb-15,935.00,943.50,929.55,936.50,5571649
13-Feb-15,880.00,950.08,873.00,944.50,16468628
12-Feb-15,900.50,915.71,897.00,905.00,7810786
11-Feb-15,914.50,919.50,901.50,905.00,4274810
10-Feb-15,904.50,919.50,903.00,918.00,4780904
9-Feb-15,905.50,921.57,896.50,902.00,5998627
6-Feb-15,917.50,925.45,908.00,912.00,4979395
5-Feb-15,893.00,922.00,888.00,918.00,6773527
4-Feb-15,892.50,900.00,885.50,899.50,5580442
3-Feb-15,887.50,899.50,884.00,894.00,5589654
2-Feb-15,886.00,889.65,871.00,884.00,6104739
30-Jan-15,890.00,898.50,884.00,891.50,5826915
29-Jan-15,880.50,890.00,878.00,887.50,4897668
28-Jan-15,883.50,884.50,858.50,882.50,6029614
27-Jan-15,900.00,903.00,878.00,879.00,5450087
26-Jan-15,900.00,907.50,897.00,903.00,3831379
23-Jan-15,901.00,904.50,895.50,902.00,4441967
22-Jan-15,892.00,901.50,876.50,899.00,6521050
21-Jan-15,884.50,893.00,880.50,892.00,4947751
20-Jan-15,873.50,885.00,869.50,882.50,4020185
19-Jan-15,860.00,873.50,860.00,869.50,3362043
16-Jan-15,850.00,863.50,832.13,854.51,5399748
15-Jan-15,858.50,862.50,841.50,853.00,8818415
14-Jan-15,845.50,857.86,844.90,852.50,7539298
13-Jan-15,850.00,868.54,849.83,862.50,6641107
12-Jan-15,862.50,873.50,858.50,868.50,3405366
9-Jan-15,882.00,885.00,856.00,862.00,4357635
8-Jan-15,868.00,886.50,865.50,882.00,5525702
7-Jan-15,860.00,863.50,853.00,859.50,3708441
6-Jan-15,853.50,861.00,839.86,854.00,4218518
5-Jan-15,860.00,870.50,844.00,853.50,4919871
31-Dec-14,860.50,872.58,860.50,870.00,571388
30-Dec-14,877.00,879.00,857.00,859.50,1400737
29-Dec-14,877.00,880.00,872.00,878.50,1315794
24-Dec-14,-,-,-,874.50,0
23-Dec-14,875.00,876.08,868.00,874.50,2427172
22-Dec-14,877.50,883.00,871.50,873.50,2469250
19-Dec-14,873.00,883.00,862.00,870.50,7899920
18-Dec-14,842.00,857.00,841.00,857.00,5052405
17-Dec-14,824.00,839.50,817.50,833.50,4341043
16-Dec-14,814.00,834.43,812.72,832.00,6745415
15-Dec-14,807.00,826.00,807.00,809.50,6992460
12-Dec-14,831.50,833.78,798.58,808.50,7060440
11-Dec-14,857.50,867.68,829.28,831.50,8801663
10-Dec-14,867.00,884.50,854.50,856.00,7333918
9-Dec-14,889.00,890.00,859.50,860.50,5592452
8-Dec-14,899.50,899.50,885.50,892.50,2831556
5-Dec-14,883.50,904.00,881.69,900.00,3955280
4-Dec-14,870.00,885.50,866.50,880.50,6207809
3-Dec-14,859.50,870.05,857.00,867.50,3791291
2-Dec-14,855.00,860.00,850.50,857.50,3287902
1-Dec-14,836.50,860.18,832.00,854.50,5048360
28-Nov-14,865.00,865.00,838.50,842.50,5371932
27-Nov-14,870.50,871.50,857.50,860.00,2388131
26-Nov-14,868.00,876.50,865.00,867.00,3670687
25-Nov-14,854.50,861.50,850.50,861.00,6548142
24-Nov-14,855.00,858.57,848.00,850.00,3015174
21-Nov-14,850.00,859.73,846.50,853.50,4945009
20-Nov-14,846.00,850.00,839.50,844.00,2725005
19-Nov-14,848.00,848.00,840.00,844.50,3030061
18-Nov-14,851.50,853.50,842.50,845.00,3222213
17-Nov-14,845.50,852.50,830.73,849.00,3434112
14-Nov-14,846.50,854.50,846.50,850.00,3547875
13-Nov-14,858.00,863.48,840.50,846.00,4374954
12-Nov-14,872.50,875.50,854.00,858.50,4230698
11-Nov-14,870.50,884.50,868.76,873.50,2845368
10-Nov-14,870.00,875.00,868.00,871.00,4196195
7-Nov-14,877.00,882.00,864.01,867.00,4125076
6-Nov-14,850.50,880.00,848.00,874.00,6590124
5-Nov-14,848.50,854.50,838.00,854.00,6399542
4-Nov-14,829.50,869.50,825.50,848.00,8587013
3-Nov-14,842.50,854.50,829.52,835.00,5332067
31-Oct-14,818.00,845.00,818.00,843.00,9805258
30-Oct-14,802.50,815.50,795.50,815.50,7534530
29-Oct-14,792.50,804.00,791.50,802.00,8204420
28-Oct-14,785.00,787.89,777.50,786.00,5072272
27-Oct-14,796.50,804.48,777.00,779.50,6067850
24-Oct-14,797.50,802.29,791.50,795.00,6333858
23-Oct-14,793.50,803.50,786.30,801.50,8040961
22-Oct-14,805.00,816.00,793.00,800.50,9643825
21-Oct-14,813.50,818.08,798.50,803.00,10245150
20-Oct-14,834.00,838.50,815.00,818.00,9294154
17-Oct-14,874.00,881.50,787.00,832.00,24806536
16-Oct-14,936.00,947.50,920.00,940.50,6913742
15-Oct-14,961.00,970.60,930.00,932.50,6719186
14-Oct-14,926.50,961.00,925.00,957.50,6478671
13-Oct-14,922.00,946.50,920.50,937.00,3856943
10-Oct-14,933.00,938.90,923.65,929.50,3993618
9-Oct-14,956.00,972.00,938.50,942.00,5266028
8-Oct-14,935.00,949.00,929.50,943.50,3855625
7-Oct-14,960.00,962.30,939.50,940.00,3242633
6-Oct-14,958.00,965.00,953.00,961.50,4310874
3-Oct-14,943.50,956.92,939.50,953.50,4634435
2-Oct-14,943.50,953.30,938.00,938.00,4338082
1-Oct-14,965.50,971.30,943.00,944.00,4052241
30-Sep-14,969.00,977.00,958.65,964.50,3877027
29-Sep-14,964.00,971.50,962.00,967.50,2811434
26-Sep-14,961.00,966.00,955.00,963.50,3462592
25-Sep-14,971.00,977.50,957.00,960.50,4105628
24-Sep-14,967.00,976.00,966.45,972.00,5086690
23-Sep-14,1001.00,1004.00,965.00,965.50,5155039
22-Sep-14,1008.00,1012.00,1002.00,1003.00,2847735
19-Sep-14,1027.00,1032.00,1013.00,1013.00,6201523
18-Sep-14,1012.00,1020.36,1007.89,1017.00,3323264
17-Sep-14,1021.00,1021.00,1007.00,1012.00,3197945
16-Sep-14,1012.00,1018.00,1006.00,1010.00,2711390
15-Sep-14,1022.00,1022.89,1007.00,1013.00,3559658
12-Sep-14,1024.00,1029.00,1017.00,1025.00,2537613
11-Sep-14,1030.00,1036.00,1016.00,1022.00,3517440
10-Sep-14,1019.00,1033.00,1013.00,1028.00,3859030
9-Sep-14,1018.00,1025.00,1013.00,1019.00,3334040
8-Sep-14,1019.00,1028.00,1004.22,1015.00,2917006
5-Sep-14,1021.00,1027.00,1016.50,1019.00,2613632
4-Sep-14,1025.00,1028.00,1017.28,1021.00,3017114
3-Sep-14,1031.00,1036.00,1023.00,1024.00,3692520
2-Sep-14,1035.00,1039.00,1029.00,1031.00,2026960
1-Sep-14,1024.00,1034.00,1020.00,1030.00,1752616
29-Aug-14,1022.00,1030.00,1014.00,1021.00,3492155
28-Aug-14,1030.00,1037.09,1019.00,1020.00,2781958
27-Aug-14,1025.00,1041.00,1019.00,1033.00,2458223
26-Aug-14,1030.00,1031.90,1020.00,1026.00,3004750
22-Aug-14,1038.00,1039.00,1018.00,1022.00,2930714
21-Aug-14,1025.00,1038.90,1019.00,1037.00,2728489
20-Aug-14,1032.00,1034.85,1015.00,1023.00,3577833
19-Aug-14,1055.00,1057.00,1030.00,1033.00,3648497
18-Aug-14,1055.00,1059.00,1052.00,1054.00,1570733
15-Aug-14,1046.00,1061.00,1040.00,1048.00,1915902
14-Aug-14,1038.00,1051.00,1036.00,1047.00,2299985
13-Aug-14,1043.00,1046.00,1029.00,1039.00,2618297
12-Aug-14,1043.00,1046.34,1034.00,1040.00,1849067
11-Aug-14,1050.00,1052.00,1043.00,1046.00,2483555
8-Aug-14,1034.00,1049.00,1033.00,1046.00,2857165
7-Aug-14,1037.00,1050.00,1026.00,1044.00,3525565
6-Aug-14,1030.00,1041.00,1026.34,1040.00,4064391
5-Aug-14,1039.00,1043.00,1024.00,1037.00,2868113
4-Aug-14,1043.00,1048.00,1036.34,1039.00,2653802
1-Aug-14,1039.00,1049.00,1027.00,1040.00,3423936
31-Jul-14,1040.00,1051.56,1024.00,1040.00,3462252
30-Jul-14,1050.00,1055.00,1041.00,1055.00,2413131
29-Jul-14,1058.00,1064.00,1045.34,1047.00,2704602
28-Jul-14,1053.00,1060.00,1046.00,1054.00,2123221
25-Jul-14,1045.00,1057.00,1042.00,1053.00,2297883
24-Jul-14,1044.00,1052.00,1036.00,1046.00,1523166
23-Jul-14,1042.00,1056.59,1040.00,1043.00,2129508
22-Jul-14,1034.00,1048.00,1034.00,1044.00,1571530
21-Jul-14,1030.00,1038.35,1029.64,1032.00,1501993
18-Jul-14,1032.00,1035.00,1020.00,1032.00,2535937
17-Jul-14,1055.00,1063.00,1037.00,1040.00,2668882
16-Jul-14,1043.00,1069.00,1040.00,1061.00,2555628
15-Jul-14,1046.00,1054.66,1036.00,1041.00,2764347
14-Jul-14,1048.00,1063.25,1047.00,1050.00,2718950
11-Jul-14,1039.00,1046.09,1032.00,1037.00,2558213
10-Jul-14,1044.00,1054.00,1035.83,1039.00,2970846
9-Jul-14,1061.00,1062.00,1045.00,1053.22,3567432
8-Jul-14,1060.00,1068.00,1054.00,1057.00,3257433
7-Jul-14,1061.00,1063.89,1052.00,1062.50,2225362
4-Jul-14,1065.00,1067.00,1060.00,1063.00,1336698
3-Jul-14,1049.00,1070.00,1046.20,1063.00,3052239
2-Jul-14,1075.00,1081.00,1045.00,1048.00,3101806
1-Jul-14,1068.00,1074.37,1059.00,1070.00,3003272
30-Jun-14,1072.00,1075.00,1052.00,1068.89,4167172
27-Jun-14,1054.00,1074.28,1052.00,1069.00,3370224
26-Jun-14,1047.00,1053.00,1037.00,1046.00,3727374
25-Jun-14,1026.00,1048.00,1021.00,1045.00,5252895
24-Jun-14,1058.00,1061.70,1031.00,1032.00,5101624
23-Jun-14,1087.00,1087.00,1052.00,1053.00,5088592
20-Jun-14,1090.00,1094.00,1070.00,1085.00,6362351
19-Jun-14,1066.00,1092.25,1066.00,1092.00,10290505
18-Jun-14,1014.00,1019.00,1005.00,1010.00,3303168
17-Jun-14,1011.00,1022.03,1005.00,1011.00,3064443
16-Jun-14,1007.00,1017.00,994.61,1005.00,5202738
13-Jun-14,1026.00,1028.00,1008.00,1020.00,3256903
12-Jun-14,1020.00,1039.00,1013.00,1027.00,7058421
11-Jun-14,1060.00,1066.00,1015.00,1017.00,10363235
10-Jun-14,1064.00,1080.00,1063.00,1076.00,3322277
9-Jun-14,1076.00,1081.70,1066.00,1071.00,1550880
6-Jun-14,1073.00,1076.00,1067.61,1076.00,3019307
5-Jun-14,1065.00,1076.00,1058.00,1069.95,3002546
4-Jun-14,1052.00,1062.00,1051.00,1062.00,2784914
3-Jun-14,1062.00,1063.00,1051.00,1057.89,2459453
2-Jun-14,1043.00,1063.00,1041.30,1063.00,3980883
30-May-14,1035.00,1042.00,1027.00,1039.95,5054958
29-May-14,1020.00,1036.00,1017.59,1035.00,3025693
28-May-14,1005.00,1017.00,1004.00,1015.95,4199143
27-May-14,998.00,1005.00,997.95,997.95,3186810
23-May-14,1002.00,1010.00,997.50,998.00,2093495
22-May-14,999.00,1007.00,999.00,1003.00,3223277
21-May-14,1005.00,1014.00,997.50,1001.00,4319518
20-May-14,1025.00,1025.00,1003.00,1003.95,2434511
19-May-14,1006.00,1023.00,999.50,1020.95,3055450
16-May-14,1028.00,1033.00,996.00,1003.00,5182903
15-May-14,1020.00,1028.00,1014.00,1022.95,5474344
14-May-14,1035.00,1036.00,1021.00,1029.95,3314062
13-May-14,1011.00,1030.23,1008.00,1028.00,4051952
12-May-14,1001.00,1008.15,1000.00,1004.00,2033957
9-May-14,995.00,1009.00,989.00,1001.00,4414804
8-May-14,1008.00,1016.00,1004.00,1013.00,3635571
7-May-14,1040.00,1040.00,1004.00,1008.00,6167427
6-May-14,1030.00,1042.00,1024.64,1039.05,2867544
2-May-14,1037.00,1042.00,1023.00,1026.00,2952453
1-May-14,1027.00,1050.00,1011.00,1040.00,3434028
30-Apr-14,1033.00,1053.00,1018.00,1050.00,5167349
29-Apr-14,1029.00,1031.80,1017.00,1021.00,3366943
28-Apr-14,1038.00,1044.00,1023.00,1025.00,3277944
25-Apr-14,1029.00,1045.00,1025.72,1038.00,2368409
24-Apr-14,1038.00,1042.00,1019.72,1031.00,3121003
23-Apr-14,1055.00,1056.00,1029.00,1030.00,4177234
22-Apr-14,1045.00,1061.27,1045.00,1060.00,3355056
17-Apr-14,1025.00,1049.24,1024.15,1046.00,2995559
16-Apr-14,1019.00,1026.00,1008.59,1022.00,4332796
15-Apr-14,1024.00,1028.00,1008.00,1009.00,3550697
14-Apr-14,1025.00,1033.00,1005.00,1019.00,3844297
11-Apr-14,1050.00,1054.00,1028.00,1033.00,4006440
10-Apr-14,1071.00,1071.00,1054.56,1060.00,3275025
9-Apr-14,1060.00,1070.29,1054.75,1069.00,2891352
8-Apr-14,1067.00,1076.00,1042.00,1053.89,3676078
7-Apr-14,1074.00,1081.00,1069.00,1070.00,3152890
4-Apr-14,1095.00,1099.17,1079.00,1083.00,3428594
3-Apr-14,1094.00,1103.00,1091.00,1093.00,1787671
2-Apr-14,1105.00,1108.00,1093.00,1093.00,3376608
1-Apr-14,1084.00,1103.00,1078.00,1097.68,3543274
31-Mar-14,1077.00,1088.00,1073.00,1074.00,4277523
28-Mar-14,1082.00,1093.00,1074.00,1077.00,3381982
27-Mar-14,1078.00,1087.00,1073.25,1078.00,4278763
26-Mar-14,1098.00,1103.67,1075.00,1077.00,4744269
25-Mar-14,1083.00,1099.50,1080.61,1099.00,3599925
24-Mar-14,1086.00,1089.00,1070.00,1081.00,3356591
21-Mar-14,1079.00,1086.00,1070.00,1080.00,7511878
20-Mar-14,1062.00,1080.00,1062.00,1077.00,3107946
19-Mar-14,1090.00,1092.00,1061.00,1073.00,6257043
18-Mar-14,1045.00,1064.00,1040.00,1060.00,3529109
17-Mar-14,1035.00,1050.36,1032.96,1047.00,3263978
14-Mar-14,1004.00,1037.00,1000.00,1033.00,5697111
13-Mar-14,1036.00,1038.00,1010.00,1010.00,3885934
12-Mar-14,1047.00,1050.00,1021.00,1034.00,5317730
11-Mar-14,1044.00,1068.00,1044.00,1052.00,5139287
10-Mar-14,1050.00,1064.00,1034.00,1043.00,7781027
7-Mar-14,1044.00,1049.00,1021.00,1026.00,6779635
6-Mar-14,1025.00,1043.00,1000.00,1039.00,6330353
5-Mar-14,1039.00,1047.00,1021.00,1025.00,6271472
4-Mar-14,1011.00,1041.00,1007.00,1031.31,5905510
3-Mar-14,988.00,1004.00,980.00,1000.00,7265668
28-Feb-14,987.50,1006.00,987.50,999.00,6775924
27-Feb-14,965.50,997.50,962.50,992.50,9246337
26-Feb-14,983.00,986.00,952.00,961.50,9345644
25-Feb-14,993.50,994.50,976.50,979.00,8479743
24-Feb-14,992.50,999.50,986.00,990.00,6045735
21-Feb-14,1020.00,1025.00,993.50,995.00,5944988
20-Feb-14,991.50,1015.00,991.00,1012.16,5542581
19-Feb-14,980.00,1002.00,978.00,1000.25,7140596
18-Feb-14,1000.00,1005.00,976.00,976.50,10256865
17-Feb-14,1023.00,1037.00,1001.00,1006.00,5622504
14-Feb-14,1050.00,1060.00,1017.00,1025.00,12573090
13-Feb-14,1104.00,1110.00,995.00,1045.00,23832102
12-Feb-14,1211.00,1219.00,1201.00,1210.00,3956530
11-Feb-14,1199.00,1213.00,1195.00,1205.00,3438578
10-Feb-14,1175.00,1192.00,1175.00,1189.00,3277455
7-Feb-14,1184.00,1201.00,1174.00,1177.00,4912794
6-Feb-14,1171.00,1185.00,1164.00,1180.00,3276283
5-Feb-14,1159.00,1177.00,1154.00,1165.00,3459715
4-Feb-14,1164.00,1169.00,1148.00,1160.00,4234061
3-Feb-14,1185.00,1200.00,1161.00,1165.00,4623746
31-Jan-14,1174.00,1191.00,1159.00,1187.00,3989848
30-Jan-14,1191.00,1191.00,1172.00,1174.00,3707487
29-Jan-14,1215.00,1216.00,1183.00,1193.00,4447872
28-Jan-14,1190.00,1218.00,1188.00,1209.00,4555775
27-Jan-14,1172.00,1188.00,1160.00,1184.00,4185746
24-Jan-14,1207.00,1219.00,1163.00,1172.00,7622408
23-Jan-14,1236.00,1237.00,1203.00,1204.00,5596079
22-Jan-14,1250.00,1256.00,1233.00,1234.00,2688678
21-Jan-14,1240.00,1255.00,1236.00,1246.00,2848393
20-Jan-14,1251.00,1252.00,1245.00,1249.00,1601903
17-Jan-14,1250.00,1255.00,1248.00,1250.00,4293040
16-Jan-14,1245.00,1254.00,1242.00,1247.00,2992957
15-Jan-14,1250.00,1256.00,1243.00,1246.00,2652770
14-Jan-14,1234.00,1242.00,1233.00,1241.00,3634015
13-Jan-14,1239.00,1248.00,1237.00,1245.00,3226179
10-Jan-14,1248.00,1250.00,1237.00,1239.00,4545103
9-Jan-14,1275.00,1287.00,1241.00,1248.00,5409838
8-Jan-14,1289.00,1289.00,1271.00,1286.00,2773140
7-Jan-14,1284.00,1292.00,1274.00,1289.00,2850328
6-Jan-14,1272.00,1294.00,1269.00,1289.00,2197668
3-Jan-14,1264.00,1275.00,1263.00,1271.00,1119198
2-Jan-14,1277.00,1277.00,1261.00,1266.00,1679931
31-Dec-13,1260.00,1277.00,1260.00,1275.00,597396
30-Dec-13,1273.00,1278.00,1254.00,1261.00,1411102
27-Dec-13,1260.00,1273.00,1255.00,1271.00,1209219
24-Dec-13,1238.00,1258.00,1238.00,1255.00,340341
23-Dec-13,1250.00,1255.00,1228.00,1249.00,2490277
20-Dec-13,1231.00,1249.00,1228.00,1243.00,3921960
19-Dec-13,1245.00,1247.00,1230.00,1241.00,3867571
18-Dec-13,1229.00,1238.00,1226.00,1227.00,2577232
17-Dec-13,1231.00,1237.00,1222.00,1222.00,2036371
16-Dec-13,1201.00,1236.00,1197.00,1236.00,2669890
13-Dec-13,1187.00,1208.00,1185.00,1203.00,2479258
12-Dec-13,1204.00,1205.00,1183.00,1190.00,2505652
11-Dec-13,1190.00,1211.00,1187.00,1204.00,2807729
10-Dec-13,1207.00,1207.00,1192.00,1192.00,2942750
9-Dec-13,1200.00,1208.00,1195.00,1206.00,2350335
6-Dec-13,1195.00,1200.00,1186.00,1195.00,1708722
5-Dec-13,1195.00,1201.00,1191.00,1191.00,2651671
4-Dec-13,1200.00,1206.00,1195.00,1198.00,2626601
3-Dec-13,1210.00,1215.00,1197.00,1200.00,3061307
2-Dec-13,1238.00,1241.00,1210.00,1214.00,3427145
29-Nov-13,1236.00,1250.00,1235.00,1235.00,1937831
28-Nov-13,1250.00,1255.00,1235.00,1239.00,1868564
27-Nov-13,1239.00,1251.00,1228.00,1247.00,2268397
26-Nov-13,1233.00,1239.00,1232.00,1238.00,2949854
25-Nov-13,1244.00,1246.00,1235.00,1238.00,1942188
22-Nov-13,1231.00,1243.00,1230.00,1238.00,1863955
21-Nov-13,1232.00,1236.00,1222.00,1232.00,2472770
20-Nov-13,1231.00,1246.00,1230.00,1239.00,2897001
19-Nov-13,1226.00,1242.00,1223.00,1235.00,2313620
18-Nov-13,1245.00,1245.00,1221.00,1233.00,3622061
15-Nov-13,1235.00,1238.00,1212.00,1224.00,2767827
14-Nov-13,1217.00,1238.00,1214.00,1235.00,3151838
13-Nov-13,1212.00,1216.00,1199.00,1210.00,2793812
12-Nov-13,1208.00,1219.00,1203.00,1213.00,2122599
11-Nov-13,1210.00,1215.00,1208.00,1210.00,2860291
8-Nov-13,1175.00,1225.00,1170.00,1210.00,5701213
7-Nov-13,1153.00,1171.00,1148.00,1170.00,5090933
6-Nov-13,1153.00,1158.00,1143.00,1150.00,2603860
5-Nov-13,1141.00,1149.00,1129.00,1146.00,3438437
4-Nov-13,1142.00,1150.00,1134.00,1136.00,2138803
1-Nov-13,1153.00,1162.00,1140.00,1143.00,2889808
31-Oct-13,1150.00,1157.00,1141.00,1150.00,3752449
30-Oct-13,1165.00,1167.00,1144.00,1155.89,2592818
29-Oct-13,1154.00,1164.00,1151.00,1160.00,1938177
28-Oct-13,1175.00,1175.00,1154.00,1159.00,2231262
25-Oct-13,1171.00,1175.00,1165.00,1171.00,2705977
24-Oct-13,1147.00,1178.00,1146.00,1174.00,4499403
23-Oct-13,1134.00,1145.00,-,1144.00,3336068
22-Oct-13,1125.00,1146.00,1121.00,1137.00,4180489
21-Oct-13,1095.00,1124.00,1093.00,1123.00,3015925
18-Oct-13,1103.00,1104.00,1086.00,1092.00,4404754
17-Oct-13,1097.00,1107.00,1092.00,1097.00,2448258
16-Oct-13,1115.00,1116.00,1090.00,1102.00,3213190
15-Oct-13,1131.00,1137.00,1111.00,1115.00,2996321
14-Oct-13,1117.00,1125.00,1116.00,1125.00,1326087
11-Oct-13,1120.00,1124.00,1112.00,1120.00,2699405
10-Oct-13,1085.00,1119.00,1084.00,1115.00,3079080
9-Oct-13,1095.00,1101.00,1081.00,1082.00,3350778
8-Oct-13,1117.00,1126.00,1098.00,1099.00,2940121
7-Oct-13,1120.00,1122.00,1112.00,1119.00,1690613
4-Oct-13,1109.00,1120.00,1102.00,1115.00,3570511
3-Oct-13,1120.00,1125.00,1104.00,1105.00,3032411
2-Oct-13,1130.00,1132.00,1105.00,1120.00,4295655
1-Oct-13,1118.00,1144.00,1118.00,1134.00,4831090
30-Sep-13,1116.00,1119.00,1104.00,1112.00,3030694
27-Sep-13,1135.00,1138.00,1120.00,1125.00,3353180
26-Sep-13,1127.00,1139.00,1125.00,1129.00,2122850
25-Sep-13,1116.00,1127.00,1113.00,1122.00,2637417
24-Sep-13,1114.00,1136.00,1114.00,1132.00,5032408
20-Sep-13,1107.00,1114.00,1105.00,1106.00,4547473
19-Sep-13,1109.00,1115.00,1099.00,1112.00,3749786
18-Sep-13,1095.00,1105.00,1093.00,1096.00,3390062
17-Sep-13,1107.00,1119.00,1088.00,1089.00,4255576
16-Sep-13,1135.00,1136.00,1106.00,1106.00,3787630
13-Sep-13,1135.00,1140.00,1121.00,1125.00,2001668
12-Sep-13,1129.00,1136.00,1121.00,1135.00,2730448
11-Sep-13,1128.00,1139.00,1120.00,1125.00,1927248
10-Sep-13,1140.00,1148.00,1131.00,1131.00,2639523
9-Sep-13,1145.00,1147.00,1129.00,1134.00,1498253
6-Sep-13,1151.00,1155.00,1132.00,1142.00,2722822
5-Sep-13,1118.00,1148.00,1118.00,1147.00,3390732
4-Sep-13,1128.00,1129.00,1114.00,1119.00,2977107
3-Sep-13,1129.00,1132.00,1121.00,1128.00,3290842
2-Sep-13,1120.00,1132.00,1120.00,1128.00,1269461
30-Aug-13,1119.00,1129.00,1112.00,1112.00,3167280
29-Aug-13,1099.00,1122.00,1099.00,1116.00,2448290
28-Aug-13,1110.00,1110.00,1078.00,1092.00,3361599
27-Aug-13,1136.00,1141.00,1113.00,1114.00,2568919
23-Aug-13,1134.00,1147.00,1128.00,1138.00,1598736
22-Aug-13,1124.00,1139.00,1124.00,1132.00,2196606
21-Aug-13,1128.00,1140.00,1123.00,1124.00,2788091
20-Aug-13,1119.00,1133.00,1115.00,1126.00,2085556
19-Aug-13,1124.00,1136.00,1123.00,1127.00,1918872
16-Aug-13,1120.00,1127.00,1112.00,1121.00,3579460
15-Aug-13,1144.00,1150.00,1117.00,1123.00,2046975
14-Aug-13,1145.00,1154.00,1140.00,1147.00,2307911
13-Aug-13,1160.00,1164.00,1141.00,1142.00,3471555
12-Aug-13,1189.00,1190.00,1150.00,1157.00,2599914
9-Aug-13,1190.00,1194.00,1178.00,1184.00,1510504
8-Aug-13,1197.00,1199.00,1181.00,1185.00,1615391
7-Aug-13,1187.00,1203.00,1184.00,1194.00,2889653
6-Aug-13,1184.00,1197.00,1184.00,1190.00,2466607
5-Aug-13,1190.00,1199.00,1179.00,1185.00,2320918
2-Aug-13,1195.00,1200.00,1185.00,1189.00,1395370
1-Aug-13,1184.00,1197.00,1184.00,1192.00,2221750
31-Jul-13,1181.00,1195.00,1170.00,1175.00,3426155
30-Jul-13,1192.00,1201.00,1184.00,1186.00,2258182
29-Jul-13,1204.00,1214.00,1190.00,1197.00,2269380
26-Jul-13,1208.00,1229.00,1177.00,1200.00,5393349
25-Jul-13,1230.00,1248.00,1206.00,1240.00,5860651
24-Jul-13,1175.00,1199.00,1155.00,1180.00,2804914
23-Jul-13,1188.00,1194.00,1178.00,1180.00,2035945
22-Jul-13,1199.00,1199.00,1181.00,1189.00,1346902
19-Jul-13,1195.00,1200.00,1189.71,1196.00,2203069
18-Jul-13,1178.00,1203.00,1172.70,1200.00,1859432
17-Jul-13,1190.00,1198.00,1166.00,1182.00,3454299
16-Jul-13,1208.00,1216.92,1190.00,1190.00,2061087
15-Jul-13,1205.00,1223.00,1202.00,1208.00,1239486
12-Jul-13,1204.00,1209.00,1195.00,1203.00,1817251
11-Jul-13,1212.00,1215.78,1183.00,1202.00,2299142
10-Jul-13,1199.00,1208.00,1183.00,1196.00,2004853
9-Jul-13,1210.00,1226.00,1193.00,1204.00,2474373
8-Jul-13,1209.00,1217.00,1201.00,1203.00,1512578
5-Jul-13,1197.00,1211.00,1187.00,1193.00,2849676
4-Jul-13,1147.00,1194.00,1145.00,1191.00,3586189
3-Jul-13,1140.00,1146.00,1130.88,1138.00,2508430
2-Jul-13,1160.00,1162.00,1141.00,1161.00,2355870
1-Jul-13,1146.00,1164.00,1139.00,1164.00,2398765
28-Jun-13,1153.00,1170.00,1134.00,1134.00,5682154
27-Jun-13,1129.00,1150.00,1122.00,1146.00,4082256
26-Jun-13,1126.00,1140.00,1115.00,1133.00,2283668
25-Jun-13,1126.00,1135.00,1118.00,1125.00,3620738
24-Jun-13,1153.00,1156.00,1112.00,1113.00,4165817
21-Jun-13,1159.00,1185.00,1154.22,1155.00,6279744
20-Jun-13,1178.00,1182.00,1148.00,1154.00,3892129
19-Jun-13,1191.00,1204.00,1170.00,1192.00,2762479
18-Jun-13,1167.00,1192.00,1165.00,1188.00,2984047
17-Jun-13,1176.00,1181.61,1158.00,1167.00,3868477
14-Jun-13,1190.00,1195.00,1168.00,1169.00,2463843
13-Jun-13,1171.00,1173.00,1153.00,1167.00,2465342
12-Jun-13,1191.00,1196.00,1184.00,1190.00,2582261
11-Jun-13,1185.00,1205.00,1169.00,1187.00,3486930
10-Jun-13,1169.00,1196.00,1169.00,1181.00,2425784
7-Jun-13,1168.00,1188.56,1149.00,1174.00,3371502
6-Jun-13,1190.00,1196.00,1162.00,1163.00,2157174
5-Jun-13,1184.00,1195.00,1180.00,1190.00,4126951
4-Jun-13,1193.00,1195.00,1172.00,1190.00,2332975
3-Jun-13,1203.00,1203.00,1183.00,1187.00,2063175
31-May-13,1217.00,1217.00,1176.00,1205.00,3929647
30-May-13,1184.00,1219.00,1184.00,1219.00,2590850
29-May-13,1216.00,1219.00,1186.00,1191.00,2269767
28-May-13,1204.00,1226.00,1203.00,1223.00,2089959
24-May-13,1192.00,1207.00,1186.52,1190.00,1719254
23-May-13,1199.00,1208.00,1181.67,1190.00,1920018
22-May-13,1208.00,1227.00,1199.00,1222.00,1898425
21-May-13,1194.00,1210.00,1192.00,1210.00,1382191
20-May-13,1180.00,1200.00,1174.00,1197.00,1754578
17-May-13,1204.00,1206.88,1178.00,1178.00,3275200
16-May-13,1225.00,1240.00,1202.00,1208.00,3270399
15-May-13,1212.00,1229.00,1212.00,1225.00,2722048
14-May-13,1189.00,1218.00,1185.00,1218.00,3303459
13-May-13,1170.00,1187.28,1170.00,1184.00,1688836
10-May-13,1171.00,1177.00,1157.12,1168.00,1714265
9-May-13,1158.00,1176.00,1158.00,1172.00,1551043
8-May-13,1139.00,1171.00,1139.00,1162.00,3510418
7-May-13,1133.00,1148.00,1129.25,1141.00,2246850
3-May-13,1124.00,1145.00,1118.00,1140.00,1853131
2-May-13,1126.00,1139.00,1114.00,1127.00,2255908
1-May-13,1121.00,1137.00,1115.00,1133.00,1581452
30-Apr-13,1130.00,1137.32,1126.00,1130.00,2894243
29-Apr-13,1130.00,1138.00,1118.00,1130.00,1849062
26-Apr-13,1134.00,1139.00,1118.00,1132.00,2085627
25-Apr-13,1132.00,1142.00,1131.00,1137.00,1958400
24-Apr-13,1139.00,1142.36,1124.00,1131.00,2493897
23-Apr-13,1120.00,1162.00,1117.00,1150.00,3851793
22-Apr-13,1127.00,1131.29,1105.00,1113.00,1964534
19-Apr-13,1125.00,1126.99,1109.00,1123.00,2823095
18-Apr-13,1131.00,1146.00,1125.00,1132.00,2729212
17-Apr-13,1125.00,1132.00,1108.00,1125.00,2797747
16-Apr-13,1121.00,1128.16,1115.00,1115.00,3300422
15-Apr-13,1127.00,1129.00,1114.00,1128.00,2178371
12-Apr-13,1128.00,1137.25,1116.00,1129.00,1943433
11-Apr-13,1099.00,1135.00,1097.00,1131.00,3134853
10-Apr-13,1085.00,1105.00,1085.00,1100.00,3241358
9-Apr-13,1090.00,1095.52,1076.00,1084.00,1948370
8-Apr-13,1087.00,1096.00,1076.48,1090.00,1447850
5-Apr-13,1098.00,1100.00,1064.00,1084.00,2729348
4-Apr-13,1124.00,1129.00,1094.00,1098.00,3581170
3-Apr-13,1134.00,1141.00,1123.00,1123.00,2162382
2-Apr-13,1128.00,1143.26,1124.02,1135.00,2770666
28-Mar-13,1104.00,1134.00,1099.00,1130.00,3008608
27-Mar-13,1109.00,1113.00,1090.00,1109.00,1809575
26-Mar-13,1111.00,1117.00,1086.00,1103.00,2360065
25-Mar-13,1105.00,1129.00,1104.00,1109.00,2412957
22-Mar-13,1103.00,1108.00,1096.00,1097.00,2574106
21-Mar-13,1127.00,1132.00,1104.00,1107.00,4852475
20-Mar-13,1118.00,1132.00,1113.00,1131.00,4357069
19-Mar-13,1093.00,1116.35,1091.02,1109.00,2656744
18-Mar-13,1067.00,1098.00,1062.00,1094.00,2393643
15-Mar-13,1096.00,1102.00,1071.00,1085.00,6307057
14-Mar-13,1068.00,1088.00,1065.00,1088.00,3852835
13-Mar-13,1052.00,1072.00,1046.00,1063.00,2805889
12-Mar-13,1049.00,1054.00,1038.00,1052.00,2105310
11-Mar-13,1048.00,1057.00,1044.00,1051.00,2348561
8-Mar-13,1055.00,1057.00,1043.00,1052.00,3195874
7-Mar-13,1042.00,1054.00,1039.00,1047.00,2497409
6-Mar-13,1038.00,1051.00,1028.32,1043.00,3218336
5-Mar-13,1035.00,1040.00,1028.00,1035.00,2406865
4-Mar-13,1019.00,1033.00,1019.00,1029.00,1839701
1-Mar-13,1032.00,1041.45,1010.00,1022.00,5216453
28-Feb-13,1024.00,1033.00,1018.00,1028.00,5345124
27-Feb-13,1028.00,1028.00,1016.85,1020.00,2966075
26-Feb-13,1012.00,1032.00,1010.00,1022.00,3732774
25-Feb-13,1041.00,1048.00,1027.00,1029.00,2802524
22-Feb-13,1035.00,1050.21,1034.00,1038.00,2244209
21-Feb-13,1056.00,1057.00,1025.00,1032.00,3513436
20-Feb-13,1042.00,1065.00,1036.00,1062.00,4249584
19-Feb-13,1004.00,1046.00,999.01,1043.00,4182882
18-Feb-13,1002.00,1014.01,1000.00,1004.00,2602460
15-Feb-13,1012.00,1021.00,999.00,1009.00,4841891
14-Feb-13,975.00,1028.00,958.00,1017.00,7111004
13-Feb-13,970.50,996.50,970.00,984.50,3787068
12-Feb-13,965.00,972.00,958.50,971.00,3415768
11-Feb-13,977.00,983.40,965.50,967.50,3608283
8-Feb-13,978.50,980.50,971.51,976.00,2814235
7-Feb-13,975.50,980.50,971.00,975.00,3756312
6-Feb-13,977.00,984.00,969.01,977.00,2302384
5-Feb-13,972.00,976.01,965.01,975.00,4634101
4-Feb-13,971.00,978.00,963.50,972.50,4850263
1-Feb-13,947.00,971.50,947.00,971.00,5094286
31-Jan-13,955.00,960.50,942.50,946.00,4206294
30-Jan-13,947.50,951.50,939.00,942.50,2584497
29-Jan-13,944.50,950.00,941.50,947.50,2548242
28-Jan-13,946.50,947.50,940.62,942.00,2532560
25-Jan-13,927.00,944.00,926.50,944.00,3069861
24-Jan-13,923.50,932.00,922.25,929.50,1980718
23-Jan-13,925.50,931.00,922.76,925.50,5620754
22-Jan-13,925.00,932.00,923.00,927.00,2594145
21-Jan-13,924.50,927.70,921.00,925.50,2840934
18-Jan-13,923.00,926.50,917.00,922.00,4621071
17-Jan-13,912.00,924.50,903.00,919.50,3513720
16-Jan-13,895.00,912.09,895.00,912.00,3313511
15-Jan-13,896.50,900.00,893.70,896.50,2955483
14-Jan-13,890.00,900.75,887.89,898.00,2919881
11-Jan-13,888.50,891.70,884.22,890.50,3628603
10-Jan-13,894.00,900.00,493.10,891.00,3963616
9-Jan-13,902.00,906.26,894.00,896.00,3152948
8-Jan-13,903.00,910.77,900.00,901.50,2207206
7-Jan-13,900.00,913.89,896.50,904.50,3710898
4-Jan-13,910.00,918.00,903.65,918.00,2583676
3-Jan-13,910.50,913.50,904.17,912.00,1823510
2-Jan-13,891.00,916.50,890.08,910.50,2846852
31-Dec-12,880.00,883.50,869.50,873.50,481905
28-Dec-12,889.00,889.00,879.79,883.50,1425174
27-Dec-12,881.00,892.00,881.00,887.00,1170251
24-Dec-12,886.00,890.00,878.50,885.00,629039
21-Dec-12,882.00,886.50,878.50,882.00,5130225
20-Dec-12,884.50,886.06,877.00,883.00,3655069
19-Dec-12,883.00,884.50,876.50,883.50,3532167
18-Dec-12,865.50,880.00,863.50,880.00,5289532
17-Dec-12,869.00,873.26,859.00,859.50,4768903
14-Dec-12,870.00,870.90,864.50,870.00,2895721
13-Dec-12,875.00,877.50,863.00,867.50,2104368
12-Dec-12,872.50,877.28,868.00,875.50,2626823
11-Dec-12,892.00,894.31,870.00,871.00,5256568
10-Dec-12,895.00,895.35,873.50,891.50,3112164
7-Dec-12,883.00,896.59,881.50,896.50,3728228
6-Dec-12,885.00,897.33,861.96,885.00,9880769
5-Dec-12,914.50,922.14,908.00,913.50,3905117
4-Dec-12,903.50,914.00,901.00,912.50,3399647
3-Dec-12,895.00,909.00,893.20,905.50,3328950
30-Nov-12,887.50,894.00,881.50,890.50,2922773
29-Nov-12,882.50,888.50,878.00,886.50,2482662
28-Nov-12,877.50,880.00,872.50,878.00,1458330
27-Nov-12,874.00,879.00,872.00,878.00,1720307
26-Nov-12,872.50,878.50,866.00,873.00,1593180
23-Nov-12,871.50,876.50,867.50,875.00,981661
22-Nov-12,872.50,877.50,869.50,872.00,1140084
21-Nov-12,872.00,875.00,869.00,870.00,1861621
20-Nov-12,864.00,873.50,858.50,873.50,1625996
19-Nov-12,848.00,867.00,847.50,867.00,2361004
16-Nov-12,851.00,858.50,844.50,844.50,2919069
15-Nov-12,864.50,870.50,851.00,852.00,3186529
14-Nov-12,872.00,880.50,869.50,871.00,5139784
13-Nov-12,867.50,876.50,865.50,876.00,4011984
12-Nov-12,874.00,877.00,867.00,871.00,3122721
9-Nov-12,845.00,879.00,840.00,877.00,6077275
8-Nov-12,868.00,869.50,858.71,861.00,2563666
7-Nov-12,883.50,887.00,863.50,863.50,2309462
6-Nov-12,874.50,880.04,871.00,879.00,1635268
5-Nov-12,873.00,879.50,867.50,873.00,1644477
2-Nov-12,877.00,884.50,872.50,880.50,3484713
1-Nov-12,855.50,880.00,855.00,877.00,4004454
31-Oct-12,858.00,860.50,854.50,854.50,3380913
30-Oct-12,857.00,864.50,857.00,860.00,2754403
29-Oct-12,850.00,864.00,850.00,859.50,2231617
26-Oct-12,851.00,859.50,849.50,854.00,2060082
25-Oct-12,854.00,862.50,853.50,856.50,2226390
24-Oct-12,849.50,859.50,841.00,856.00,3516030
23-Oct-12,871.00,872.00,851.50,854.00,2895231
22-Oct-12,865.50,872.50,865.50,869.00,3237714
19-Oct-12,870.00,876.00,867.50,868.00,3440477
18-Oct-12,876.00,878.00,864.50,872.00,4166225
17-Oct-12,881.50,883.28,873.00,875.50,2703042
16-Oct-12,880.50,886.50,878.00,880.50,2213142
15-Oct-12,874.00,880.00,872.50,875.00,2208374
12-Oct-12,881.00,883.50,875.50,876.00,3115453
11-Oct-12,869.00,886.50,869.00,884.50,3032058
10-Oct-12,871.50,875.00,865.00,871.00,4861315
9-Oct-12,879.00,880.00,872.50,875.00,3320170
8-Oct-12,877.50,882.00,874.00,879.00,2431406
5-Oct-12,870.00,884.50,868.00,882.00,3502771
4-Oct-12,868.50,872.00,859.00,869.00,2716258
3-Oct-12,860.00,870.50,855.00,868.50,1749387
2-Oct-12,857.00,867.50,851.00,864.00,2621919
1-Oct-12,844.00,869.50,843.50,862.50,4034666
28-Sep-12,849.50,849.50,842.50,843.00,3757592
27-Sep-12,842.50,848.00,841.74,845.00,3161821
26-Sep-12,843.00,848.00,838.50,838.50,4170899
25-Sep-12,852.00,855.00,844.12,850.00,3509435
24-Sep-12,856.00,856.50,845.50,851.50,3589085
21-Sep-12,862.00,868.50,855.00,858.50,5330160
20-Sep-12,854.50,866.50,853.50,856.00,3060285
19-Sep-12,862.00,865.50,852.50,858.50,3502918
18-Sep-12,871.00,872.50,859.94,863.00,4016850
17-Sep-12,882.50,882.50,862.50,874.00,4808732
14-Sep-12,862.00,884.59,856.50,884.50,10165992
13-Sep-12,826.00,860.34,824.00,854.00,7254502
12-Sep-12,831.00,837.00,824.00,828.50,6409909
11-Sep-12,826.00,834.50,824.50,831.00,3739208
10-Sep-12,827.00,877.00,822.50,828.00,2959855
7-Sep-12,834.50,838.50,824.50,827.50,4094504
6-Sep-12,829.50,835.16,825.00,834.00,4723773
5-Sep-12,814.50,829.00,813.00,828.00,3794164
4-Sep-12,837.50,839.50,814.50,815.00,2960218
3-Sep-12,819.00,843.00,819.00,835.50,2690336
31-Aug-12,820.00,827.00,816.50,821.00,4186802
30-Aug-12,822.50,830.50,817.00,821.00,2325479
29-Aug-12,831.00,831.50,823.00,823.50,2838067
28-Aug-12,834.50,834.50,824.95,830.00,1885620
24-Aug-12,835.50,836.00,826.50,831.00,1736419
23-Aug-12,841.50,842.50,829.00,835.00,2522058
22-Aug-12,848.50,851.00,838.50,839.50,2353256
21-Aug-12,853.00,857.38,849.00,852.50,2747008
20-Aug-12,867.00,867.50,848.00,849.00,2497907
17-Aug-12,864.50,866.38,860.50,865.00,2121785
16-Aug-12,865.00,870.00,857.50,860.00,2545739
15-Aug-12,862.50,863.50,857.00,860.50,2139008
14-Aug-12,855.00,860.50,853.12,860.50,2939897
13-Aug-12,853.50,853.56,843.50,850.00,1587110
10-Aug-12,847.50,855.00,846.15,851.50,2550268
9-Aug-12,856.00,859.00,845.50,849.00,2198436
8-Aug-12,845.50,855.88,841.00,852.00,3503990
7-Aug-12,840.00,853.00,836.00,850.00,3776908
6-Aug-12,854.50,862.88,851.50,856.00,3107349
3-Aug-12,849.00,858.00,844.50,857.00,4222509
2-Aug-12,866.00,866.00,843.00,843.00,4761012
1-Aug-12,855.00,867.00,855.00,864.00,4281817
31-Jul-12,880.00,882.50,850.50,850.50,5482388
30-Jul-12,879.50,884.74,866.00,877.50,2714692
27-Jul-12,893.00,897.50,872.00,875.50,4064765
26-Jul-12,841.00,891.50,841.00,885.00,6660271
25-Jul-12,837.00,845.00,824.00,829.50,3469061
24-Jul-12,837.00,850.50,836.30,841.50,2828337
23-Jul-12,849.00,854.62,832.50,835.50,3560746
20-Jul-12,869.00,886.85,859.00,859.00,4484703
19-Jul-12,862.00,870.00,859.50,867.50,2863151
18-Jul-12,857.00,864.76,849.79,860.50,2574539
17-Jul-12,870.00,871.43,851.00,853.00,3490797
16-Jul-12,874.00,875.52,866.00,870.00,2870349
13-Jul-12,865.00,878.50,865.00,876.00,3369806
12-Jul-12,863.00,867.00,863.00,861.50,3021572
11-Jul-12,885.00,889.50,863.50,867.50,4141774
10-Jul-12,887.50,893.50,883.00,890.00,2655030
9-Jul-12,880.00,888.51,874.00,885.00,2232228
6-Jul-12,876.50,888.00,874.50,876.50,1780570
5-Jul-12,879.00,894.29,879.00,882.00,3012829
4-Jul-12,875.50,885.00,871.50,881.50,1486898
3-Jul-12,869.00,880.00,868.50,879.00,1865286
2-Jul-12,861.50,870.00,856.50,869.00,2396681
29-Jun-12,860.00,868.00,853.50,858.00,3246173
28-Jun-12,849.00,851.00,832.50,842.00,2963711
27-Jun-12,845.00,851.50,832.78,847.00,3327780
26-Jun-12,840.00,844.00,832.00,837.50,2470865
25-Jun-12,840.00,853.16,837.00,839.50,3050236
22-Jun-12,853.50,857.00,840.50,842.50,2921976
21-Jun-12,854.50,868.00,850.00,860.50,3762400
20-Jun-12,844.00,860.00,837.00,856.50,2701343
19-Jun-12,840.50,850.77,838.18,844.00,2250898
18-Jun-12,836.00,844.00,825.00,839.50,3263931
15-Jun-12,835.50,841.50,821.51,822.00,7994468
14-Jun-12,828.00,835.00,813.50,831.00,2290972
13-Jun-12,839.50,844.00,817.00,831.50,3661871
12-Jun-12,819.00,837.50,819.00,836.00,3422346
11-Jun-12,830.50,835.50,819.00,821.50,2543804
8-Jun-12,822.00,824.65,812.58,818.50,2803657
7-Jun-12,810.50,831.50,798.50,828.50,3622409
6-Jun-12,799.50,808.00,793.00,808.00,4599340
1-Jun-12,825.50,826.50,794.50,796.00,3555023
31-May-12,826.50,836.00,816.50,822.00,3778401
30-May-12,833.00,835.50,822.00,824.50,3181404
29-May-12,818.00,838.00,818.00,835.50,3020765
28-May-12,811.50,822.50,806.00,815.50,1119417
25-May-12,814.50,816.46,798.50,807.50,2261993
24-May-12,807.00,817.00,800.50,810.50,2662700
23-May-12,811.50,816.00,800.00,800.00,2562280
22-May-12,805.50,822.50,801.50,819.50,2568134
21-May-12,801.50,812.50,799.00,801.00,3888967
18-May-12,807.00,814.00,794.29,804.50,4496249
17-May-12,831.00,833.50,814.50,814.50,2707585
16-May-12,824.00,834.50,817.00,831.00,3218050
15-May-12,832.50,839.00,823.50,829.50,3272587
14-May-12,840.00,841.50,823.00,829.00,2392893
11-May-12,839.50,844.00,826.90,842.00,2701449
10-May-12,848.00,849.50,824.00,839.50,3625950
9-May-12,839.50,849.00,829.00,845.00,3440827
8-May-12,845.50,858.00,837.00,837.00,4015935
4-May-12,854.50,862.50,844.61,853.50,4641205
3-May-12,849.50,861.00,847.24,859.00,4119397
2-May-12,861.00,863.00,839.00,841.50,3605469
1-May-12,828.00,856.00,825.00,853.00,3083904
30-Apr-12,839.00,839.00,822.00,823.50,2428819
27-Apr-12,827.00,839.00,822.50,834.50,3058228
26-Apr-12,826.00,835.00,818.50,831.50,4880783
25-Apr-12,811.00,825.50,807.00,822.50,3271591
24-Apr-12,813.00,821.00,813.00,820.00,2072967
23-Apr-12,830.50,832.50,811.50,815.50,3077987
20-Apr-12,841.00,844.50,830.00,832.00,3718963
19-Apr-12,817.50,850.50,817.50,844.00,5237863
18-Apr-12,823.50,825.00,810.50,813.00,4297997
17-Apr-12,820.50,830.50,818.00,825.50,4354156
16-Apr-12,807.00,824.82,807.00,821.50,3290995
13-Apr-12,827.00,829.50,810.00,810.00,3481626
12-Apr-12,804.50,832.00,802.50,828.00,2606686
11-Apr-12,794.50,808.00,793.00,803.50,3399447
10-Apr-12,809.00,810.83,798.50,798.50,2613964
5-Apr-12,810.00,819.00,806.00,816.00,1799547
4-Apr-12,832.00,835.00,807.00,811.00,3086676
3-Apr-12,842.50,848.76,832.50,833.00,2073682
2-Apr-12,815.50,844.00,812.50,842.50,3284229
30-Mar-12,811.00,819.00,810.50,812.00,3223688
29-Mar-12,822.50,823.50,806.50,809.50,2930838
28-Mar-12,824.50,838.00,818.00,824.00,3557502
27-Mar-12,830.00,835.50,819.82,824.50,2271542
26-Mar-12,825.00,832.00,823.50,830.50,3657323
23-Mar-12,820.50,827.50,815.50,825.50,2510994
22-Mar-12,824.50,827.25,814.50,820.50,2745961
21-Mar-12,826.00,828.50,821.00,823.50,2652257
20-Mar-12,835.50,836.42,822.39,826.50,2062821
19-Mar-12,844.00,844.00,835.00,837.50,1972286
16-Mar-12,840.50,846.00,835.50,842.50,4132507
15-Mar-12,835.00,841.51,832.25,838.00,2190414
14-Mar-12,841.00,845.00,831.00,836.00,2174092
13-Mar-12,828.00,837.50,825.20,836.00,2505638
12-Mar-12,832.00,832.50,815.50,823.50,4384021
9-Mar-12,830.50,838.00,825.00,835.00,2391181
8-Mar-12,817.50,834.50,813.81,832.50,3265735
7-Mar-12,798.50,816.00,796.50,813.00,2417204
6-Mar-12,815.50,850.00,798.50,800.50,3969114
5-Mar-12,819.50,821.50,814.50,818.50,2845508
2-Mar-12,827.00,828.50,818.50,822.50,3157650
1-Mar-12,814.50,830.39,811.60,826.50,4019842
29-Feb-12,806.50,818.00,805.85,814.79,4178893
28-Feb-12,808.00,812.00,803.00,806.00,2930050
27-Feb-12,806.00,811.50,805.00,807.50,2381093
24-Feb-12,809.00,814.42,804.00,810.50,2813996
23-Feb-12,802.00,806.50,797.00,806.00,4192325
22-Feb-12,797.50,803.56,797.50,801.50,3433517
21-Feb-12,796.50,803.35,788.00,799.00,3925318
20-Feb-12,801.00,804.73,790.00,793.00,2460912
17-Feb-12,795.00,799.34,791.00,798.00,3608758
16-Feb-12,786.00,791.00,777.50,790.00,3050213
15-Feb-12,782.50,793.50,779.13,788.00,2941270
14-Feb-12,777.00,784.00,775.00,779.50,2897792
13-Feb-12,775.50,780.00,769.50,779.50,2929386
10-Feb-12,778.00,778.00,766.50,772.50,4777725
9-Feb-12,780.00,785.00,749.00,770.00,11703407
8-Feb-12,786.00,787.00,775.00,785.00,2838685
7-Feb-12,789.50,789.50,777.50,786.50,2348405
6-Feb-12,786.50,788.50,778.00,785.50,1939239
3-Feb-12,765.00,794.00,759.50,785.00,3793141
2-Feb-12,772.00,773.50,764.00,768.00,4637350
1-Feb-12,742.50,774.50,741.50,770.50,5787726
31-Jan-12,734.50,744.50,734.50,735.50,3657037
30-Jan-12,733.00,741.50,729.50,733.00,4707914
27-Jan-12,750.00,763.50,738.50,738.50,3872539
26-Jan-12,739.50,761.50,738.00,751.50,3173682
25-Jan-12,745.50,749.00,734.50,739.00,2853277
24-Jan-12,747.00,752.50,742.00,745.00,2977105
23-Jan-12,734.00,753.50,730.50,753.00,3660921
20-Jan-12,738.00,740.50,731.00,735.50,4431564
19-Jan-12,751.50,752.00,733.00,735.00,7177803
18-Jan-12,751.50,763.00,746.00,749.50,6334128
17-Jan-12,772.00,773.00,760.50,763.00,42828406
16-Jan-12,758.50,768.90,757.15,764.00,1606644
13-Jan-12,768.00,775.00,754.50,762.50,2933414
12-Jan-12,767.00,780.00,757.50,763.00,3612799
11-Jan-12,768.50,776.00,762.50,765.00,2902816
10-Jan-12,760.50,778.60,759.00,769.00,3289165
9-Jan-12,758.00,764.00,752.50,756.50,2340311
6-Jan-12,756.50,762.50,751.00,755.50,4438581
5-Jan-12,752.50,761.00,746.00,754.00,4777698
4-Jan-12,765.00,769.00,746.50,750.00,3225592
3-Jan-12,759.00,767.00,743.50,757.00,3469243
30-Dec-11,741.50,746.50,736.50,746.50,603759
29-Dec-11,730.00,738.69,724.50,738.50,1301196
28-Dec-11,734.50,735.50,721.00,730.50,2451523
23-Dec-11,-,-,-,725.50,0
22-Dec-11,706.50,722.50,706.50,717.00,2408287
21-Dec-11,723.50,728.00,704.50,707.50,3160489
20-Dec-11,713.00,721.00,709.00,719.00,4550318
19-Dec-11,721.00,729.71,713.50,715.00,2411467
16-Dec-11,714.50,727.10,714.50,724.00,4474735
15-Dec-11,713.00,719.50,709.00,714.50,2823589
14-Dec-11,720.00,724.00,704.50,709.00,4434048
13-Dec-11,720.50,731.50,718.00,725.50,2408935
12-Dec-11,722.00,731.50,717.50,719.00,3068663
9-Dec-11,713.50,726.50,713.00,725.50,2846171
8-Dec-11,721.50,728.00,715.00,718.50,3617932
7-Dec-11,728.50,731.00,714.00,717.50,3766888
6-Dec-11,710.00,731.50,710.00,723.00,3933535
5-Dec-11,724.00,724.50,713.50,714.00,4505694
2-Dec-11,731.00,737.00,716.50,720.50,6295133
1-Dec-11,743.00,748.00,724.50,733.50,6969265
30-Nov-11,699.50,734.05,696.50,729.00,8568655
29-Nov-11,698.00,708.00,693.00,705.00,4274443
28-Nov-11,686.00,702.00,682.00,698.50,5547925
25-Nov-11,666.50,685.17,671.65,678.00,4189526
24-Nov-11,661.00,676.17,661.00,669.00,4472273
23-Nov-11,670.00,681.91,657.00,657.00,6921866
22-Nov-11,680.00,683.36,675.05,678.00,5058940
21-Nov-11,683.00,680.68,674.55,677.50,5690626
18-Nov-11,698.50,694.84,689.84,686.50,6508294
17-Nov-11,720.50,722.95,700.33,705.00,5934323
16-Nov-11,723.50,728.33,716.00,724.50,4143412
15-Nov-11,723.50,732.65,725.45,725.50,7515618
14-Nov-11,738.00,739.45,724.00,727.00,4367009
11-Nov-11,709.50,740.00,709.00,738.00,7966524
10-Nov-11,695.00,720.00,695.00,709.50,6488642
9-Nov-11,718.50,727.00,704.50,712.50,5240307
8-Nov-11,720.00,726.50,712.50,714.50,4890092
7-Nov-11,710.00,721.00,702.00,717.00,4815597
4-Nov-11,717.50,722.00,708.00,714.50,3738658
3-Nov-11,695.50,720.50,693.50,716.00,5505438
2-Nov-11,691.00,705.50,690.50,705.00,7814081
1-Nov-11,691.50,693.50,668.50,685.00,8216066
31-Oct-11,711.50,716.00,702.00,702.50,5518175
28-Oct-11,728.00,729.50,716.00,718.50,5775617
27-Oct-11,724.00,728.50,713.00,726.00,4388025
26-Oct-11,714.00,722.50,706.50,708.50,6064553
25-Oct-11,702.00,726.50,698.50,723.00,10646072
24-Oct-11,702.50,706.50,696.00,705.00,3893943
21-Oct-11,704.50,707.50,691.50,701.00,10318010
20-Oct-11,700.00,714.50,694.50,702.00,14919353
19-Oct-11,701.00,711.00,694.50,709.50,7131542
18-Oct-11,683.00,701.50,677.50,700.00,6019096
17-Oct-11,699.00,700.00,684.00,689.00,8429907
14-Oct-11,688.00,698.50,680.50,695.50,6192033
13-Oct-11,675.74,690.50,663.50,688.00,20167136
12-Oct-11,622.00,636.00,618.00,626.00,4199108
11-Oct-11,618.00,624.50,610.00,624.50,2965900
10-Oct-11,613.00,625.00,607.00,617.00,3042778
7-Oct-11,617.50,619.50,605.00,609.50,3658859
6-Oct-11,598.00,696.68,595.00,615.50,6875874
5-Oct-11,580.50,595.50,580.50,595.00,4901545
4-Oct-11,590.00,590.00,564.00,571.00,5929363
3-Oct-11,580.50,599.00,577.00,598.00,4482271
30-Sep-11,606.00,609.00,591.00,595.00,5538802
29-Sep-11,606.50,619.50,605.50,610.50,2965559
28-Sep-11,618.50,628.00,609.00,611.50,2800527
27-Sep-11,613.50,622.50,608.50,621.00,5996207
26-Sep-11,583.50,605.00,583.50,599.50,3611498
23-Sep-11,599.00,604.72,576.50,596.00,5530767
22-Sep-11,610.00,610.00,592.50,594.00,12252959
21-Sep-11,616.50,629.00,616.50,625.00,3482101
20-Sep-11,609.50,621.50,0.00,621.00,4152082
19-Sep-11,610.50,617.50,607.50,607.50,4777889
16-Sep-11,620.00,620.37,613.03,620.00,9935925
15-Sep-11,618.00,619.00,610.50,616.00,6649085
14-Sep-11,601.00,613.50,600.00,611.00,6609132
13-Sep-11,614.00,615.00,595.00,603.50,7552627
12-Sep-11,610.50,615.99,602.00,606.00,7053333
9-Sep-11,635.50,638.00,619.00,622.50,2916341
8-Sep-11,642.50,648.50,626.00,634.50,4433819
7-Sep-11,630.00,640.00,622.50,639.50,7000194
6-Sep-11,604.50,618.00,603.00,616.00,7316906
5-Sep-11,620.00,627.00,607.50,607.50,5083159
2-Sep-11,645.00,645.00,626.50,631.00,4522709
1-Sep-11,641.00,660.00,629.50,649.00,8201553
31-Aug-11,621.00,642.50,620.50,640.00,7186606
30-Aug-11,625.00,629.50,608.50,617.00,5577317
26-Aug-11,-,-,-,603.50,0
25-Aug-11,607.00,609.00,588.00,589.50,3812514
24-Aug-11,592.00,606.00,583.00,602.00,4378421
23-Aug-11,594.50,599.00,585.50,584.00,3612089
22-Aug-11,574.00,599.00,574.00,587.00,1049466
19-Aug-11,580.50,590.50,565.00,579.00,5768528
18-Aug-11,604.50,608.50,577.50,582.50,8353601
17-Aug-11,603.00,613.00,599.50,610.00,4597613
16-Aug-11,600.50,606.50,593.00,606.50,4318582
15-Aug-11,609.50,609.50,596.00,602.00,5300654
12-Aug-11,570.50,604.00,564.50,603.50,6688889
11-Aug-11,574.00,574.00,546.50,568.50,7990818
10-Aug-11,587.50,590.50,556.50,557.50,6039716
9-Aug-11,559.00,577.00,530.50,575.50,11203893
8-Aug-11,566.50,590.66,553.50,560.00,11463269
5-Aug-11,570.00,595.00,556.50,567.00,14335408
4-Aug-11,633.50,636.00,588.50,591.50,7563040
3-Aug-11,626.00,632.00,617.50,625.00,5544620
2-Aug-11,643.00,647.50,630.00,633.50,5477807
1-Aug-11,662.00,662.00,641.00,646.00,5811808
29-Jul-11,636.00,655.50,635.00,652.50,6430070
28-Jul-11,636.50,654.00,636.50,645.00,6434036
27-Jul-11,644.00,650.00,640.50,641.50,4194241
26-Jul-11,651.00,654.00,643.00,649.50,3228531
25-Jul-11,649.50,655.00,647.50,652.50,2808835
22-Jul-11,655.50,655.61,648.50,651.50,3094531
21-Jul-11,649.50,656.50,639.50,652.50,4439331
20-Jul-11,644.00,650.50,639.00,648.50,5469411
19-Jul-11,635.50,637.50,627.50,635.50,3821199
18-Jul-11,639.00,639.00,625.00,630.00,5540360
15-Jul-11,657.50,662.00,635.50,642.50,9430544
14-Jul-11,654.50,663.50,652.00,659.00,5991596
13-Jul-11,636.50,651.00,633.63,651.00,7240310
12-Jul-11,636.00,638.50,363.00,636.50,3999701
11-Jul-11,651.50,656.00,639.50,644.00,2996235
8-Jul-11,655.00,666.60,653.00,654.00,5036046
7-Jul-11,654.00,656.50,649.00,655.50,2112444
6-Jul-11,654.00,660.00,649.00,652.00,5912123
5-Jul-11,648.00,656.00,645.00,653.00,4475588
4-Jul-11,649.00,654.00,645.50,648.00,3228895
1-Jul-11,644.50,647.50,639.50,647.50,11199414
30-Jun-11,635.00,646.00,630.15,645.00,8409276
29-Jun-11,617.00,635.50,615.74,634.50,6961642
28-Jun-11,608.00,615.00,606.00,613.00,4888602
27-Jun-11,609.00,615.00,605.00,606.50,3293036
24-Jun-11,598.00,610.50,596.30,609.00,11563905
23-Jun-11,597.00,598.50,589.00,590.00,5228167
22-Jun-11,602.00,606.50,599.00,601.50,3943908
21-Jun-11,597.50,601.00,594.00,600.50,3666726
20-Jun-11,590.00,596.50,590.00,595.00,1947214
17-Jun-11,594.50,601.00,588.00,598.50,5568401
16-Jun-11,604.50,604.50,592.42,597.50,4480851
15-Jun-11,612.00,616.00,606.50,606.50,4067073
14-Jun-11,605.00,614.50,601.50,612.00,4468277
13-Jun-11,600.50,605.15,599.00,601.00,1615529
10-Jun-11,608.50,615.00,600.50,601.50,5565708
9-Jun-11,606.50,612.50,606.00,610.00,6909776
8-Jun-11,619.00,621.00,607.50,607.50,4413118
7-Jun-11,628.50,632.00,620.50,621.00,2988727
6-Jun-11,627.00,630.50,623.00,627.50,3788785
3-Jun-11,626.00,631.02,621.00,629.00,5806705
2-Jun-11,622.00,625.00,616.50,622.50,3439526
1-Jun-11,638.50,639.25,627.00,627.50,2765553
31-May-11,634.50,640.50,632.67,636.00,3322422
27-May-11,626.50,634.00,626.50,630.13,4015163
26-May-11,626.50,629.00,620.50,623.00,2954688
25-May-11,619.00,631.00,615.50,625.00,4295892
24-May-11,618.00,630.50,614.50,629.94,7061975
23-May-11,635.00,637.45,619.38,626.13,8757654
20-May-11,645.00,647.00,633.00,635.00,5934351
19-May-11,640.00,648.50,637.00,647.00,5925356
18-May-11,637.50,640.50,633.00,636.00,2998980
17-May-11,644.00,647.00,634.00,634.50,4463832
16-May-11,643.00,650.00,640.58,648.00,2210994
13-May-11,643.00,651.00,638.92,648.00,3553965
12-May-11,641.00,642.00,632.00,640.50,3359527
11-May-11,645.00,649.50,642.10,644.50,6998906
10-May-11,631.00,645.00,630.50,643.50,9728794
9-May-11,625.50,635.00,624.98,631.50,2418768
6-May-11,626.00,633.45,620.00,631.00,3772613
5-May-11,630.00,633.00,620.00,621.00,6353319
4-May-11,638.00,638.50,626.00,627.00,4788189
3-May-11,645.00,645.00,629.50,637.50,3624035
28-Apr-11,-,-,-,641.50,0
27-Apr-11,637.00,640.50,634.00,640.00,3833468
26-Apr-11,629.00,638.50,629.00,637.50,2449283
21-Apr-11,-,-,-,631.00,0
20-Apr-11,625.50,636.00,621.50,633.50,2928000
19-Apr-11,628.50,636.00,626.50,628.00,2471711
18-Apr-11,639.50,640.00,623.66,626.00,2861353
15-Apr-11,634.00,644.00,630.00,638.00,3656796
14-Apr-11,623.00,637.00,620.50,633.50,5411855
13-Apr-11,617.50,627.50,617.50,624.00,7269579
12-Apr-11,627.00,627.00,618.50,619.50,3351938
11-Apr-11,628.00,634.50,626.00,629.50,3232190
8-Apr-11,623.50,632.00,623.50,629.00,2859049
7-Apr-11,626.00,629.50,618.50,625.00,3932929
6-Apr-11,627.50,630.00,624.50,627.50,2172989
5-Apr-11,628.00,633.00,623.00,627.00,3007188
4-Apr-11,627.00,631.50,624.06,629.50,4172668
1-Apr-11,622.00,632.50,618.00,630.50,3448741
31-Mar-11,622.50,627.50,618.50,619.00,6399741
30-Mar-11,616.50,622.00,616.50,620.50,2783749
29-Mar-11,608.50,610.50,602.00,610.00,3207069
28-Mar-11,607.00,608.50,601.00,606.50,1705574
25-Mar-11,615.50,619.50,604.50,605.00,3116150
24-Mar-11,602.50,614.50,600.50,610.29,4242176
23-Mar-11,591.00,603.00,521.78,601.00,4366519
22-Mar-11,597.00,600.00,591.00,594.50,3670614
21-Mar-11,585.00,599.50,575.35,598.50,4627871
18-Mar-11,578.00,579.12,569.00,578.50,7850008
17-Mar-11,569.00,577.50,560.25,575.00,5898155
16-Mar-11,580.50,586.50,567.50,574.90,5173118
15-Mar-11,575.50,582.00,563.38,577.50,10467458
14-Mar-11,592.00,595.47,586.50,586.50,3769607
11-Mar-11,605.00,607.00,594.88,597.00,3329122
10-Mar-11,616.00,617.00,603.38,605.00,4760707
9-Mar-11,605.00,623.50,605.00,619.50,7078048
8-Mar-11,599.50,607.00,595.00,600.50,4212069
7-Mar-11,604.00,608.00,595.50,600.00,3769421
4-Mar-11,606.00,611.00,602.50,604.00,5862885
3-Mar-11,600.00,603.50,592.00,603.50,3994808
2-Mar-11,603.50,606.50,590.50,597.00,2767188
1-Mar-11,622.50,629.50,323.88,613.00,1650943
28-Feb-11,611.00,621.50,611.00,617.00,613746
25-Feb-11,610.00,615.00,603.50,612.00,1200431177
24-Feb-11,603.00,608.00,595.50,608.00,30567935
23-Feb-11,611.50,613.00,603.50,607.00,12292181
22-Feb-11,622.00,622.00,318.93,614.50,7533272
21-Feb-11,627.50,629.34,620.50,624.00,4034644
18-Feb-11,630.50,632.00,623.50,627.50,4677174
17-Feb-11,644.50,646.50,629.00,631.00,7617633
16-Feb-11,647.50,651.00,641.00,645.50,3042274
15-Feb-11,655.50,659.00,639.50,640.00,3460790
14-Feb-11,660.00,660.00,652.00,654.50,2961321
11-Feb-11,647.50,660.00,639.00,657.50,4581062
10-Feb-11,650.00,658.00,640.00,650.00,4221453
9-Feb-11,656.00,660.00,650.50,655.50,4083707
8-Feb-11,643.50,654.50,641.50,654.00,5325808
7-Feb-11,645.00,647.00,639.00,645.50,2961087
4-Feb-11,635.50,646.00,635.50,643.50,2987987
3-Feb-11,628.50,638.00,624.50,638.00,4016672
2-Feb-11,641.00,645.50,622.50,626.50,4850793
1-Feb-11,643.00,650.50,633.50,638.50,4798290
31-Jan-11,642.00,647.00,630.00,638.00,5519568
28-Jan-11,648.00,648.00,635.50,643.00,6481081
27-Jan-11,653.50,660.50,645.00,647.00,5781872
26-Jan-11,640.00,652.50,633.00,649.50,3874548
25-Jan-11,633.00,640.00,629.00,636.50,4762355
24-Jan-11,628.00,631.50,623.00,629.50,2450005
21-Jan-11,630.50,636.00,627.00,627.00,3954739
20-Jan-11,648.50,649.50,629.00,630.00,4006490
19-Jan-11,663.00,663.00,648.50,649.50,2155329
18-Jan-11,653.50,662.00,653.50,661.00,1553274
17-Jan-11,655.50,658.00,651.50,654.00,1336374
14-Jan-11,663.00,663.00,651.00,654.50,3322050
13-Jan-11,667.50,667.50,660.50,663.50,2133187
12-Jan-11,666.50,674.50,664.00,668.61,4139076
11-Jan-11,654.00,667.00,654.00,665.00,5545120
10-Jan-11,660.00,661.00,650.00,653.00,2219639
7-Jan-11,660.00,663.00,655.00,659.50,3020459
6-Jan-11,660.00,671.00,658.50,659.00,10006289
5-Jan-11,648.50,656.50,640.00,654.00,6903241
4-Jan-11,620.50,648.50,620.50,648.50,6388990
31-Dec-10,632.50,639.00,623.00,623.00,1136510
30-Dec-10,640.50,642.00,635.50,635.50,636177
29-Dec-10,645.50,649.00,637.50,641.00,2511043
24-Dec-10,-,-,-,646.50,0
23-Dec-10,648.00,650.00,644.00,644.50,1002148
22-Dec-10,647.50,651.00,645.00,647.00,1605257
21-Dec-10,646.50,652.00,644.50,650.00,4677232
20-Dec-10,630.50,638.00,626.50,637.00,2516707
17-Dec-10,633.00,633.50,626.00,630.00,7546448
16-Dec-10,627.00,634.00,625.00,629.00,3909263
15-Dec-10,627.00,632.00,624.00,626.50,3610714
14-Dec-10,629.00,631.00,624.00,628.50,4185038
13-Dec-10,641.50,642.00,630.50,630.00,5697243
10-Dec-10,640.00,642.00,626.00,639.00,6559157
9-Dec-10,655.00,662.00,641.50,642.00,5309896
8-Dec-10,646.50,655.50,646.50,652.00,4770994
7-Dec-10,645.00,654.50,638.00,651.10,6151944
6-Dec-10,630.00,643.00,628.50,640.50,4985706
3-Dec-10,626.00,632.00,614.00,627.50,4335432
2-Dec-10,617.00,627.00,600.00,626.00,6897716
1-Dec-10,612.50,623.00,607.50,618.00,7199883
30-Nov-10,607.50,615.00,606.00,609.66,4154247
29-Nov-10,620.00,620.00,608.00,608.00,2961719
26-Nov-10,616.50,620.00,613.50,616.50,3498859
25-Nov-10,618.50,622.00,612.50,618.50,2215868
24-Nov-10,596.50,620.00,596.50,615.50,8717362
23-Nov-10,595.00,603.00,589.50,598.50,6188560
22-Nov-10,600.00,601.00,584.00,590.50,3163759
19-Nov-10,603.00,605.00,589.50,592.00,6621727
18-Nov-10,598.00,604.50,593.50,603.50,8436897
17-Nov-10,583.50,599.50,582.00,599.50,9737582
16-Nov-10,598.50,600.50,586.50,589.00,7267059
15-Nov-10,609.00,609.50,594.00,597.00,7058619
12-Nov-10,565.50,614.00,565.50,611.00,19102354
11-Nov-10,585.50,589.50,576.00,584.00,6617386
10-Nov-10,600.00,605.50,585.00,588.00,13478376
9-Nov-10,608.00,626.00,606.50,606.50,18790110
8-Nov-10,577.50,610.50,563.00,605.00,33307814
5-Nov-10,619.00,620.00,586.00,591.00,25731787
4-Nov-10,642.50,650.00,618.50,621.50,19916094
3-Nov-10,657.50,657.50,645.00,654.50,4392502
2-Nov-10,651.00,659.00,649.50,653.00,3540981
1-Nov-10,653.50,661.50,650.00,654.00,4932654
29-Oct-10,640.50,655.00,639.50,647.50,6986371
28-Oct-10,632.50,649.50,632.50,643.50,5391035
27-Oct-10,628.50,636.00,627.00,629.50,3036727
26-Oct-10,636.00,640.00,635.50,638.00,7578482
25-Oct-10,643.50,645.50,637.50,638.50,2601107
22-Oct-10,641.00,644.00,635.00,641.50,4398342
21-Oct-10,625.00,645.50,621.50,642.00,14280295
20-Oct-10,622.50,627.50,619.50,627.00,3042962
19-Oct-10,624.50,626.00,619.00,622.50,4112687
18-Oct-10,629.50,633.00,623.50,624.00,3040598
15-Oct-10,637.50,643.50,629.50,635.00,7928826
14-Oct-10,623.00,638.50,622.00,628.00,8049371
13-Oct-10,610.00,629.50,610.00,627.50,4224805
12-Oct-10,602.00,607.00,599.50,606.50,3156107
11-Oct-10,602.00,607.00,599.00,602.50,2541793
8-Oct-10,592.50,600.00,591.50,600.00,4619582
7-Oct-10,601.00,602.00,590.00,594.55,6226807
6-Oct-10,605.00,605.50,599.00,601.50,4161393
5-Oct-10,589.00,602.00,587.00,600.00,5850623
4-Oct-10,593.50,595.50,589.00,591.00,3179299
1-Oct-10,603.00,606.00,592.50,595.50,7781241
30-Sep-10,608.00,615.00,603.00,603.50,9192894
29-Sep-10,602.00,618.50,602.00,612.00,8807332
28-Sep-10,589.50,594.00,582.00,591.50,3784649
27-Sep-10,590.50,592.50,587.50,589.00,3422667
24-Sep-10,572.50,591.50,570.50,590.50,4770229
23-Sep-10,579.50,581.50,570.00,575.00,3128164
22-Sep-10,589.50,589.50,576.50,576.50,5706284
21-Sep-10,589.00,593.50,587.50,588.50,2733856
20-Sep-10,585.50,591.50,585.50,591.00,3054285
17-Sep-10,583.00,591.50,581.00,583.00,8037412
16-Sep-10,584.00,584.00,571.50,578.00,6597722
15-Sep-10,584.50,586.00,582.00,584.50,2742638
14-Sep-10,594.50,594.50,582.00,584.00,4165067
13-Sep-10,590.00,596.50,586.00,595.00,3534052
10-Sep-10,575.50,586.50,574.00,585.00,3312232
9-Sep-10,569.00,579.50,565.50,578.00,9820316
8-Sep-10,567.00,571.50,560.50,569.00,2793038
7-Sep-10,572.50,574.00,565.50,570.00,2105989
6-Sep-10,574.50,574.50,569.00,573.50,1626817
3-Sep-10,572.00,576.50,567.50,572.00,3459898
2-Sep-10,566.50,571.00,565.00,569.50,3626447
1-Sep-10,557.00,573.00,549.50,569.00,4049544
31-Aug-10,548.00,554.00,542.50,554.00,5306041
27-Aug-10,554.00,556.50,547.50,555.50,5712373
26-Aug-10,557.50,562.50,555.50,559.00,3553384
25-Aug-10,555.00,560.00,548.50,553.00,2875529
24-Aug-10,556.00,561.50,552.50,557.50,5465400
23-Aug-10,563.00,567.00,559.50,561.50,3156439
20-Aug-10,572.00,572.50,558.00,560.00,6028537
19-Aug-10,569.50,578.50,568.00,571.00,10370355
18-Aug-10,568.00,570.50,562.50,567.50,6445158
17-Aug-10,560.50,569.00,558.50,565.37,3749414
16-Aug-10,561.00,563.00,554.00,559.50,4144474
13-Aug-10,561.00,562.00,556.00,559.50,5983534
12-Aug-10,552.00,561.50,548.00,558.64,7763393
11-Aug-10,557.00,559.50,550.00,552.00,8407319
10-Aug-10,561.50,563.50,555.50,560.00,3448810
9-Aug-10,564.00,569.00,560.50,563.00,2527363
6-Aug-10,565.00,565.00,558.50,560.50,3364212
5-Aug-10,575.50,575.50,562.50,563.50,4896667
4-Aug-10,570.50,579.00,559.00,574.50,5774430
3-Aug-10,584.00,586.00,565.50,570.00,6918460
2-Aug-10,585.50,591.00,582.50,586.50,5026145
30-Jul-10,586.50,592.00,579.00,580.00,5252588
29-Jul-10,591.00,607.00,584.50,585.50,9646138
28-Jul-10,596.50,599.00,581.50,587.50,5954721
27-Jul-10,605.50,606.50,589.00,593.50,6801266
26-Jul-10,610.50,611.00,600.00,603.00,3783218
23-Jul-10,611.50,611.50,600.50,607.00,6549205
22-Jul-10,578.50,612.00,577.50,611.50,7136378
21-Jul-10,580.50,588.50,578.50,579.50,2637308
20-Jul-10,581.50,583.50,574.00,579.01,3547480
19-Jul-10,577.00,585.00,574.50,579.50,2602691
16-Jul-10,579.00,589.00,577.00,579.50,6204358
15-Jul-10,586.50,590.00,573.50,577.00,4545754
14-Jul-10,600.50,601.50,588.00,590.00,4621677
13-Jul-10,588.00,602.50,587.50,600.00,3138958
12-Jul-10,582.00,588.50,579.50,586.00,2691708
9-Jul-10,584.50,584.50,574.50,582.50,3469365
8-Jul-10,572.00,582.00,568.00,581.50,5256262
7-Jul-10,551.00,566.00,546.00,566.00,3621879
6-Jul-10,544.50,560.00,544.50,557.00,2596824
5-Jul-10,549.00,550.00,541.50,541.50,3108939
2-Jul-10,540.50,553.50,533.00,547.00,7074396
1-Jul-10,555.50,555.50,533.00,544.14,8809132
30-Jun-10,569.00,571.50,561.00,562.50,9305989
29-Jun-10,577.50,580.00,565.50,568.50,3514047
28-Jun-10,582.00,590.00,577.50,583.50,2901908
25-Jun-10,586.50,588.50,578.50,582.00,2290741
24-Jun-10,594.00,597.00,581.50,585.00,4321563
23-Jun-10,593.50,601.00,589.00,589.00,2407564
22-Jun-10,600.50,607.00,595.00,601.00,2486090
21-Jun-10,606.50,611.00,602.00,605.00,2181733
18-Jun-10,600.50,603.00,597.00,599.50,5911844
17-Jun-10,597.50,605.50,595.00,600.00,3034554
16-Jun-10,606.50,607.50,594.00,601.00,3162422
15-Jun-10,595.50,606.00,594.00,603.00,3061888
14-Jun-10,600.50,601.50,594.00,601.00,2939350
11-Jun-10,600.00,602.00,588.00,592.50,4681745
10-Jun-10,591.50,604.00,591.50,599.50,4923849
9-Jun-10,587.00,597.50,587.00,592.50,6211631
8-Jun-10,580.00,589.50,578.50,584.50,4095389
7-Jun-10,575.50,588.50,575.50,581.50,2608178
4-Jun-10,594.00,601.50,582.50,587.00,4888406
3-Jun-10,602.00,609.00,593.00,594.00,4749596
2-Jun-10,583.50,595.00,578.50,594.00,3496886
1-Jun-10,589.50,595.00,577.00,588.00,5002921
28-May-10,585.00,593.50,581.00,589.50,6566049
27-May-10,566.00,581.00,563.50,580.50,6543144
26-May-10,559.50,569.00,553.50,565.00,6602597
25-May-10,561.50,565.00,552.50,554.50,6298787
24-May-10,567.00,575.50,566.50,571.50,7618529
21-May-10,563.00,567.50,550.00,564.00,10981189
20-May-10,580.00,582.50,553.00,563.50,7321400
19-May-10,595.00,598.00,573.00,575.00,10622974
18-May-10,597.50,603.00,592.00,603.00,4905501
17-May-10,601.00,607.00,591.00,593.50,5364873
14-May-10,608.50,609.00,597.00,604.50,7060016
13-May-10,615.50,618.00,607.00,611.50,5185512
11-May-10,572.50,583.00,567.00,579.50,5397766
10-May-10,556.50,577.50,548.50,577.00,7610412
7-May-10,544.00,559.00,540.00,548.00,7380053
6-May-10,564.00,573.00,557.50,557.50,6173265
5-May-10,571.00,576.50,557.50,569.00,8983667
4-May-10,582.50,586.00,567.50,570.00,5983865
30-Apr-10,591.50,591.50,576.50,578.00,3862691
29-Apr-10,576.00,590.50,576.00,588.50,3994742
28-Apr-10,582.00,586.50,568.00,576.00,7477070
27-Apr-10,592.50,598.50,590.00,590.00,8090928
26-Apr-10,595.50,599.00,593.00,595.50,4619555
23-Apr-10,582.50,596.00,582.50,590.50,3236403
22-Apr-10,591.00,598.50,580.50,581.50,5904409
21-Apr-10,601.50,602.00,592.00,594.00,5700342
16-Apr-10,605.50,610.00,599.50,601.50,6516903
15-Apr-10,619.00,621.00,610.50,610.50,3194884
14-Apr-10,611.50,619.00,611.50,618.00,3578633
13-Apr-10,610.00,614.50,606.00,609.50,3674298
12-Apr-10,618.00,619.00,611.50,612.00,1712736
9-Apr-10,623.50,623.50,614.50,616.00,2936204
8-Apr-10,626.50,629.50,612.50,619.50,5541083
7-Apr-10,615.00,631.50,611.00,628.00,8010711
6-Apr-10,613.00,617.50,606.50,617.00,3892786
1-Apr-10,598.50,612.00,597.50,611.00,4265599
31-Mar-10,591.00,600.00,590.50,595.50,5773928
30-Mar-10,604.00,604.50,591.50,593.50,4537450
29-Mar-10,606.50,611.00,600.00,603.50,3133088
26-Mar-10,607.00,611.50,602.00,605.79,3926123
25-Mar-10,603.50,609.00,602.00,606.00,4148701
24-Mar-10,612.00,614.00,598.50,604.00,6031625
23-Mar-10,598.00,614.50,598.00,612.00,7303445
22-Mar-10,599.00,602.00,592.00,598.50,5269018
19-Mar-10,589.50,601.00,586.50,601.00,11834964
18-Mar-10,576.00,589.00,576.00,588.00,6570834
17-Mar-10,580.00,582.50,575.50,581.00,4792264
16-Mar-10,571.50,580.50,568.00,577.52,7709792
15-Mar-10,564.50,569.50,562.00,568.00,4270399
12-Mar-10,560.00,569.50,560.00,564.50,5088660
11-Mar-10,565.50,572.50,558.50,560.00,5506437
10-Mar-10,568.00,569.50,563.50,569.00,2799057
9-Mar-10,568.50,569.50,562.50,567.50,2397947
8-Mar-10,571.00,572.50,564.50,567.00,2888554
5-Mar-10,557.50,569.00,555.50,568.00,4698360
4-Mar-10,548.00,557.00,547.00,555.50,6241547
3-Mar-10,552.50,557.50,550.00,556.50,6334928
2-Mar-10,563.00,563.00,552.50,554.00,8556308
1-Mar-10,563.00,565.00,553.50,562.00,9107447
26-Feb-10,543.50,560.00,541.00,557.46,14578413
25-Feb-10,534.50,544.00,533.50,538.50,13389450
24-Feb-10,529.00,539.00,528.00,537.50,6501588
23-Feb-10,529.50,534.50,523.50,526.50,3759799
22-Feb-10,524.00,529.00,523.00,525.50,2398491
19-Feb-10,524.00,527.50,521.00,524.50,6305000
18-Feb-10,517.00,528.00,513.50,526.50,5445322
17-Feb-10,515.50,520.50,514.00,516.00,5189196
16-Feb-10,511.00,515.00,506.00,512.50,2453497
15-Feb-10,504.00,511.00,503.00,507.50,4318704
12-Feb-10,523.50,530.00,505.00,506.50,9066034
11-Feb-10,491.30,529.50,480.30,520.50,21341792
10-Feb-10,489.60,492.10,484.20,488.80,7217600
9-Feb-10,480.30,494.80,480.00,488.70,7067343
8-Feb-10,480.20,483.80,476.70,480.34,4524428
5-Feb-10,485.50,488.30,470.90,479.30,7840031
4-Feb-10,492.60,497.00,487.80,488.80,8524499
3-Feb-10,493.20,497.50,486.20,491.10,9733568
2-Feb-10,488.30,496.00,484.70,494.00,6133096
1-Feb-10,486.00,493.30,482.70,487.30,6494180
29-Jan-10,477.90,482.30,473.50,479.80,8032425
28-Jan-10,478.40,484.60,475.50,476.00,9687412
27-Jan-10,471.80,476.30,468.70,473.40,4324688
26-Jan-10,476.30,478.70,472.80,474.50,3907103
25-Jan-10,475.80,482.50,473.50,480.00,3789957
22-Jan-10,475.70,482.20,473.00,479.20,6865129
21-Jan-10,489.70,489.70,476.90,476.90,5172802
20-Jan-10,489.40,491.30,485.10,486.79,3880528
19-Jan-10,489.70,495.00,485.70,492.20,3937926
18-Jan-10,489.90,493.10,488.80,492.20,2087677
15-Jan-10,495.20,497.00,486.60,488.00,6986059
14-Jan-10,497.40,498.80,494.90,497.00,3341924
13-Jan-10,492.60,499.00,492.50,495.20,4387688
12-Jan-10,496.40,499.30,491.50,495.00,3822874
11-Jan-10,501.50,504.00,496.60,498.60,4914637
8-Jan-10,501.50,504.00,498.00,501.50,5321180
7-Jan-10,502.00,504.00,496.00,499.10,4530918
6-Jan-10,491.40,505.50,489.50,504.00,5772846
5-Jan-10,490.00,493.40,486.20,492.00,7280948
4-Jan-10,481.00,491.50,481.00,491.20,3965816
