31-Dec-02,12.95,13.17,12.90,13.10,44367900
30-Dec-02,13.03,13.18,12.91,12.97,51036500
27-Dec-02,13.00,13.22,13.00,13.01,34709700
26-Dec-02,13.39,13.58,13.04,13.10,38106100
24-Dec-02,13.30,13.60,13.26,13.35,18374500
23-Dec-02,13.20,13.62,13.13,13.44,40701500
20-Dec-02,13.22,13.52,12.99,13.27,89874600
19-Dec-02,13.10,13.45,12.73,13.00,82287700
18-Dec-02,13.45,13.50,13.06,13.22,56894100
17-Dec-02,13.64,13.86,13.52,13.66,48565500
16-Dec-02,13.55,13.76,13.20,13.70,70211400
13-Dec-02,13.89,14.08,13.40,13.40,59122600
12-Dec-02,14.07,14.33,13.89,14.11,53210400
11-Dec-02,13.72,14.14,13.61,13.85,53160800
10-Dec-02,13.56,14.15,13.55,13.93,48326200
9-Dec-02,13.95,13.97,13.48,13.50,52075700
6-Dec-02,13.78,14.37,13.67,14.18,59600300
5-Dec-02,14.71,14.75,14.02,14.11,56825000
4-Dec-02,14.04,14.75,13.70,14.43,83919500
3-Dec-02,14.90,14.91,14.40,14.52,66392000
2-Dec-02,15.37,15.46,14.95,15.06,78950600
29-Nov-02,15.12,15.19,14.82,14.92,27484900
27-Nov-02,14.86,15.06,14.67,14.83,67879900
26-Nov-02,14.91,15.02,14.35,14.45,77454700
25-Nov-02,14.99,15.08,14.78,14.89,86404500
22-Nov-02,14.93,15.20,14.68,14.89,85534800
21-Nov-02,14.74,15.48,14.70,15.24,17137600
20-Nov-02,13.77,14.55,13.75,14.38,83328800
19-Nov-02,13.84,14.27,13.50,13.66,76704900
18-Nov-02,14.35,14.52,13.86,13.91,73285200
15-Nov-02,13.85,14.26,13.52,14.08,91510200
14-Nov-02,13.67,14.07,13.61,14.00,92729100
13-Nov-02,12.80,13.52,12.72,13.42,26234600
12-Nov-02,12.32,13.24,12.24,12.87,18401800
11-Nov-02,12.48,12.73,12.10,12.16,63029100
8-Nov-02,12.25,12.79,12.20,12.56,83747100
7-Nov-02,12.22,12.62,12.15,12.35,28139100
6-Nov-02,12.98,13.49,12.25,12.96,42075200
5-Nov-02,12.24,12.74,12.18,12.69,85706800
4-Nov-02,12.37,12.72,12.07,12.31,8726700
1-Nov-02,11.02,11.83,10.92,11.61,2840100
31-Oct-02,11.05,11.40,10.90,11.18,90598000
30-Oct-02,10.80,11.21,10.43,10.91,94178700
29-Oct-02,10.75,11.00,10.00,10.60,4386000
28-Oct-02,12.10,12.11,10.84,10.90,9336300
25-Oct-02,11.60,11.92,11.00,11.78,69899400
24-Oct-02,11.48,12.02,11.37,11.75,21253800
23-Oct-02,11.12,11.60,10.89,11.26,91294100
22-Oct-02,10.54,11.58,10.51,11.22,21400800
21-Oct-02,10.38,11.10,10.32,10.95,85622200
18-Oct-02,10.24,10.63,9.92,10.51,5340000
17-Oct-02,10.58,10.80,10.13,10.17,20428100
16-Oct-02,10.33,10.48,9.75,9.81,18693800
15-Oct-02,10.66,11.00,10.38,10.99,25511800
14-Oct-02,10.06,10.25,9.80,9.99,67415400
11-Oct-02,10.09,10.45,9.90,10.32,27892100
10-Oct-02,9.30,9.96,9.15,9.75,36512800
9-Oct-02,8.45,9.46,8.36,9.23,72352700
8-Oct-02,9.21,9.21,8.12,8.60,38862200
7-Oct-02,9.21,9.47,8.75,9.08,27283700
4-Oct-02,9.98,10.13,9.37,9.46,1606100
3-Oct-02,9.98,10.80,9.68,9.82,35640100
2-Oct-02,10.72,10.75,9.76,10.05,49724600
1-Oct-02,10.66,11.20,10.13,10.94,6471100
30-Sep-02,10.99,11.08,10.39,10.48,99564500
27-Sep-02,11.19,11.65,11.13,11.23,86093000
26-Sep-02,11.97,11.97,11.26,11.36,3245100
25-Sep-02,11.56,12.23,11.51,11.96,87406800
24-Sep-02,11.63,11.97,11.40,11.43,88676600
23-Sep-02,11.94,12.14,11.70,11.96,73174400
20-Sep-02,12.10,12.25,12.02,12.08,90922100
19-Sep-02,11.96,12.15,11.87,12.00,78178000
18-Sep-02,12.15,12.52,12.04,12.29,13760500
17-Sep-02,13.11,13.25,12.45,12.54,75005100
16-Sep-02,12.99,13.16,12.75,12.93,42683900
13-Sep-02,12.84,13.12,12.77,13.05,53902100
12-Sep-02,13.37,13.45,12.99,13.04,49600100
11-Sep-02,13.53,13.97,13.49,13.57,47813500
10-Sep-02,13.09,13.45,12.99,13.43,63426500
9-Sep-02,12.91,13.21,12.21,12.96,51915300
6-Sep-02,13.14,13.25,12.91,13.03,57053800
5-Sep-02,13.08,13.08,12.67,12.77,59294500
4-Sep-02,13.16,13.41,12.99,13.27,64849100
3-Sep-02,13.60,13.62,13.01,13.07,64320800
30-Aug-02,13.95,14.09,13.71,13.82,45878500
29-Aug-02,13.48,14.36,13.48,14.20,59621300
28-Aug-02,13.78,14.04,13.66,13.72,52519400
27-Aug-02,14.63,14.72,13.96,14.02,54733200
26-Aug-02,14.52,14.70,14.15,14.49,46655300
23-Aug-02,14.95,15.00,14.25,14.45,63908000
22-Aug-02,15.10,15.29,14.95,15.10,54537300
21-Aug-02,14.93,15.25,14.79,15.11,79183500
20-Aug-02,14.60,14.89,14.59,14.73,59275000
19-Aug-02,14.70,15.00,14.50,14.75,64590700
16-Aug-02,14.25,14.73,14.04,14.45,56215200
15-Aug-02,14.46,14.56,14.04,14.36,74835800
14-Aug-02,13.52,14.43,13.44,14.35,75676700
13-Aug-02,13.34,13.96,13.25,13.37,77133000
12-Aug-02,13.02,13.45,13.00,13.41,56860000
9-Aug-02,12.99,13.34,12.96,13.12,59891200
8-Aug-02,12.84,13.30,12.20,13.20,96645000
7-Aug-02,13.33,13.45,12.52,12.99,63805900
6-Aug-02,11.67,12.65,11.20,12.07,12014500
5-Aug-02,11.58,11.70,11.15,11.36,81155500
2-Aug-02,12.25,12.49,11.53,11.89,92496000
1-Aug-02,12.97,13.21,11.94,12.10,29689200
31-Jul-02,13.12,13.25,12.70,13.19,75173200
30-Jul-02,13.00,13.50,12.34,13.34,82657600
29-Jul-02,12.45,13.38,12.34,13.31,91299000
26-Jul-02,11.82,12.10,11.45,11.82,72918000
25-Jul-02,12.79,12.93,11.50,11.61,31593700
24-Jul-02,12.11,13.19,11.95,13.09,16161900
23-Jul-02,13.05,13.32,12.40,12.50,91007700
22-Jul-02,13.27,13.51,12.75,12.98,2119300
19-Jul-02,13.95,14.35,12.68,13.65,68459800
18-Jul-02,14.57,14.78,14.25,14.34,55741000
17-Jul-02,14.72,15.06,14.31,14.80,90810500
16-Jul-02,14.26,14.80,14.05,14.27,78174800
15-Jul-02,14.25,14.60,13.54,14.44,81970000
12-Jul-02,14.34,14.84,14.22,14.38,82862700
11-Jul-02,13.27,14.20,13.10,14.05,88965200
10-Jul-02,13.87,13.99,13.38,13.51,89475900
9-Jul-02,13.62,13.72,13.11,13.14,61302800
8-Jul-02,13.93,14.19,13.46,13.67,51205700
5-Jul-02,13.50,14.10,13.40,14.00,33401900
3-Jul-02,12.33,13.07,12.29,13.04,75763500
2-Jul-02,12.85,12.95,12.44,12.56,16073700
1-Jul-02,13.84,14.00,13.05,13.09,58222400
28-Jun-02,13.74,14.30,13.14,13.95,73932600
27-Jun-02,13.76,13.90,13.10,13.82,77743600
26-Jun-02,12.46,13.74,12.39,13.43,22149900
25-Jun-02,14.22,14.38,13.34,13.45,80930100
24-Jun-02,13.40,14.36,13.24,14.06,92092200
21-Jun-02,13.63,14.23,13.58,13.74,81837100
20-Jun-02,14.42,14.65,14.02,14.08,51550700
19-Jun-02,14.61,14.90,14.36,14.49,56063000
18-Jun-02,14.98,15.28,14.70,14.71,51601500
17-Jun-02,14.64,15.15,14.60,15.07,60181600
14-Jun-02,14.49,14.99,14.14,14.30,92007400
13-Jun-02,15.07,15.22,14.65,14.89,57416800
12-Jun-02,14.77,15.30,14.58,15.29,81846300
11-Jun-02,15.66,15.88,14.95,14.99,73428900
10-Jun-02,15.59,15.86,15.40,15.47,47250700
7-Jun-02,14.85,15.95,14.85,15.73,78629400
6-Jun-02,15.56,15.72,15.35,15.46,42984400
5-Jun-02,15.94,16.10,15.45,15.92,66771700
4-Jun-02,15.32,16.08,15.28,16.08,59660100
3-Jun-02,15.81,16.21,15.28,15.33,51931600
31-May-02,16.31,16.54,15.75,15.78,47398800
30-May-02,15.47,16.17,15.40,16.01,59681500
29-May-02,16.07,16.16,15.62,15.65,53640700
28-May-02,16.63,16.68,16.12,16.38,41765600
24-May-02,16.64,16.68,16.30,16.57,40694700
23-May-02,16.56,16.94,16.04,16.90,64651700
22-May-02,15.89,16.61,15.82,16.56,57447000
21-May-02,16.72,16.96,16.07,16.16,58675100
20-May-02,16.83,17.02,16.45,16.58,56405600
17-May-02,17.19,17.49,16.94,17.25,58578100
16-May-02,16.40,17.06,16.35,17.01,59352100
15-May-02,16.20,17.21,16.12,16.56,83821200
14-May-02,16.32,16.56,16.00,16.45,69811300
13-May-02,15.41,15.82,15.15,15.70,68733400
10-May-02,15.43,15.65,15.14,15.42,93204000
9-May-02,15.90,16.05,15.39,15.75,89054700
8-May-02,15.25,16.35,15.15,16.27,92431400
7-May-02,13.16,14.10,12.28,13.08,208600
6-May-02,12.22,13.59,12.22,12.89,68154700
3-May-02,13.56,13.61,13.05,13.14,69851700
2-May-02,13.79,14.25,13.60,13.64,78492800
1-May-02,14.55,14.59,13.63,13.70,895400
30-Apr-02,14.02,14.98,14.01,14.65,71296600
29-Apr-02,14.10,14.35,13.88,14.13,65736600
26-Apr-02,14.82,14.87,13.91,13.91,57563700
25-Apr-02,14.22,14.74,13.96,14.59,80682100
24-Apr-02,14.27,14.80,14.06,14.43,75559000
23-Apr-02,14.80,14.85,13.93,14.01,80188700
22-Apr-02,14.95,14.99,14.55,14.87,48228000
19-Apr-02,15.68,15.69,15.10,15.26,44663100
18-Apr-02,15.72,16.15,15.10,15.44,63816900
17-Apr-02,15.76,16.05,15.44,16.00,49776400
16-Apr-02,15.32,15.66,15.20,15.58,50243500
15-Apr-02,15.51,15.53,14.94,15.01,44763400
12-Apr-02,15.13,15.53,15.02,15.30,54401200
11-Apr-02,15.51,15.59,14.65,14.87,63039200
10-Apr-02,15.26,15.73,15.07,15.55,86363500
9-Apr-02,16.10,16.13,14.81,14.82,3923900
8-Apr-02,15.74,16.29,15.49,16.18,60561500
5-Apr-02,16.86,17.00,16.10,16.15,57291000
4-Apr-02,16.47,16.91,16.35,16.87,56287400
3-Apr-02,16.60,16.88,16.30,16.60,52197600
2-Apr-02,17.03,17.25,16.37,16.42,69719600
1-Apr-02,16.87,17.55,16.74,17.52,54145200
28-Mar-02,16.41,17.12,16.30,16.93,50055700
27-Mar-02,16.36,16.56,16.05,16.34,55557000
26-Mar-02,16.12,16.99,16.12,16.65,64661100
25-Mar-02,16.89,17.11,16.15,16.18,55113700
22-Mar-02,16.52,17.17,16.45,16.57,62326100
21-Mar-02,16.09,16.64,15.55,16.49,47560800
20-Mar-02,16.55,16.68,15.94,16.02,44585200
19-Mar-02,16.52,17.00,16.51,16.74,50074800
18-Mar-02,16.92,17.09,16.44,16.52,43273800
15-Mar-02,16.68,16.88,16.29,16.54,52391700
14-Mar-02,16.31,17.00,16.30,16.74,48788500
13-Mar-02,16.53,16.64,16.27,16.36,49145400
12-Mar-02,16.75,16.98,16.42,16.77,56922700
11-Mar-02,17.66,17.82,17.02,17.42,59173000
8-Mar-02,17.43,17.93,17.35,17.80,64638500
7-Mar-02,17.01,17.27,16.53,17.00,73479000
6-Mar-02,16.42,16.92,15.80,16.77,71727500
5-Mar-02,16.33,16.65,16.11,16.51,64862500
4-Mar-02,15.18,16.55,15.01,16.48,91718000
1-Mar-02,14.50,15.05,14.27,15.00,80509000
28-Feb-02,14.50,14.99,14.24,14.27,98176000
27-Feb-02,15.66,15.71,14.15,14.24,20797300
26-Feb-02,15.75,16.00,15.39,15.50,65961100
25-Feb-02,15.35,16.50,15.10,15.60,68069800
22-Feb-02,15.25,15.46,14.25,15.24,23176500
21-Feb-02,16.24,16.29,15.00,15.11,2980800
20-Feb-02,16.82,16.90,16.18,16.69,73648600
19-Feb-02,16.61,17.02,16.57,16.81,56870500
15-Feb-02,17.51,17.54,17.04,17.09,60444900
14-Feb-02,17.62,17.67,17.32,17.46,52191300
13-Feb-02,17.42,17.64,16.53,17.52,58729600
12-Feb-02,17.33,17.61,17.15,17.26,61113400
11-Feb-02,16.93,17.71,16.76,17.69,75492400
8-Feb-02,17.27,17.30,16.27,16.76,18812900
7-Feb-02,17.92,18.00,17.00,17.06,57799300
6-Feb-02,19.23,19.25,18.27,18.61,89919700
5-Feb-02,18.05,18.96,18.00,18.50,77854100
4-Feb-02,19.00,19.20,18.00,18.31,55401700
1-Feb-02,19.56,20.00,19.10,19.21,52825000
31-Jan-02,19.48,19.86,19.04,19.80,58560400
30-Jan-02,19.26,19.36,18.24,19.34,83032400
29-Jan-02,19.76,19.99,18.84,19.01,66593400
28-Jan-02,19.48,19.98,19.32,19.70,53346000
25-Jan-02,19.04,19.51,18.91,19.13,53798500
24-Jan-02,19.22,19.83,18.85,19.05,66103500
23-Jan-02,18.16,19.02,18.13,18.93,61974500
22-Jan-02,19.22,19.29,18.01,18.06,66301900
18-Jan-02,18.87,19.23,18.80,18.85,54319000
17-Jan-02,19.23,19.52,19.02,19.48,54644100
16-Jan-02,19.38,19.52,18.93,18.94,59630700
15-Jan-02,19.75,20.04,19.35,19.68,50675800
14-Jan-02,19.92,20.20,19.50,19.63,66173300
11-Jan-02,20.55,20.74,19.97,20.21,71203400
10-Jan-02,20.80,21.28,20.49,21.00,61572600
9-Jan-02,21.26,21.84,20.53,20.85,86976900
8-Jan-02,20.60,21.09,20.47,20.95,60300900
7-Jan-02,21.00,21.25,20.31,20.53,57397300
4-Jan-02,21.19,21.50,20.42,20.83,74740600
3-Jan-02,19.54,20.83,19.50,20.76,87909700
2-Jan-02,18.44,19.30,18.26,19.23,53060800
31-Dec-01,18.45,18.93,18.06,18.11,56781100
28-Dec-01,18.69,18.94,18.20,18.54,44477600
27-Dec-01,18.42,18.71,18.21,18.49,37662600
26-Dec-01,18.11,18.83,18.06,18.24,35618800
24-Dec-01,18.23,18.36,18.00,18.13,16398700
21-Dec-01,18.70,19.06,17.87,18.19,84581300
20-Dec-01,18.90,18.99,18.08,18.29,98769400
19-Dec-01,19.18,19.77,19.05,19.35,64246200
18-Dec-01,19.62,19.85,19.43,19.70,50518100
17-Dec-01,19.27,19.84,19.17,19.26,58513900
14-Dec-01,18.93,19.71,18.80,19.39,63189500
13-Dec-01,19.79,20.00,18.90,19.01,89256900
12-Dec-01,20.94,21.30,19.98,20.50,65573800
11-Dec-01,21.15,21.38,20.69,20.78,64312600
10-Dec-01,20.90,21.38,20.50,20.74,59418500
7-Dec-01,21.51,21.92,20.98,21.16,53783000
6-Dec-01,21.61,22.00,21.30,21.79,71059600
5-Dec-01,20.76,21.90,20.65,21.54,24061100
4-Dec-01,20.07,20.70,19.84,20.52,95057700
3-Dec-01,20.03,20.19,19.75,19.86,52506200
30-Nov-01,19.95,20.50,19.81,20.44,72084000
29-Nov-01,19.22,20.01,19.12,19.89,71091800
28-Nov-01,19.50,19.96,18.83,18.88,57379600
27-Nov-01,19.78,20.31,19.49,19.70,73572500
26-Nov-01,19.80,20.17,19.36,19.93,68312300
23-Nov-01,19.29,19.75,19.23,19.59,18081400
21-Nov-01,19.61,19.70,18.70,19.15,68416400
20-Nov-01,20.59,20.77,19.60,19.79,72882400
19-Nov-01,20.13,20.78,20.06,20.71,62993400
16-Nov-01,20.10,20.10,19.69,20.02,51619500
15-Nov-01,19.77,20.26,19.71,20.14,77216300
14-Nov-01,19.82,19.99,19.37,19.89,72774200
13-Nov-01,19.89,20.00,19.10,19.58,6185700
12-Nov-01,18.93,19.35,18.50,19.26,70554700
9-Nov-01,19.00,19.37,18.82,19.20,60829700
8-Nov-01,19.24,19.89,18.91,19.09,20015500
7-Nov-01,18.30,19.47,18.24,18.93,16906900
6-Nov-01,18.23,18.75,18.09,18.47,22030800
5-Nov-01,17.86,18.70,17.54,17.90,94066200
2-Nov-01,17.54,17.67,17.00,17.26,71051700
1-Nov-01,17.15,17.70,16.60,17.66,71406500
31-Oct-01,17.12,17.41,16.50,16.92,83191000
30-Oct-01,16.17,16.97,16.06,16.57,75032000
29-Oct-01,17.23,17.65,16.32,16.42,83149700
26-Oct-01,17.38,17.83,17.10,17.29,60196600
25-Oct-01,16.88,17.80,16.38,17.74,86869300
24-Oct-01,16.60,17.30,16.52,17.23,76583400
23-Oct-01,17.27,17.37,16.38,16.41,93226000
22-Oct-01,16.52,17.07,16.15,16.83,59768100
19-Oct-01,16.25,16.94,15.98,16.72,68590300
18-Oct-01,15.69,16.78,15.47,16.72,70530900
17-Oct-01,17.39,17.43,15.54,15.60,85415300
16-Oct-01,16.52,17.14,16.25,16.97,66560900
15-Oct-01,16.65,16.65,16.00,16.21,62369200
12-Oct-01,16.63,17.29,16.46,16.95,23497500
11-Oct-01,15.60,16.51,15.50,16.46,13213500
10-Oct-01,14.57,15.25,14.36,15.15,63500300
9-Oct-01,15.04,15.10,14.48,14.59,61469400
8-Oct-01,14.40,15.26,14.35,15.05,69844600
5-Oct-01,14.03,14.99,13.75,14.94,83072500
4-Oct-01,14.35,15.03,14.15,14.42,35852900
3-Oct-01,11.36,14.42,11.15,13.95,92709200
2-Oct-01,11.80,12.06,11.30,11.48,73820800
1-Oct-01,12.05,12.10,11.60,11.90,65156600
28-Sep-01,11.58,12.27,11.47,12.18,84023900
27-Sep-01,11.85,12.00,11.04,11.24,1135800
26-Sep-01,12.93,12.95,12.00,12.23,82953300
25-Sep-01,12.62,13.06,12.20,12.60,84991600
24-Sep-01,12.58,13.15,12.32,12.56,4639900
21-Sep-01,11.90,12.70,11.86,12.09,26736000
20-Sep-01,12.96,13.30,12.65,12.88,83697500
19-Sep-01,13.80,13.86,12.42,13.49,6630000
18-Sep-01,14.21,14.59,13.50,13.57,78228400
17-Sep-01,13.26,14.35,13.00,14.00,8950400
10-Sep-01,14.05,14.72,13.95,14.47,67667700
7-Sep-01,14.25,14.90,14.22,14.36,58341400
6-Sep-01,14.54,15.25,14.30,14.40,80211200
5-Sep-01,15.74,16.20,14.10,14.88,15126400
4-Sep-01,16.10,16.64,15.70,15.77,55432600
31-Aug-01,15.88,17.00,15.80,16.33,42884000
30-Aug-01,16.63,16.70,15.75,16.01,66141500
29-Aug-01,17.39,17.47,16.88,17.08,55750800
28-Aug-01,17.94,18.00,17.01,17.09,49679200
27-Aug-01,18.20,18.32,17.82,18.01,43850800
24-Aug-01,17.49,18.28,17.30,18.25,84315700
23-Aug-01,16.38,17.11,16.25,16.76,60603500
22-Aug-01,16.32,16.57,15.75,16.48,59418100
21-Aug-01,16.92,17.00,15.90,16.01,39114200
20-Aug-01,16.52,16.99,16.20,16.90,35916800
17-Aug-01,16.88,17.24,16.43,16.61,45174800
16-Aug-01,16.63,17.52,16.16,17.48,54568400
15-Aug-01,17.60,17.88,16.95,17.00,49865300
14-Aug-01,18.31,18.40,17.61,17.65,35474400
13-Aug-01,18.28,18.40,17.85,18.21,32415200
10-Aug-01,18.19,18.45,17.55,18.33,45157100
9-Aug-01,17.81,18.51,17.61,18.29,48636900
8-Aug-01,18.67,18.99,17.83,17.98,87216300
7-Aug-01,19.40,19.76,18.25,19.26,67220200
6-Aug-01,19.85,20.00,19.39,19.54,38484000
3-Aug-01,19.87,20.28,19.45,20.05,46425900
2-Aug-01,20.61,20.75,19.55,20.25,61215700
1-Aug-01,19.82,20.34,19.75,20.30,79066900
31-Jul-01,19.04,20.00,18.68,19.22,59592600
30-Jul-01,19.05,19.50,18.55,18.89,50892900
27-Jul-01,19.19,19.60,18.91,19.06,46084700
26-Jul-01,18.71,19.49,18.20,19.38,63616400
25-Jul-01,18.60,18.99,18.31,18.70,56466200
24-Jul-01,18.13,18.58,17.92,18.38,49782700
23-Jul-01,18.80,18.97,18.20,18.27,63479400
20-Jul-01,17.58,18.32,17.45,17.99,44815200
19-Jul-01,17.68,18.61,17.55,17.76,77645300
18-Jul-01,17.29,17.78,16.82,17.15,48592700
17-Jul-01,17.59,18.00,16.98,17.79,59831500
16-Jul-01,18.34,18.51,17.61,17.71,48519700
13-Jul-01,18.06,18.94,17.88,18.74,69340300
12-Jul-01,17.70,19.20,17.49,17.86,70361100
11-Jul-01,16.31,17.14,16.10,16.70,61982200
10-Jul-01,17.71,17.78,16.07,16.20,67128900
9-Jul-01,17.02,17.69,16.31,17.25,51966900
6-Jul-01,17.27,17.76,16.69,16.79,48657100
5-Jul-01,18.70,18.77,17.51,17.58,53791700
3-Jul-01,19.06,19.44,18.80,19.19,25425300
2-Jul-01,18.68,19.44,18.62,19.22,54242900
29-Jun-01,18.77,20.00,18.05,18.20,84327600
28-Jun-01,18.52,19.19,18.20,18.58,69043000
27-Jun-01,18.01,18.25,17.60,17.93,43255800
26-Jun-01,17.97,18.10,17.65,18.02,61602400
25-Jun-01,18.00,18.55,17.77,18.51,55096900
22-Jun-01,18.07,18.53,17.48,17.52,51652000
21-Jun-01,16.58,18.31,16.28,17.68,80008900
20-Jun-01,16.60,16.85,16.14,16.40,66767600
19-Jun-01,17.44,17.52,16.33,16.64,58240300
18-Jun-01,16.80,17.23,16.40,16.50,50937200
15-Jun-01,17.25,17.67,16.40,16.65,11946700
14-Jun-01,18.33,19.01,17.64,17.74,83342300
13-Jun-01,20.24,20.25,18.90,19.02,55780400
12-Jun-01,19.93,20.58,19.25,20.37,57107300
11-Jun-01,20.31,21.50,19.67,20.38,46852200
8-Jun-01,21.28,21.36,20.32,20.49,50322200
7-Jun-01,20.46,22.00,20.40,21.82,51493100
6-Jun-01,21.26,22.00,20.56,20.76,56128800
5-Jun-01,20.26,21.88,20.20,21.54,86819100
4-Jun-01,19.08,19.81,19.01,19.73,51555200
1-Jun-01,19.61,20.00,18.48,18.85,71255300
31-May-01,19.10,19.93,19.05,19.26,55303100
30-May-01,19.81,19.99,18.79,19.00,80660100
29-May-01,21.52,21.55,20.38,20.46,67551400
25-May-01,22.99,23.06,22.00,22.05,45345400
24-May-01,22.42,22.95,21.85,22.91,78940500
23-May-01,23.08,23.43,22.29,22.43,72902600
22-May-01,23.39,24.13,22.78,23.48,47490200
21-May-01,20.30,22.92,20.21,22.87,39154100
18-May-01,19.71,20.39,19.65,20.20,73000700
17-May-01,20.00,20.73,19.42,19.86,98152500
16-May-01,18.42,20.04,18.20,20.00,88948500
15-May-01,18.63,19.67,18.41,18.74,84228600
14-May-01,18.93,19.05,18.18,18.57,39391000
11-May-01,18.91,19.87,18.54,19.05,44783800
10-May-01,19.53,19.75,18.75,18.83,62133000
9-May-01,18.99,19.74,18.65,19.13,18126000
8-May-01,20.50,21.00,18.65,20.37,60053200
7-May-01,19.84,20.55,19.08,19.25,21945900
4-May-01,17.95,19.77,17.74,19.64,1968300
3-May-01,19.43,19.46,18.18,18.66,121700
2-May-01,19.27,20.09,18.80,19.99,68216900
1-May-01,17.11,18.28,16.25,17.80,80773200
30-Apr-01,16.49,17.55,16.00,16.98,86414000
27-Apr-01,15.88,15.95,15.20,15.60,61321900
26-Apr-01,16.17,16.30,14.98,15.21,97454400
25-Apr-01,16.08,16.33,15.38,15.73,88239900
24-Apr-01,17.21,17.26,16.20,16.26,81613500
23-Apr-01,18.50,18.64,16.89,17.33,84455800
20-Apr-01,18.84,19.25,18.40,19.15,80469700
19-Apr-01,18.36,19.00,18.02,18.90,90131500
18-Apr-01,17.90,19.50,17.15,18.00,38340800
17-Apr-01,15.90,17.25,15.67,16.65,76546500
16-Apr-01,17.65,18.34,15.18,17.20,1736300
12-Apr-01,17.20,18.32,17.03,17.98,84913900
11-Apr-01,17.50,18.05,17.23,17.40,54468900
10-Apr-01,14.95,17.00,14.62,15.86,11151900
9-Apr-01,14.16,14.62,13.70,14.49,73508500
6-Apr-01,14.75,14.88,13.38,13.62,96256000
5-Apr-01,14.78,15.19,14.19,14.94,11834200
4-Apr-01,14.12,15.00,13.19,13.69,58189800
3-Apr-01,14.88,15.00,13.50,13.75,37016900
2-Apr-01,15.88,16.12,15.00,15.06,72197900
30-Mar-01,15.56,16.25,15.00,15.81,95470900
29-Mar-01,15.69,16.19,15.00,15.25,37862500
28-Mar-01,16.75,17.00,15.38,15.75,83100000
27-Mar-01,17.94,18.69,17.50,18.12,996400
26-Mar-01,19.12,19.19,17.50,17.88,18755100
23-Mar-01,20.38,20.50,18.45,18.69,26354200
22-Mar-01,19.70,19.94,18.56,19.75,17416200
21-Mar-01,19.25,20.00,18.75,19.31,6938800
20-Mar-01,21.31,21.94,19.03,19.06,17909700
19-Mar-01,20.50,21.19,19.75,20.81,65708700
16-Mar-01,19.64,20.25,19.00,19.94,7078200
15-Mar-01,21.38,21.88,20.00,20.31,85334400
14-Mar-01,20.44,21.12,19.70,20.25,18905700
13-Mar-01,19.39,21.50,19.31,21.38,35146700
12-Mar-01,19.12,19.61,18.00,18.81,75314200
9-Mar-01,22.12,23.69,20.00,20.62,56893400
8-Mar-01,23.75,24.00,22.62,22.81,76308000
7-Mar-01,24.88,24.94,23.56,24.00,72856000
6-Mar-01,24.06,24.94,23.94,24.00,87484100
5-Mar-01,22.94,23.31,22.50,23.08,81435600
2-Mar-01,23.50,23.81,21.94,22.19,21173900
1-Mar-01,23.25,24.56,22.25,24.50,17128100
28-Feb-01,24.44,25.00,23.25,23.69,15009500
27-Feb-01,25.81,26.50,23.69,24.00,21982800
26-Feb-01,27.19,27.31,25.25,26.06,89455000
23-Feb-01,26.44,27.06,25.00,26.81,99457800
22-Feb-01,25.69,26.88,25.12,26.44,12735600
21-Feb-01,25.69,26.69,25.00,25.12,94887700
20-Feb-01,28.67,28.69,26.00,26.06,864300
16-Feb-01,28.00,29.19,27.48,28.25,84987900
15-Feb-01,30.44,31.44,29.25,30.81,97265600
14-Feb-01,28.94,29.75,28.00,29.38,71141600
13-Feb-01,29.75,30.69,28.44,28.50,73348600
12-Feb-01,28.56,29.88,27.94,29.56,96199700
9-Feb-01,29.88,30.45,28.00,28.19,31234800
8-Feb-01,31.25,31.75,29.81,30.00,98833700
7-Feb-01,31.94,32.42,29.88,31.06,79305300
6-Feb-01,34.77,36.23,33.00,35.75,81353300
5-Feb-01,34.56,35.00,33.50,34.56,72387000
2-Feb-01,38.38,38.62,35.19,35.50,55780000
1-Feb-01,37.50,38.56,37.44,38.25,44905700
31-Jan-01,38.80,39.50,37.31,37.44,81514200
30-Jan-01,37.81,38.56,37.31,38.00,73308600
29-Jan-01,36.12,38.00,35.50,37.25,14955000
26-Jan-01,37.31,38.62,36.19,38.38,47500800
25-Jan-01,42.25,42.44,38.81,39.31,62862800
24-Jan-01,43.12,43.38,41.50,42.56,67908700
23-Jan-01,41.69,42.88,40.44,42.62,53760800
22-Jan-01,40.69,42.44,39.94,41.44,58032800
19-Jan-01,44.00,44.00,40.19,40.38,76643900
18-Jan-01,39.06,42.88,38.38,41.88,75748000
17-Jan-01,40.00,41.30,38.31,39.00,66966100
16-Jan-01,37.94,38.80,37.25,38.50,46201300
12-Jan-01,39.19,39.75,37.50,38.06,65514600
11-Jan-01,34.77,39.56,34.75,39.12,38538500
10-Jan-01,34.44,37.50,33.64,36.25,11418700
9-Jan-01,37.69,38.86,36.00,37.12,76383600
8-Jan-01,35.69,37.25,33.75,36.55,88570400
5-Jan-01,42.81,42.94,36.38,36.62,20373900
4-Jan-01,42.44,44.50,40.91,41.88,8612000
3-Jan-01,32.56,42.25,31.94,41.31,61934800
2-Jan-01,38.12,38.50,32.62,33.31,18300800
29-Dec-00,38.88,39.50,37.00,38.25,66603100
28-Dec-00,40.50,41.56,38.38,39.56,52919700
27-Dec-00,40.12,41.94,39.50,40.75,45204700
26-Dec-00,41.75,42.31,39.56,40.75,38720000
22-Dec-00,40.41,42.00,39.80,41.50,60498700
21-Dec-00,36.00,40.25,35.16,38.88,20838500
20-Dec-00,37.62,38.44,35.70,36.50,67376300
19-Dec-00,43.06,46.00,40.30,41.75,96634800
18-Dec-00,49.12,50.12,42.50,42.94,24197500
15-Dec-00,50.06,50.19,47.12,48.17,232500
14-Dec-00,51.06,52.56,50.81,50.94,44324800
13-Dec-00,55.19,55.25,50.81,51.12,52243000
12-Dec-00,54.75,55.12,53.31,54.38,38839900
11-Dec-00,52.88,55.75,52.62,54.81,75366200
8-Dec-00,51.97,54.44,50.00,52.38,53210800
7-Dec-00,50.36,51.00,47.73,49.94,44752600
6-Dec-00,52.00,53.56,50.69,51.44,69603900
5-Dec-00,47.73,52.19,47.31,52.12,88554300
4-Dec-00,49.06,50.00,45.00,45.81,12197700
1-Dec-00,49.19,51.62,47.25,48.50,69483700
30-Nov-00,50.19,50.94,45.19,47.88,12834600
29-Nov-00,51.31,53.00,49.12,51.69,53963200
28-Nov-00,52.05,53.19,50.62,51.00,49834200
27-Nov-00,53.69,54.52,51.03,51.25,38706300
24-Nov-00,51.88,52.94,51.56,52.69,20213800
22-Nov-00,52.94,54.50,50.38,50.56,47035700
21-Nov-00,50.94,54.19,50.50,53.69,56161500
20-Nov-00,50.06,52.69,49.94,51.25,51058600
17-Nov-00,51.25,53.69,50.50,52.75,48606300
16-Nov-00,53.00,53.19,50.62,51.06,31802700
15-Nov-00,52.94,54.36,51.44,53.56,49724800
14-Nov-00,52.31,53.56,51.81,53.12,58914600
13-Nov-00,48.81,52.38,48.44,50.38,73945900
10-Nov-00,51.94,53.12,49.12,50.06,56972200
9-Nov-00,50.94,53.50,50.50,53.25,69857700
8-Nov-00,55.88,56.69,51.75,52.12,58215400
7-Nov-00,54.14,57.62,53.00,56.75,96824000
6-Nov-00,55.94,57.12,49.56,55.12,61731100
3-Nov-00,55.38,57.12,54.06,56.75,58255600
2-Nov-00,52.81,56.12,52.69,55.75,56046900
1-Nov-00,52.88,54.88,51.06,52.12,73007800
31-Oct-00,48.38,54.50,48.19,53.88,85951000
30-Oct-00,49.19,49.69,45.25,48.06,10739900
27-Oct-00,0.00,53.25,50.31,50.69,69736300
26-Oct-00,51.38,54.50,50.00,53.56,81440400
25-Oct-00,51.56,53.56,50.00,50.62,67430000
24-Oct-00,56.56,57.25,50.00,54.88,43924900
23-Oct-00,56.25,57.75,54.94,55.88,43454000
20-Oct-00,57.62,59.44,56.75,57.31,49966800
19-Oct-00,55.06,59.12,54.25,58.25,71086100
18-Oct-00,52.75,54.77,50.00,52.25,65171000
17-Oct-00,55.44,56.00,53.38,54.56,51239300
16-Oct-00,55.19,55.75,53.88,54.50,49698100
13-Oct-00,49.06,56.19,49.06,56.06,72873100
12-Oct-00,52.62,53.62,46.50,49.81,76861500
11-Oct-00,48.75,53.38,48.22,51.19,92532200
10-Oct-00,53.00,54.38,48.12,51.12,58814900
9-Oct-00,55.44,55.50,52.88,53.69,45488400
6-Oct-00,57.31,58.25,54.62,56.19,53040200
5-Oct-00,57.81,58.88,56.25,57.56,46949600
4-Oct-00,56.56,59.06,55.25,58.56,55804100
3-Oct-00,57.00,59.38,54.75,56.25,63883200
2-Oct-00,57.38,58.97,54.59,55.50,74301300
29-Sep-00,58.86,59.31,55.00,55.25,40717300
28-Sep-00,56.38,60.25,54.62,59.31,89147500
27-Sep-00,56.50,57.62,55.31,57.31,55299000
26-Sep-00,58.19,59.19,54.62,55.19,71221400
25-Sep-00,60.72,61.36,56.88,57.19,58303800
22-Sep-00,58.50,61.12,58.25,60.31,54681300
21-Sep-00,61.56,62.88,57.12,61.12,46194700
20-Sep-00,61.31,63.62,61.00,63.12,60916500
19-Sep-00,59.94,62.06,59.06,62.00,49809800
18-Sep-00,61.56,62.56,58.50,60.06,58533200
15-Sep-00,61.38,63.75,59.81,62.75,63319300
14-Sep-00,62.62,63.31,60.55,61.25,47044600
13-Sep-00,58.25,64.25,58.00,61.31,74651600
12-Sep-00,61.52,62.88,57.94,58.88,75248200
11-Sep-00,63.50,63.88,60.88,61.19,52246600
8-Sep-00,65.75,65.94,63.31,63.88,35231600
7-Sep-00,65.00,66.69,64.25,66.25,29663500
6-Sep-00,66.38,66.94,63.50,64.25,36075300
5-Sep-00,67.56,68.31,65.62,66.00,31846600
1-Sep-00,68.88,69.62,68.12,68.56,32285100
31-Aug-00,0.00,68.94,67.00,68.75,43905800
30-Aug-00,66.38,66.94,66.19,66.56,23813800
29-Aug-00,66.02,67.38,65.75,66.56,25133700
28-Aug-00,0.00,67.03,65.62,66.06,24869500
25-Aug-00,66.38,67.00,65.38,65.50,20380600
24-Aug-00,67.31,67.50,65.62,66.50,26235600
23-Aug-00,64.50,67.25,64.19,67.19,42840300
22-Aug-00,65.56,66.44,64.50,64.81,40500400
21-Aug-00,64.12,65.94,64.02,65.50,40952400
18-Aug-00,63.56,64.31,62.50,63.50,40530400
17-Aug-00,62.88,64.50,62.27,63.44,32548300
16-Aug-00,63.50,64.25,62.31,63.06,34370600
15-Aug-00,64.19,64.81,62.94,63.19,33040800
14-Aug-00,64.00,64.56,62.38,64.50,28634900
11-Aug-00,62.81,64.88,62.00,64.31,48558800
10-Aug-00,66.62,66.62,63.00,63.38,58841600
9-Aug-00,68.88,70.00,67.25,67.81,93148500
8-Aug-00,66.00,68.75,63.94,65.50,41606600
7-Aug-00,66.20,67.25,65.25,66.25,38711200
4-Aug-00,65.53,66.88,64.56,65.56,41032700
3-Aug-00,59.62,64.88,58.50,64.38,59216700
2-Aug-00,63.25,64.50,60.25,60.94,43336300
1-Aug-00,64.75,65.62,62.31,63.19,33388700
31-Jul-00,62.89,66.00,62.56,65.44,49255200
28-Jul-00,67.25,69.00,61.94,62.81,55355600
27-Jul-00,67.86,69.00,66.75,68.00,33719200
26-Jul-00,67.06,69.12,66.38,68.56,38564900
25-Jul-00,66.62,69.00,65.94,68.12,31912900
24-Jul-00,67.94,69.25,65.88,66.06,28513300
21-Jul-00,69.50,69.62,67.73,68.12,27961500
20-Jul-00,67.25,69.75,67.19,69.50,42765600
19-Jul-00,67.12,67.94,66.25,66.81,23297800
18-Jul-00,68.25,69.12,67.00,67.25,28239900
17-Jul-00,67.62,69.75,67.38,69.62,39581100
14-Jul-00,66.56,68.75,66.06,68.25,57302000
13-Jul-00,64.06,67.11,63.88,65.25,57305200
12-Jul-00,63.38,65.50,62.09,63.88,32165800
11-Jul-00,63.00,64.56,61.62,62.12,32162700
10-Jul-00,64.25,65.62,63.00,63.12,28368100
7-Jul-00,64.62,65.94,63.62,65.38,29850400
6-Jul-00,62.25,64.88,60.88,64.75,33371800
5-Jul-00,63.81,64.75,61.44,61.88,25201100
3-Jul-00,63.38,64.88,63.12,64.62,14147300
30-Jun-00,60.81,64.00,60.12,63.56,26950200
29-Jun-00,62.69,63.52,60.50,61.19,35016300
28-Jun-00,62.81,64.44,44.50,63.56,28747700
27-Jun-00,62.56,65.25,59.19,62.25,30365000
26-Jun-00,63.08,63.62,61.06,62.81,39293400
23-Jun-00,64.56,65.94,62.12,62.62,24686300
22-Jun-00,67.06,67.12,64.31,64.56,26920900
21-Jun-00,65.81,67.75,64.44,67.44,26518900
20-Jun-00,68.69,69.56,66.25,67.12,32747100
19-Jun-00,67.00,69.25,66.25,68.94,33880700
16-Jun-00,66.75,68.00,65.80,67.81,43309200
15-Jun-00,65.50,66.62,64.62,66.50,36255700
14-Jun-00,64.81,66.50,64.12,65.19,32511500
13-Jun-00,62.38,65.19,61.50,65.00,32271200
12-Jun-00,64.50,64.75,62.06,62.12,21827300
9-Jun-00,64.50,64.81,64.00,64.38,23579200
8-Jun-00,63.81,65.00,62.75,63.69,35645100
7-Jun-00,61.62,63.50,61.12,62.88,31312900
6-Jun-00,62.75,63.81,61.06,61.31,29923300
5-Jun-00,63.69,65.06,62.44,63.25,36181600
2-Jun-00,64.56,65.75,63.44,64.38,60744100
1-Jun-00,58.58,61.12,57.88,60.94,50891400
31-May-00,58.94,60.25,56.25,56.94,47700900
30-May-00,57.48,60.12,57.00,59.88,49321700
26-May-00,54.62,55.94,52.62,54.94,35616200
25-May-00,56.06,58.44,54.06,54.50,75119300
24-May-00,50.50,55.50,50.19,55.12,95254600
23-May-00,55.12,55.62,50.06,50.55,64840400
22-May-00,53.19,55.50,50.00,55.25,91193200
19-May-00,53.98,55.06,52.44,53.44,81138200
18-May-00,58.00,58.31,55.00,55.38,72564400
17-May-00,59.25,59.62,57.75,58.00,42521800
16-May-00,61.12,62.27,58.75,60.56,49991200
15-May-00,59.44,60.25,57.00,60.00,48836200
12-May-00,60.12,63.00,58.75,59.94,43351000
11-May-00,59.88,61.12,58.06,60.25,53227200
10-May-00,60.50,61.50,57.00,58.50,90894500
9-May-00,63.53,64.19,60.81,62.75,67579800
8-May-00,64.06,64.62,62.12,62.75,66016400
5-May-00,63.81,68.00,63.50,67.75,44439500
4-May-00,65.44,66.12,63.50,63.62,37155900
3-May-00,67.56,67.62,63.62,66.06,46631500
2-May-00,71.00,71.69,67.62,68.00,29905800
1-May-00,69.88,71.88,69.50,71.44,39655300
28-Apr-00,69.38,70.00,68.06,69.33,32883800
27-Apr-00,64.25,69.12,64.00,69.00,50274600
26-Apr-00,66.31,69.00,65.88,66.75,50017900
25-Apr-00,65.12,66.75,63.06,66.00,52721900
24-Apr-00,61.56,64.00,59.25,63.44,57216500
20-Apr-00,66.75,67.69,64.50,65.12,34447100
19-Apr-00,69.75,70.00,65.88,66.12,50798000
18-Apr-00,68.12,69.62,67.00,69.25,78350500
17-Apr-00,56.94,67.56,56.67,66.50,14755400
14-Apr-00,60.88,61.06,55.06,57.00,15771900
13-Apr-00,66.11,66.50,60.50,61.12,2539000
12-Apr-00,69.75,72.12,64.75,65.00,91980000
11-Apr-00,72.12,73.69,68.50,70.00,58034300
10-Apr-00,75.44,76.00,71.50,72.56,41284300
7-Apr-00,73.00,75.19,71.62,74.94,43732400
6-Apr-00,73.88,74.25,70.75,71.81,43111200
5-Apr-00,70.25,74.88,70.12,72.12,63567600
4-Apr-00,74.00,74.50,64.88,73.12,13758900
3-Apr-00,76.88,77.00,72.00,72.94,59735900
31-Mar-00,74.36,77.81,73.00,77.31,49732100
30-Mar-00,74.88,76.75,70.75,73.62,65964400
29-Mar-00,77.94,78.73,75.12,76.06,53693300
28-Mar-00,79.56,80.50,77.50,77.88,41506700
27-Mar-00,81.44,82.00,79.06,80.06,46524800
24-Mar-00,80.12,81.31,77.00,79.38,63853800
23-Mar-00,73.12,78.94,72.00,77.81,75250900
22-Mar-00,70.81,73.38,69.44,72.19,57972400
21-Mar-00,67.25,70.75,66.47,70.43,55682400
20-Mar-00,67.50,68.38,66.28,67.06,37869800
17-Mar-00,65.50,67.97,65.50,67.50,49968000
16-Mar-00,64.88,66.69,62.16,65.84,72856600
15-Mar-00,66.75,67.50,63.31,64.31,61643400
14-Mar-00,68.47,69.06,62.53,65.88,55842000
13-Mar-00,0.00,70.02,67.00,68.09,46277800
10-Mar-00,69.56,70.94,68.03,68.19,46998400
9-Mar-00,66.94,70.38,66.06,69.66,65047800
8-Mar-00,66.62,67.50,65.00,66.19,47205800
7-Mar-00,68.88,68.91,65.38,66.03,41205600
6-Mar-00,0.00,69.00,67.22,68.06,32974600
3-Mar-00,0.00,69.47,66.94,68.72,37125000
2-Mar-00,0.00,66.75,64.97,66.38,30746000
1-Mar-00,0.00,67.69,65.00,65.84,38348400
29-Feb-00,66.18,66.97,64.63,66.09,39413600
28-Feb-00,65.38,66.59,63.81,65.28,51274800
25-Feb-00,68.31,69.00,65.53,66.38,45341000
24-Feb-00,68.62,68.88,66.25,68.62,72142800
23-Feb-00,63.50,69.88,63.16,69.31,82513400
22-Feb-00,63.28,63.53,60.62,61.97,59998000
18-Feb-00,65.34,65.41,62.75,62.91,39510800
17-Feb-00,64.47,65.38,63.81,65.25,38324400
16-Feb-00,63.94,64.75,63.38,63.59,44890200
15-Feb-00,64.88,65.06,62.66,64.00,59132000
14-Feb-00,66.47,66.47,63.47,65.25,47017400
11-Feb-00,66.56,66.81,64.06,65.47,70844800
10-Feb-00,65.31,68.50,64.28,67.97,63248000
9-Feb-00,66.62,67.50,63.22,64.41,6434600
8-Feb-00,63.94,66.44,51.62,62.41,64998800
7-Feb-00,62.03,62.72,61.28,62.59,47707600
4-Feb-00,59.78,61.25,59.31,60.56,52186000
3-Feb-00,57.44,59.31,57.25,58.91,47445400
2-Feb-00,58.06,58.88,56.50,56.94,67615600
1-Feb-00,54.89,59.06,54.78,58.91,86210000
31-Jan-00,51.47,55.00,50.00,54.75,64064200
28-Jan-00,53.28,54.69,51.50,51.94,48258000
27-Jan-00,54.41,55.31,51.88,53.31,47065400
26-Jan-00,55.72,55.88,53.50,53.59,34393600
25-Jan-00,54.25,56.44,53.53,56.06,54325600
24-Jan-00,57.88,57.88,52.50,54.53,42427600
21-Jan-00,57.44,57.69,56.22,57.62,43519800
20-Jan-00,56.69,57.56,55.72,56.19,40892400
19-Jan-00,55.84,56.50,54.53,56.16,44971800
18-Jan-00,53.75,56.25,53.62,56.00,57971000
14-Jan-00,54.12,54.62,52.50,53.78,42696600
13-Jan-00,53.00,53.25,51.88,53.09,32861000
12-Jan-00,53.44,53.75,51.75,51.91,39960200
11-Jan-00,54.06,54.81,52.50,53.25,42565200
10-Jan-00,54.25,55.00,53.06,54.91,49259800
7-Jan-00,49.69,53.00,49.69,52.94,60862400
6-Jan-00,50.41,50.94,47.25,50.00,46020400
5-Jan-00,50.03,52.25,48.62,51.19,67395000
4-Jan-00,52.75,53.50,50.81,51.00,49648600
3-Jan-00,54.97,55.12,51.78,54.05,51995600
31-Dec-99,0.00,53.62,52.97,53.56,9743600
30-Dec-99,0.00,53.50,52.53,53.09,17652000
29-Dec-99,0.00,53.50,52.34,52.94,11030000
28-Dec-99,0.00,53.50,51.56,52.59,25509800
27-Dec-99,0.00,52.66,51.03,52.59,25392400
23-Dec-99,0.00,52.50,51.59,52.22,20609600
22-Dec-99,0.00,52.50,50.25,51.25,30027400
21-Dec-99,0.00,52.25,50.94,52.03,38041800
20-Dec-99,0.00,51.81,50.22,51.62,37159800
17-Dec-99,0.00,50.38,49.38,49.84,51866200
16-Dec-99,0.00,49.38,48.53,48.94,41917600
15-Dec-99,0.00,48.25,46.44,47.94,89611600
14-Dec-99,0.00,50.78,48.88,48.97,40855800
13-Dec-99,0.00,50.88,49.12,50.59,35896400
10-Dec-99,0.00,50.06,48.31,49.91,32717200
9-Dec-99,0.00,51.00,48.00,49.34,47429400
8-Dec-99,0.00,51.50,49.50,49.97,40463400
7-Dec-99,0.00,51.22,49.88,50.62,53284000
6-Dec-99,0.00,49.44,47.66,49.12,36537000
3-Dec-99,0.00,48.50,47.34,47.63,49194200
2-Dec-99,0.00,46.88,45.72,46.75,37602800
1-Dec-99,0.00,45.88,44.59,45.72,37748000
30-Nov-99,0.00,46.31,44.25,44.31,37543200
29-Nov-99,0.00,47.75,46.38,46.56,42427600
26-Nov-99,0.00,47.69,46.50,46.69,21722200
24-Nov-99,0.00,46.97,44.56,46.25,48396600
23-Nov-99,0.00,44.75,43.75,43.88,42950000
22-Nov-99,0.00,44.19,43.31,43.59,24912600
19-Nov-99,0.00,44.31,43.38,44.06,34183000
18-Nov-99,0.00,45.25,42.50,43.97,28239400
17-Nov-99,0.00,43.09,42.25,42.38,36531400
16-Nov-99,0.00,42.50,41.44,42.19,35376200
15-Nov-99,0.00,41.88,40.94,41.41,23921400
12-Nov-99,0.00,42.22,40.25,41.72,40006200
11-Nov-99,0.00,42.09,39.84,41.88,53919400
10-Nov-99,0.00,39.84,38.59,39.72,82621400
9-Nov-99,0.00,38.50,36.81,37.09,53580600
8-Nov-99,0.00,37.97,36.62,37.62,48407800
5-Nov-99,0.00,36.75,35.75,36.69,42416000
4-Nov-99,0.00,36.81,34.94,35.00,60509800
3-Nov-99,0.00,37.16,35.53,35.75,45868800
2-Nov-99,0.00,37.25,36.34,36.75,33267600
1-Nov-99,0.00,37.00,36.19,36.44,31410200
29-Oct-99,0.00,37.25,36.12,37.00,56604200
28-Oct-99,0.00,35.53,34.72,35.47,40265000
27-Oct-99,0.00,34.75,33.38,34.59,38330400
26-Oct-99,0.00,34.38,33.59,33.62,38691000
25-Oct-99,0.00,33.97,32.56,33.25,74015400
22-Oct-99,0.00,35.47,33.19,33.28,51369400
21-Oct-99,0.00,34.66,33.78,34.59,37816000
20-Oct-99,0.00,35.00,33.97,34.97,36908600
19-Oct-99,0.00,34.50,33.44,33.69,40404800
18-Oct-99,0.00,34.06,32.53,33.69,50957000
15-Oct-99,0.00,34.31,33.25,33.59,56896000
14-Oct-99,0.00,35.16,34.25,34.69,42707400
13-Oct-99,0.00,35.97,34.81,35.16,33096600
12-Oct-99,0.00,36.44,35.25,35.88,23617400
11-Oct-99,0.00,36.38,35.91,36.22,17772200
8-Oct-99,0.00,36.00,34.72,35.91,30820200
7-Oct-99,0.00,36.27,35.22,35.44,29217400
6-Oct-99,0.00,36.50,35.56,35.96,27799200
5-Oct-99,0.00,36.44,35.12,35.81,40160000
4-Oct-99,0.00,35.31,34.22,35.25,26190400
1-Oct-99,0.00,34.50,33.50,34.44,34804400
30-Sep-99,0.00,34.47,33.19,34.28,38805600
29-Sep-99,0.00,34.75,33.38,33.41,34534200
28-Sep-99,0.00,34.41,32.94,34.19,48318400
27-Sep-99,0.00,35.12,33.81,34.06,39339200
24-Sep-99,0.00,34.88,33.34,34.50,57379600
23-Sep-99,0.00,36.44,34.38,34.69,38753200
22-Sep-99,0.00,36.25,35.16,36.12,34361200
21-Sep-99,0.00,36.47,35.44,35.56,31275000
20-Sep-99,0.00,36.75,36.12,36.59,27080000
17-Sep-99,0.00,36.78,35.47,36.75,52053800
16-Sep-99,0.00,35.66,34.62,35.25,35384400
15-Sep-99,0.00,36.38,35.25,35.25,29876200
14-Sep-99,0.00,36.06,35.50,35.97,30674600
13-Sep-99,0.00,36.28,35.31,35.34,40043000
10-Sep-99,0.00,35.84,34.97,35.38,26930400
9-Sep-99,0.00,35.09,34.31,34.97,27036000
8-Sep-99,0.00,35.44,34.31,34.47,29107400
7-Sep-99,0.00,35.88,35.16,35.19,29664200
3-Sep-99,0.00,35.47,34.88,35.47,41337800
2-Sep-99,0.00,34.41,33.38,34.12,32984800
1-Sep-99,0.00,34.56,33.69,34.47,29677600
31-Aug-99,0.00,34.31,33.00,33.91,40609800
30-Aug-99,0.00,34.50,33.06,33.38,30185200
27-Aug-99,0.00,34.94,34.06,34.25,31158000
26-Aug-99,0.00,35.16,33.94,34.47,71315200
25-Aug-99,0.00,34.53,33.31,34.31,40610800
24-Aug-99,0.00,33.50,32.53,33.19,37228200
23-Aug-99,0.00,32.94,32.09,32.88,29967600
20-Aug-99,0.00,32.06,31.25,32.06,26883600
19-Aug-99,0.00,31.50,30.84,31.12,27056200
18-Aug-99,0.00,32.06,31.59,31.66,22716000
17-Aug-99,0.00,32.38,31.56,32.12,28294200
16-Aug-99,0.00,32.22,31.31,31.75,29650400
13-Aug-99,0.00,31.78,31.12,31.78,41451600
12-Aug-99,0.00,31.72,30.53,30.84,43316600
11-Aug-99,0.00,31.50,30.06,31.47,75938000
10-Aug-99,0.00,30.31,28.08,29.38,76056000
9-Aug-99,0.00,31.94,29.81,29.91,43443000
6-Aug-99,0.00,31.62,30.50,31.12,39716600
5-Aug-99,0.00,30.78,29.19,30.75,57296600
4-Aug-99,0.00,31.34,30.16,30.25,39038000
3-Aug-99,0.00,31.28,30.12,30.56,32929600
2-Aug-99,0.00,32.00,30.62,30.91,28410800
30-Jul-99,0.00,31.91,31.00,31.06,30920600
29-Jul-99,0.00,31.31,30.50,30.88,32845400
28-Jul-99,0.00,32.03,30.72,31.66,26069000
27-Jul-99,0.00,31.62,30.72,31.47,32801200
26-Jul-99,0.00,31.25,30.50,30.53,30651400
23-Jul-99,0.00,31.50,30.59,31.47,31455600
22-Jul-99,0.00,31.62,30.50,30.56,36403600
21-Jul-99,0.00,31.99,31.06,31.53,34653600
20-Jul-99,0.00,32.19,30.94,31.12,52499800
19-Jul-99,0.00,33.06,32.38,32.47,32815000
16-Jul-99,0.00,33.44,32.66,33.00,34040600
15-Jul-99,0.00,33.44,32.50,33.28,31953200
14-Jul-99,0.00,32.97,31.97,32.66,37186400
13-Jul-99,0.00,32.88,32.06,32.62,29617000
12-Jul-99,0.00,33.91,32.75,32.84,29132000
9-Jul-99,0.00,33.62,33.47,33.53,21304600
8-Jul-99,0.00,33.44,32.75,33.22,35132800
7-Jul-99,0.00,33.81,32.66,33.12,39942400
6-Jul-99,0.00,34.62,33.25,33.34,51384000
2-Jul-99,0.00,33.53,32.44,33.53,34590200
1-Jul-99,0.00,32.56,31.75,32.19,42941000
30-Jun-99,0.00,32.72,30.81,32.22,57276000
29-Jun-99,0.00,31.47,30.50,31.25,39825400
28-Jun-99,0.00,31.06,30.47,30.97,41437600
25-Jun-99,0.00,30.84,30.25,30.66,27671200
24-Jun-99,0.00,31.06,30.06,30.12,38005000
23-Jun-99,0.00,31.03,29.62,30.94,49203200
22-Jun-99,0.00,31.16,29.69,29.75,67783600
21-Jun-99,0.00,31.02,29.86,30.78,89087600
18-Jun-99,0.00,29.88,29.08,29.84,57738400
17-Jun-99,0.00,29.53,28.97,29.34,71372800
16-Jun-99,0.00,29.08,27.97,29.06,64400400
15-Jun-99,0.00,27.88,26.97,27.80,37100800
14-Jun-99,0.00,27.98,26.92,26.95,35985600
11-Jun-99,0.00,28.11,27.62,27.67,42794800
10-Jun-99,0.00,28.31,27.42,27.61,46410800
9-Jun-99,0.00,28.50,27.75,28.44,36088400
8-Jun-99,0.00,29.12,27.78,27.92,42970000
7-Jun-99,0.00,29.06,28.44,28.84,43152000
4-Jun-99,0.00,28.75,27.38,28.72,42558800
3-Jun-99,0.00,28.28,27.12,27.20,46990000
2-Jun-99,0.00,27.70,26.38,27.53,51810000
1-Jun-99,0.00,27.34,26.59,26.77,37913200
28-May-99,0.00,27.28,26.62,27.25,29326800
27-May-99,0.00,27.53,26.50,27.00,50292400
26-May-99,0.00,27.52,25.94,27.28,80335200
25-May-99,0.00,27.42,26.03,26.09,64750800
24-May-99,0.00,28.47,27.00,27.34,53228800
21-May-99,0.00,28.95,28.09,28.31,45804400
20-May-99,0.00,29.34,28.69,28.69,38444000
19-May-99,0.00,29.38,28.56,29.14,34946400
18-May-99,0.00,29.34,28.78,29.05,38190800
17-May-99,0.00,29.12,28.20,29.11,43313200
14-May-99,0.00,29.55,28.52,28.86,71553600
13-May-99,0.00,30.58,29.31,29.42,88076000
12-May-99,0.00,29.81,28.89,29.69,6372000
11-May-99,0.00,28.02,27.44,27.97,55558000
10-May-99,0.00,28.06,27.06,27.31,61386000
7-May-99,0.00,27.41,26.22,27.12,63438800
6-May-99,0.00,27.63,26.47,26.73,56656000
5-May-99,0.00,27.98,26.19,27.74,71363200
4-May-99,0.00,28.84,27.00,27.16,59029200
3-May-99,0.00,28.50,27.73,28.41,41324400
30-Apr-99,0.00,28.56,27.44,28.52,55172000
29-Apr-99,0.00,28.00,26.69,27.30,58306000
28-Apr-99,0.00,28.75,27.81,27.94,36499600
27-Apr-99,0.00,29.56,28.22,28.77,55416000
26-Apr-99,0.00,29.78,29.09,29.41,45698400
23-Apr-99,0.00,29.39,27.78,29.34,54888800
22-Apr-99,0.00,28.50,27.81,28.30,65329600
21-Apr-99,0.00,27.03,25.28,26.98,58310800
20-Apr-99,0.00,25.59,24.81,25.39,74972000
19-Apr-99,0.00,27.28,25.00,25.00,81505600
16-Apr-99,0.00,27.66,26.25,26.42,56686400
15-Apr-99,0.00,27.78,26.56,27.58,66928400
14-Apr-99,0.00,29.03,27.62,27.69,41214800
13-Apr-99,0.00,29.52,28.50,28.53,48144400
12-Apr-99,0.00,29.78,28.62,29.44,47393200
9-Apr-99,0.00,29.91,29.38,29.53,36259200
8-Apr-99,0.00,29.69,28.69,29.41,51870000
7-Apr-99,0.00,30.00,28.62,29.69,67618000
6-Apr-99,0.00,29.06,28.44,28.81,50341200
5-Apr-99,0.00,28.62,27.84,28.61,40853200
1-Apr-99,0.00,27.88,27.03,27.48,31877200
31-Mar-99,0.00,28.12,27.34,27.39,46356000
30-Mar-99,0.00,28.06,27.22,27.48,58543200
29-Mar-99,0.00,27.52,26.48,27.50,51661600
26-Mar-99,0.00,26.77,26.16,26.30,39559600
25-Mar-99,0.00,26.91,26.22,26.86,54295200
24-Mar-99,0.00,26.12,25.09,26.11,45669600
23-Mar-99,0.00,25.89,24.84,25.08,53808400
22-Mar-99,0.00,26.25,25.59,25.69,34202400
19-Mar-99,0.00,27.25,25.86,26.12,62439200
18-Mar-99,0.00,26.75,26.28,26.72,30107600
17-Mar-99,0.00,26.62,26.22,26.52,28227200
16-Mar-99,0.00,26.77,26.22,26.50,45523600
15-Mar-99,0.00,26.25,25.45,26.25,34249600
12-Mar-99,0.00,26.53,25.59,25.81,35631600
11-Mar-99,0.00,26.69,25.97,26.38,44450800
10-Mar-99,0.00,26.30,25.53,26.09,55808000
9-Mar-99,0.00,27.00,26.03,26.33,65762800
8-Mar-99,0.00,26.25,25.45,26.14,55207600
5-Mar-99,0.00,25.27,24.66,25.20,48879200
4-Mar-99,0.00,24.91,23.81,24.56,65344000
3-Mar-99,0.00,24.19,23.50,23.78,70322800
2-Mar-99,0.00,25.14,23.88,23.92,60858400
1-Mar-99,0.00,25.02,24.12,24.86,49533200
26-Feb-99,0.00,24.59,23.88,24.45,57701200
25-Feb-99,0.00,25.25,24.28,24.62,70941200
24-Feb-99,0.00,26.06,24.94,24.98,55274800
23-Feb-99,0.00,26.11,25.27,25.73,66180000
22-Feb-99,0.00,25.64,23.98,25.52,66749200
19-Feb-99,0.00,24.47,23.91,24.28,43832000
18-Feb-99,0.00,24.19,22.91,24.05,74246000
17-Feb-99,0.00,24.64,23.72,23.78,75745600
16-Feb-99,0.00,25.66,24.42,24.77,55932800
12-Feb-99,0.00,25.97,24.62,24.77,64764000
11-Feb-99,0.00,26.27,24.81,26.22,70136000
10-Feb-99,0.00,24.91,23.88,24.64,80508000
9-Feb-99,0.00,25.62,23.97,23.98,84167600
8-Feb-99,0.00,26.11,24.53,25.48,91903600
5-Feb-99,0.00,26.28,24.92,25.31,8850000
4-Feb-99,0.00,27.75,25.94,26.31,94445600
3-Feb-99,0.00,28.06,27.00,27.78,96963600
2-Feb-99,0.00,29.19,27.81,28.10,26920000
1-Feb-99,0.00,29.38,28.23,28.75,2006400
29-Jan-99,0.00,28.00,26.72,27.89,76154000
28-Jan-99,0.00,27.28,26.22,27.22,64945200
27-Jan-99,0.00,27.00,25.72,25.86,64099600
26-Jan-99,0.00,26.88,25.81,26.78,61234400
25-Jan-99,0.00,25.88,24.84,25.86,46580800
22-Jan-99,0.00,26.12,24.52,25.70,65877600
21-Jan-99,0.00,26.53,25.00,25.33,76785600
20-Jan-99,0.00,27.48,26.23,26.53,73077600
19-Jan-99,0.00,26.62,25.55,26.59,70529600
15-Jan-99,0.00,25.44,24.44,25.42,64330400
14-Jan-99,0.00,25.12,24.03,24.09,81488800
13-Jan-99,0.00,24.94,22.47,23.97,23995200
12-Jan-99,0.00,26.09,24.44,24.53,99631200
11-Jan-99,0.00,26.97,25.80,26.17,65646000
8-Jan-99,0.00,27.00,25.95,26.67,96112000
7-Jan-99,0.00,26.25,24.52,25.91,95142400
6-Jan-99,0.00,25.38,24.75,24.94,81829600
5-Jan-99,0.00,24.28,23.72,24.23,50397600
4-Jan-99,0.00,24.16,23.34,23.83,62692400
31-Dec-98,0.00,23.50,22.95,23.20,29021600
30-Dec-98,0.00,23.78,23.16,23.17,31787600
29-Dec-98,0.00,23.67,23.05,23.38,32946800
28-Dec-98,0.00,24.06,23.25,23.55,42841200
24-Dec-98,0.00,24.17,23.53,23.55,28090400
23-Dec-98,0.00,24.12,23.61,24.12,48321200
22-Dec-98,0.00,24.44,23.02,23.45,17542800
21-Dec-98,0.00,24.11,23.36,23.67,84546000
18-Dec-98,0.00,22.66,21.56,22.61,86427600
17-Dec-98,0.00,21.22,20.72,21.22,38687600
16-Dec-98,0.00,21.25,20.67,20.67,49596400
15-Dec-98,0.00,20.94,20.11,20.94,63774400
14-Dec-98,0.00,20.78,19.66,20.09,65190400
11-Dec-98,0.00,20.89,20.23,20.88,48952400
10-Dec-98,0.00,21.19,20.22,20.30,86913200
9-Dec-98,0.00,20.33,19.78,20.19,37432000
8-Dec-98,0.00,20.44,19.61,19.95,56116000
7-Dec-98,0.00,20.11,19.38,20.05,51826800
4-Dec-98,0.00,19.62,19.03,19.56,46888000
3-Dec-98,0.00,19.91,18.94,19.05,48567600
2-Dec-98,0.00,19.94,19.22,19.56,47871600
1-Dec-98,0.00,19.97,18.47,19.94,71166400
30-Nov-98,0.00,20.09,18.70,18.84,58153600
27-Nov-98,0.00,20.00,19.25,20.00,22048400
25-Nov-98,0.00,19.31,18.77,19.27,24982400
24-Nov-98,0.00,19.23,18.72,19.05,40832400
23-Nov-98,0.00,19.16,18.58,19.05,46718000
20-Nov-98,0.00,18.67,18.27,18.66,41274800
19-Nov-98,0.00,18.72,18.23,18.33,57859600
18-Nov-98,0.00,18.34,17.27,18.22,97429600
17-Nov-98,0.00,17.41,16.53,17.19,65446000
16-Nov-98,0.00,16.75,16.38,16.73,40672800
13-Nov-98,0.00,16.52,16.06,16.17,26124000
12-Nov-98,0.00,16.56,16.27,16.30,33463600
11-Nov-98,0.00,17.23,16.31,16.52,56967200
10-Nov-98,0.00,16.95,16.58,16.75,47262000
9-Nov-98,0.00,17.09,16.58,16.75,46023200
6-Nov-98,0.00,17.09,16.73,16.86,55838000
5-Nov-98,0.00,16.97,16.38,16.95,16917200
4-Nov-98,0.00,16.46,16.12,16.39,86704400
3-Nov-98,0.00,16.20,15.61,15.84,63932000
2-Nov-98,0.00,16.22,15.75,16.17,58619600
30-Oct-98,0.00,15.94,15.50,15.75,57545600
29-Oct-98,0.00,15.86,15.16,15.67,79617600
28-Oct-98,0.00,15.75,15.03,15.72,48563600
27-Oct-98,0.00,15.81,15.16,15.19,71110400
26-Oct-98,0.00,15.34,14.55,15.34,63498000
23-Oct-98,0.00,14.92,14.53,14.67,46912000
22-Oct-98,0.00,14.69,14.00,14.61,55034000
21-Oct-98,0.00,14.44,13.44,14.41,68915200
20-Oct-98,0.00,14.50,13.34,13.53,85716400
19-Oct-98,0.00,14.55,13.93,14.06,60137200
16-Oct-98,0.00,14.81,13.75,13.84,96420400
15-Oct-98,0.00,14.28,13.06,14.23,94156000
14-Oct-98,0.00,13.47,12.55,13.03,71429600
13-Oct-98,0.00,13.25,12.48,12.67,72907600
12-Oct-98,0.00,13.62,13.08,13.09,333600
9-Oct-98,0.00,12.53,11.89,12.52,6092000
8-Oct-98,0.00,11.94,10.28,11.67,73302800
7-Oct-98,0.00,11.75,10.55,10.97,49697200
6-Oct-98,0.00,12.98,11.50,11.55,53991600
5-Oct-98,0.00,13.03,11.48,12.08,56020400
2-Oct-98,0.00,14.44,13.22,13.94,16787600
1-Oct-98,0.00,15.06,14.02,14.31,46516400
30-Sep-98,0.00,16.09,15.25,15.45,73704000
29-Sep-98,0.00,16.88,15.75,16.16,74522800
28-Sep-98,0.00,17.06,16.38,16.56,52792000
25-Sep-98,0.00,16.69,15.97,16.61,44434000
24-Sep-98,0.00,16.72,16.12,16.23,55830000
23-Sep-98,0.00,16.62,15.84,16.56,66699600
22-Sep-98,0.00,15.84,15.53,15.72,35666800
21-Sep-98,0.00,15.59,14.75,15.56,52685200
18-Sep-98,0.00,15.55,15.00,15.27,77650800
17-Sep-98,0.00,15.81,15.34,15.38,68464400
16-Sep-98,0.00,16.31,15.81,16.16,59553200
15-Sep-98,0.00,16.15,15.49,16.11,75776400
14-Sep-98,0.00,15.86,15.52,15.62,69781602
11-Sep-98,0.00,15.49,14.61,15.47,81799602
10-Sep-98,0.00,14.99,14.49,14.75,6481998
9-Sep-98,0.00,15.84,15.13,15.14,78947598
8-Sep-98,0.00,15.80,15.16,15.78,3061602
4-Sep-98,0.00,15.34,14.49,14.88,72951198
3-Sep-98,0.00,15.29,14.78,15.11,206400
2-Sep-98,0.00,15.76,15.11,15.28,8376000
1-Sep-98,0.00,15.11,13.65,15.01,23683998
31-Aug-98,0.00,15.99,13.59,13.65,24147600
28-Aug-98,0.00,16.66,15.43,15.79,39224400
27-Aug-98,0.00,17.18,16.43,16.53,9127602
26-Aug-98,0.00,17.55,17.09,17.28,61044000
25-Aug-98,0.00,17.52,17.18,17.33,70530798
24-Aug-98,0.00,17.42,17.08,17.18,63368400
21-Aug-98,0.00,17.20,16.68,17.13,83884398
20-Aug-98,0.00,17.33,16.87,17.11,77465598
19-Aug-98,0.00,17.37,16.87,16.88,88792398
18-Aug-98,0.00,16.86,16.42,16.71,73690398
17-Aug-98,0.00,16.37,15.92,16.36,45686802
14-Aug-98,0.00,16.32,15.84,16.08,56505600
13-Aug-98,0.00,16.51,16.09,16.12,53161200
12-Aug-98,0.00,16.60,16.24,16.44,67700802
11-Aug-98,0.00,16.51,16.13,16.34,81656400
10-Aug-98,0.00,16.60,16.07,16.54,68170800
7-Aug-98,0.00,16.70,16.10,16.15,91798002
6-Aug-98,0.00,16.58,15.97,16.57,78787602
5-Aug-98,0.00,16.26,15.48,16.13,44297598
4-Aug-98,0.00,16.50,15.42,15.53,20311200
3-Aug-98,0.00,16.51,15.97,16.09,75894000
31-Jul-98,0.00,16.68,15.88,15.97,60655998
30-Jul-98,0.00,16.45,15.77,16.42,58768800
29-Jul-98,0.00,16.27,15.66,15.67,55507602
28-Jul-98,0.00,16.57,15.97,16.01,66422802
27-Jul-98,0.00,16.33,15.88,16.26,68055600
24-Jul-98,0.00,16.69,15.78,16.30,80405202
23-Jul-98,0.00,16.74,16.26,16.53,56959602
22-Jul-98,0.00,16.93,16.11,16.42,98794002
21-Jul-98,0.00,17.43,16.45,16.50,77224002
20-Jul-98,0.00,17.38,16.64,17.21,92294400
17-Jul-98,0.00,16.65,15.97,16.63,66533598
16-Jul-98,0.00,16.10,15.84,15.97,46079202
15-Jul-98,0.00,16.02,15.70,15.94,38190798
14-Jul-98,0.00,16.03,15.68,15.82,46137198
13-Jul-98,0.00,15.79,15.40,15.72,42505998
10-Jul-98,0.00,15.61,15.26,15.50,44218800
9-Jul-98,0.00,15.86,15.49,15.50,45966000
8-Jul-98,0.00,15.72,15.32,15.72,42327600
7-Jul-98,0.00,15.57,15.09,15.47,46098402
6-Jul-98,0.00,15.61,15.33,15.51,35767998
2-Jul-98,0.00,15.83,15.27,15.45,51718002
1-Jul-98,0.00,15.82,15.47,15.77,49519200
30-Jun-98,0.00,15.72,15.07,15.35,77655198
29-Jun-98,0.00,15.34,15.01,15.31,52283202
26-Jun-98,0.00,15.01,14.67,14.99,53689200
25-Jun-98,0.00,14.92,14.43,14.52,61004400
24-Jun-98,0.00,14.91,14.46,14.64,65180400
23-Jun-98,0.00,14.51,14.17,14.49,54706002
22-Jun-98,0.00,14.15,13.73,14.11,48941598
19-Jun-98,0.00,13.86,13.61,13.86,56940402
18-Jun-98,0.00,13.75,13.38,13.69,52525998
17-Jun-98,0.00,13.63,13.38,13.45,61344000
16-Jun-98,0.00,13.35,13.03,13.33,47916000
15-Jun-98,0.00,13.35,13.01,13.05,45988800
12-Jun-98,0.00,13.24,12.91,13.19,42131202
11-Jun-98,0.00,13.38,13.13,13.18,52379202
10-Jun-98,0.00,13.48,13.01,13.19,58465998
9-Jun-98,0.00,13.30,12.82,13.26,36578802
8-Jun-98,0.00,13.09,12.71,12.92,46442400
5-Jun-98,0.00,12.98,12.59,12.91,55480800
4-Jun-98,0.00,12.83,12.41,12.82,62476002
3-Jun-98,0.00,12.98,12.38,12.44,58019598
2-Jun-98,0.00,12.82,12.38,12.75,83073600
1-Jun-98,0.00,12.79,12.16,12.27,59498802
29-May-98,0.00,13.03,12.58,12.61,35940798
28-May-98,0.00,13.13,12.84,12.92,34775598
27-May-98,0.00,13.01,12.50,12.98,57436800
26-May-98,0.00,13.01,12.59,12.67,43401600
22-May-98,0.00,13.05,12.61,12.82,38720802
21-May-98,0.00,13.28,12.87,12.96,46111602
20-May-98,0.00,13.59,13.02,13.11,60702798
19-May-98,0.00,13.45,13.02,13.41,68755200
18-May-98,0.00,13.00,12.69,12.96,45148398
15-May-98,0.00,12.79,12.64,12.74,42138000
14-May-98,0.00,12.80,12.52,12.68,28796400
13-May-98,0.00,12.80,12.52,12.67,29203998
12-May-98,0.00,12.77,12.34,12.74,36305202
11-May-98,0.00,12.80,12.44,12.46,38437200
8-May-98,0.00,12.69,12.46,12.63,35495598
7-May-98,0.00,12.77,12.52,12.57,37225200
6-May-98,0.00,12.71,12.38,12.67,96774798
5-May-98,0.00,12.63,12.26,12.28,47552802
4-May-98,0.00,12.64,12.40,12.50,47206002
1-May-98,0.00,12.36,12.20,12.28,30773202
30-Apr-98,0.00,12.46,12.15,12.21,55016400
29-Apr-98,0.00,12.08,11.78,12.01,41471202
28-Apr-98,0.00,12.03,11.58,11.82,48791202
27-Apr-98,0.00,11.92,11.59,11.75,45968400
24-Apr-98,0.00,12.22,11.86,12.00,34042398
23-Apr-98,0.00,12.28,11.88,11.95,29526798
22-Apr-98,0.00,12.34,12.17,12.28,27465600
21-Apr-98,0.00,12.33,11.92,12.33,40779600
20-Apr-98,0.00,12.17,11.77,12.05,42625602
17-Apr-98,0.00,11.76,11.57,11.75,30138402
16-Apr-98,0.00,11.88,11.61,11.70,41004402
15-Apr-98,0.00,11.84,11.36,11.79,66340002
14-Apr-98,0.00,11.40,11.04,11.29,57560400
13-Apr-98,0.00,11.19,11.02,11.09,42150402
9-Apr-98,0.00,11.48,11.04,11.17,66402798
8-Apr-98,0.00,11.58,11.26,11.39,50474802
7-Apr-98,0.00,11.53,11.23,11.51,53587602
6-Apr-98,0.00,11.90,11.47,11.51,43804398
3-Apr-98,0.00,12.00,11.69,11.79,54274800
2-Apr-98,0.00,11.80,11.51,11.71,51828000
1-Apr-98,0.00,11.60,11.28,11.56,44428800
31-Mar-98,0.00,11.51,11.28,11.40,36515598
30-Mar-98,0.00,11.61,11.15,11.25,38283600
27-Mar-98,0.00,11.67,11.47,11.57,50029998
26-Mar-98,0.00,11.63,11.42,11.57,41098800
25-Mar-98,0.00,11.65,11.51,11.60,68117598
24-Mar-98,0.00,11.37,10.96,11.31,85497600
23-Mar-98,0.00,10.98,10.57,10.80,70563198
20-Mar-98,0.00,10.73,10.59,10.61,43010400
19-Mar-98,0.00,10.74,10.53,10.72,45321198
18-Mar-98,0.00,10.76,10.53,10.60,57460398
17-Mar-98,0.00,10.83,10.48,10.77,54018000
16-Mar-98,0.00,10.83,10.65,10.73,33507600
13-Mar-98,0.00,10.88,10.69,10.77,41275602
12-Mar-98,0.00,10.69,10.42,10.66,47322798
11-Mar-98,0.00,10.71,10.34,10.44,75789600
10-Mar-98,0.00,10.48,10.00,10.23,88492800
9-Mar-98,0.00,10.74,10.19,10.21,61264002
6-Mar-98,0.00,10.76,10.33,10.73,64352802
5-Mar-98,0.00,10.78,10.19,10.32,2422002
4-Mar-98,0.00,10.92,10.72,10.88,39211200
3-Mar-98,0.00,10.84,10.57,10.76,52576800
2-Mar-98,0.00,11.21,10.76,10.88,45148398
27-Feb-98,0.00,11.42,10.98,10.98,58384398
26-Feb-98,0.00,11.11,10.96,11.09,46193202
25-Feb-98,0.00,11.16,10.81,11.13,51430398
24-Feb-98,0.00,11.16,10.80,10.80,58069602
23-Feb-98,0.00,11.09,10.87,10.94,38239200
20-Feb-98,0.00,11.03,10.79,10.97,51104802
19-Feb-98,0.00,11.05,10.90,10.91,43751202
18-Feb-98,0.00,10.94,10.76,10.92,44572800
17-Feb-98,0.00,11.01,10.69,10.83,41647998
13-Feb-98,0.00,10.97,10.76,10.82,30208002
12-Feb-98,0.00,10.98,10.69,10.88,45310398
11-Feb-98,0.00,10.86,10.68,10.82,32732802
10-Feb-98,0.00,10.86,10.57,10.80,58411998
9-Feb-98,0.00,11.07,10.57,10.67,55989198
6-Feb-98,0.00,11.01,10.59,11.00,47019600
5-Feb-98,0.00,11.04,10.73,10.73,75724002
4-Feb-98,0.00,10.96,10.57,10.77,25026000
3-Feb-98,0.00,10.81,10.36,10.51,88424400
2-Feb-98,0.00,10.85,10.59,10.66,84027600
30-Jan-98,0.00,10.73,10.46,10.52,51964800
29-Jan-98,0.00,10.80,10.32,10.63,25163598
28-Jan-98,0.00,10.40,9.95,10.32,4518000
27-Jan-98,0.00,9.90,9.32,9.88,67733598
26-Jan-98,0.00,9.67,9.31,9.44,39956802
23-Jan-98,0.00,9.78,9.42,9.62,46832400
22-Jan-98,0.00,9.87,9.60,9.63,43948002
21-Jan-98,0.00,9.92,9.46,9.90,52173198
20-Jan-98,0.00,9.92,9.69,9.92,56909598
16-Jan-98,0.00,9.80,9.60,9.66,48610002
15-Jan-98,0.00,9.71,9.43,9.58,49967598
14-Jan-98,0.00,9.53,9.32,9.50,52195602
13-Jan-98,0.00,9.41,9.19,9.34,62383200
12-Jan-98,0.00,9.30,8.59,9.29,78596802
9-Jan-98,0.00,9.36,8.98,9.05,83973600
8-Jan-98,0.00,9.46,8.92,9.36,75928800
7-Jan-98,0.00,9.48,9.16,9.25,74138400
6-Jan-98,0.00,9.73,9.36,9.54,54206400
5-Jan-98,0.00,9.86,9.46,9.66,70731600
2-Jan-98,0.00,9.73,9.28,9.68,42864000
