31-Dec-02,34.74,35.00,34.21,34.94,11228400
30-Dec-02,34.36,35.10,34.36,34.75,12559400
27-Dec-02,35.46,35.52,34.60,34.64,10115200
26-Dec-02,35.62,35.96,35.21,35.32,7440000
24-Dec-02,35.75,35.90,35.40,35.42,4182100
23-Dec-02,36.00,36.50,35.65,35.75,10027400
20-Dec-02,35.20,35.80,35.12,35.70,20141200
19-Dec-02,35.15,35.58,34.91,35.15,11053300
18-Dec-02,35.38,35.64,35.01,35.54,12380400
17-Dec-02,35.90,36.05,35.20,35.52,11013200
16-Dec-02,35.40,36.06,35.30,35.86,12904200
13-Dec-02,34.90,35.54,34.52,35.04,14933300
12-Dec-02,35.00,35.07,34.66,34.88,9441400
11-Dec-02,35.15,35.38,34.65,35.02,9841800
10-Dec-02,34.46,35.08,34.25,35.04,9433700
9-Dec-02,35.20,35.35,34.39,34.51,11398000
6-Dec-02,34.40,35.20,34.34,35.15,12536000
5-Dec-02,35.00,35.00,33.50,34.77,11269500
4-Dec-02,34.91,35.17,34.17,34.77,13252400
3-Dec-02,34.30,35.07,34.30,34.90,12964200
2-Dec-02,34.97,35.23,34.10,34.58,11663400
29-Nov-02,34.98,34.98,34.63,34.80,4906300
27-Nov-02,34.41,35.03,34.25,34.96,10440500
26-Nov-02,34.10,34.37,33.82,33.96,10956600
25-Nov-02,34.60,34.74,33.92,34.60,9439700
22-Nov-02,34.50,34.84,34.05,34.22,14007000
21-Nov-02,35.24,35.40,34.60,34.86,12521000
20-Nov-02,35.50,35.50,34.85,35.24,9967800
19-Nov-02,35.00,35.48,34.86,35.20,9840200
18-Nov-02,35.01,35.28,34.53,34.97,8825400
15-Nov-02,34.25,34.99,34.22,34.85,10962500
14-Nov-02,33.95,34.85,33.83,34.50,12947800
13-Nov-02,34.15,34.37,33.00,33.40,11956400
12-Nov-02,34.25,34.59,33.78,34.04,9312100
11-Nov-02,34.65,34.84,33.60,33.87,8745600
8-Nov-02,34.70,34.80,34.41,34.61,9644300
7-Nov-02,34.95,35.10,34.01,34.48,10002500
6-Nov-02,35.35,35.48,34.20,35.11,12981200
5-Nov-02,34.51,35.85,34.30,35.58,13716500
4-Nov-02,34.50,34.75,34.02,34.26,12313300
1-Nov-02,33.80,34.84,33.72,34.66,11977900
31-Oct-02,34.45,35.24,33.11,33.66,18917600
30-Oct-02,33.45,34.19,33.30,34.08,14874500
29-Oct-02,33.50,34.11,32.57,33.23,15135800
28-Oct-02,34.86,35.14,34.22,34.64,8972400
25-Oct-02,34.20,35.15,34.14,35.11,11096700
24-Oct-02,35.50,35.56,34.32,34.67,9703500
23-Oct-02,34.65,35.24,33.97,35.13,12191900
22-Oct-02,36.01,36.01,34.46,35.18,13081800
21-Oct-02,35.75,36.30,35.50,36.00,10343400
18-Oct-02,36.05,36.50,35.60,36.00,11811300
17-Oct-02,36.35,36.50,35.75,36.30,10636600
16-Oct-02,36.30,36.44,35.48,35.53,13468500
15-Oct-02,35.25,36.32,35.20,36.30,17805000
14-Oct-02,34.50,34.99,34.23,34.93,7994200
11-Oct-02,34.01,34.74,33.68,34.54,11821800
10-Oct-02,33.08,33.83,32.53,33.79,16089100
9-Oct-02,32.10,33.50,32.07,32.83,17479700
8-Oct-02,33.70,33.70,32.42,32.70,17120900
7-Oct-02,33.00,34.40,33.00,33.19,13817600
4-Oct-02,33.40,33.79,32.68,33.06,15902400
3-Oct-02,32.82,33.79,32.65,33.18,18108600
2-Oct-02,33.10,34.52,32.25,32.65,19248800
1-Oct-02,32.18,33.92,32.03,33.92,16184500
30-Sep-02,32.82,32.82,31.18,31.90,19161500
27-Sep-02,33.90,34.26,32.79,32.82,12573500
26-Sep-02,33.35,34.30,32.50,34.15,13692700
25-Sep-02,32.88,32.94,31.70,32.61,11921100
24-Sep-02,32.50,32.57,31.80,31.95,13320800
23-Sep-02,32.62,33.26,32.49,32.72,10375500
20-Sep-02,32.59,33.08,32.50,32.87,20841000
19-Sep-02,32.56,33.28,32.22,32.36,10096000
18-Sep-02,33.05,33.88,32.76,33.20,9824700
17-Sep-02,34.40,34.40,32.97,33.07,12089200
16-Sep-02,33.83,34.47,33.70,34.40,7065200
13-Sep-02,33.59,34.25,32.80,34.08,9329100
12-Sep-02,34.43,34.43,33.50,33.59,9389300
11-Sep-02,35.00,35.80,34.47,34.60,7316900
10-Sep-02,34.39,34.85,34.18,34.79,8169200
9-Sep-02,34.25,34.50,33.65,34.00,9354300
6-Sep-02,34.71,34.91,33.98,34.31,10269100
5-Sep-02,33.06,34.10,32.95,33.77,11340100
4-Sep-02,33.69,34.04,32.52,33.82,13289000
3-Sep-02,34.25,34.70,33.41,33.62,13862600
30-Aug-02,34.75,36.20,34.75,35.45,8951500
29-Aug-02,35.02,35.40,34.65,35.39,9134300
28-Aug-02,36.35,36.64,35.32,35.62,9197600
27-Aug-02,37.45,37.80,36.44,36.90,12400900
26-Aug-02,36.20,36.92,35.95,36.67,7033900
23-Aug-02,36.80,36.85,35.86,36.15,7740000
22-Aug-02,36.44,37.24,36.34,37.03,9116100
21-Aug-02,36.28,36.62,35.80,36.44,11023800
20-Aug-02,36.91,37.06,35.61,36.18,11061300
19-Aug-02,36.55,37.28,36.45,37.16,9320000
16-Aug-02,36.00,37.23,36.00,36.85,11176100
15-Aug-02,36.80,37.37,36.58,37.14,11152900
14-Aug-02,35.40,36.50,34.91,36.39,11652100
13-Aug-02,35.10,35.90,34.80,34.84,9417000
12-Aug-02,35.27,35.95,35.10,35.73,9413000
9-Aug-02,35.77,36.30,34.95,36.10,12947100
8-Aug-02,34.31,36.23,34.10,36.00,15523500
7-Aug-02,33.75,34.40,33.00,34.30,13842300
6-Aug-02,33.15,34.25,33.07,33.40,13239400
5-Aug-02,33.65,34.24,32.28,32.50,12707700
2-Aug-02,33.85,34.25,32.80,33.61,16043400
1-Aug-02,35.25,35.79,33.51,33.65,21435300
31-Jul-02,35.52,36.88,35.25,36.76,18054400
30-Jul-02,36.37,36.37,35.20,35.67,17231800
29-Jul-02,35.15,36.45,35.15,36.33,16063600
26-Jul-02,34.00,35.20,33.75,35.09,15494900
25-Jul-02,34.00,34.70,33.09,33.90,26774100
24-Jul-02,30.90,34.15,30.50,33.93,39264500
23-Jul-02,30.50,31.25,29.99,30.92,32738400
22-Jul-02,32.40,32.70,29.75,30.27,35977900
19-Jul-02,33.65,34.49,31.70,32.40,27427300
18-Jul-02,35.76,36.39,34.50,34.75,15263800
17-Jul-02,35.90,36.39,35.30,35.61,16737100
16-Jul-02,35.01,35.94,34.52,35.20,19350000
15-Jul-02,36.10,36.30,33.87,35.75,23503000
12-Jul-02,37.40,37.45,36.15,36.53,16022100
11-Jul-02,38.23,38.50,37.06,37.10,20484600
10-Jul-02,40.25,40.27,37.70,38.23,17556400
9-Jul-02,40.35,40.53,39.70,39.80,10528500
8-Jul-02,40.35,40.64,40.16,40.36,9894100
5-Jul-02,39.95,40.52,39.79,40.52,5832200
3-Jul-02,40.15,40.37,39.62,39.91,10421200
2-Jul-02,40.80,40.85,39.80,40.16,11605400
1-Jul-02,40.77,41.10,40.48,40.65,10116100
28-Jun-02,40.10,41.02,40.07,40.92,13687000
27-Jun-02,39.74,40.25,39.30,40.25,11104100
26-Jun-02,39.60,39.80,38.90,39.45,14097000
25-Jun-02,40.25,40.58,39.34,39.60,13443300
24-Jun-02,39.25,40.12,39.25,40.00,13013000
21-Jun-02,39.00,39.98,39.00,39.25,23805400
20-Jun-02,39.41,40.08,39.41,39.74,11815600
19-Jun-02,39.95,40.07,38.99,39.37,8435400
18-Jun-02,40.00,40.17,39.69,39.93,8283200
17-Jun-02,39.45,40.20,39.35,40.03,10574600
14-Jun-02,39.30,39.35,38.50,39.15,10627700
13-Jun-02,39.35,39.90,39.22,39.36,9567200
12-Jun-02,39.20,39.95,39.14,39.70,10906300
11-Jun-02,39.73,39.74,38.93,39.03,10022600
10-Jun-02,39.42,39.55,38.96,39.13,7594800
7-Jun-02,39.15,39.80,39.11,39.42,10827800
6-Jun-02,39.98,40.17,38.91,39.15,10638700
5-Jun-02,38.98,39.75,38.71,39.56,12635500
4-Jun-02,39.07,39.64,38.74,39.23,9864300
3-Jun-02,40.00,40.17,38.99,39.08,9956100
31-May-02,39.60,40.44,39.58,39.93,11517400
30-May-02,39.85,40.30,39.12,39.35,13759400
29-May-02,39.70,40.42,39.51,40.30,9969600
28-May-02,40.00,40.10,39.55,39.84,8587400
24-May-02,41.00,41.10,40.01,40.23,7744600
23-May-02,40.75,41.03,40.24,40.90,10996200
22-May-02,40.02,40.59,39.84,40.43,8230600
21-May-02,39.79,40.22,39.73,39.77,9500800
20-May-02,39.95,40.00,39.50,39.59,7980300
17-May-02,40.28,40.37,39.74,40.20,9923900
16-May-02,39.95,40.38,39.94,40.27,7826600
15-May-02,40.00,40.25,39.51,39.71,9809300
14-May-02,40.47,40.78,40.07,40.58,9722900
13-May-02,38.82,40.10,38.68,40.01,8817200
10-May-02,39.80,39.80,38.75,38.96,9034200
9-May-02,39.75,39.85,39.25,39.36,8253000
8-May-02,38.85,40.15,38.85,40.01,12336100
7-May-02,39.49,39.54,39.03,39.10,8852200
6-May-02,40.12,40.17,39.12,39.25,9538900
3-May-02,40.95,41.13,40.21,40.59,10978100
2-May-02,40.59,40.85,40.31,40.80,9238100
1-May-02,39.90,40.69,39.69,40.69,9792200
30-Apr-02,40.00,40.70,39.89,40.17,12563300
29-Apr-02,40.00,40.36,39.60,39.70,9984800
26-Apr-02,40.60,40.71,39.80,40.00,9862100
25-Apr-02,40.10,40.75,40.01,40.54,11531800
24-Apr-02,41.05,41.17,40.20,40.30,12851900
23-Apr-02,40.50,41.56,40.42,41.35,19136900
22-Apr-02,42.45,42.50,41.64,41.85,8602400
19-Apr-02,42.46,42.65,42.06,42.52,8588700
18-Apr-02,42.52,42.75,42.05,42.46,9595600
17-Apr-02,42.48,42.74,41.92,42.22,9249900
16-Apr-02,41.99,42.50,41.90,42.28,10433500
15-Apr-02,42.10,42.30,41.60,41.60,11223100
12-Apr-02,41.95,42.00,41.25,41.30,13003900
11-Apr-02,43.13,43.14,42.34,42.40,8586400
10-Apr-02,42.50,43.18,42.50,43.18,10215600
9-Apr-02,42.70,42.91,42.47,42.72,9209400
8-Apr-02,43.35,43.69,43.03,43.24,9198200
5-Apr-02,43.10,43.97,42.25,42.63,11131400
4-Apr-02,44.10,44.10,42.95,43.15,13688200
3-Apr-02,44.38,44.40,43.40,43.69,12707400
2-Apr-02,43.90,44.58,43.87,44.38,8940600
1-Apr-02,44.20,44.32,43.80,43.83,8833100
28-Mar-02,44.05,44.29,43.71,43.83,8795800
27-Mar-02,43.58,44.15,43.58,43.95,11040700
26-Mar-02,42.95,43.75,42.95,43.74,11320100
25-Mar-02,43.22,43.31,42.84,42.85,9524300
22-Mar-02,43.50,43.66,43.12,43.47,9236000
21-Mar-02,43.67,43.69,43.20,43.53,8106100
20-Mar-02,43.64,43.67,43.33,43.53,8026000
19-Mar-02,43.98,43.98,43.52,43.80,7912400
18-Mar-02,43.75,43.99,43.34,43.74,8532800
15-Mar-02,43.50,43.90,43.31,43.61,15839000
14-Mar-02,43.44,43.45,43.01,43.24,8663200
13-Mar-02,43.95,44.09,42.95,43.12,14190700
12-Mar-02,43.59,44.00,43.46,44.00,12578200
11-Mar-02,43.25,43.78,43.18,43.49,12075200
8-Mar-02,43.50,43.52,42.67,42.91,10764300
7-Mar-02,43.35,43.35,42.60,42.89,11681300
6-Mar-02,42.55,43.48,42.38,43.21,14335100
5-Mar-02,42.50,42.90,42.19,42.50,10720700
4-Mar-02,42.15,42.70,42.11,42.65,11774100
1-Mar-02,41.75,42.00,41.65,42.00,12620500
28-Feb-02,41.40,41.80,41.25,41.30,12863500
27-Feb-02,40.92,41.54,40.58,40.92,13830000
26-Feb-02,41.00,41.11,40.60,40.72,9975700
25-Feb-02,40.85,41.15,40.62,41.00,11498200
22-Feb-02,39.40,40.96,39.05,40.72,17792800
21-Feb-02,39.45,39.74,39.06,39.15,11565800
20-Feb-02,38.88,38.99,38.45,38.99,7148800
19-Feb-02,38.90,39.44,38.72,38.77,9784900
15-Feb-02,39.18,39.40,38.90,38.90,10380100
14-Feb-02,38.98,39.40,38.67,39.00,9836700
13-Feb-02,38.50,38.67,38.12,38.64,10061500
12-Feb-02,38.68,38.74,37.60,38.40,7316200
11-Feb-02,38.29,38.91,37.96,38.50,8453800
8-Feb-02,38.05,38.36,37.99,38.29,8693600
7-Feb-02,38.69,38.99,38.21,38.30,8801900
6-Feb-02,38.34,39.00,38.13,38.92,10164800
5-Feb-02,38.60,38.90,37.85,38.33,10946400
4-Feb-02,39.10,39.20,38.26,38.35,9996700
1-Feb-02,39.15,39.20,38.80,39.00,9417500
31-Jan-02,38.51,39.05,38.30,39.05,10868300
30-Jan-02,37.95,38.73,37.80,38.69,11692400
29-Jan-02,38.50,38.90,37.95,37.95,11769600
28-Jan-02,39.45,39.47,38.71,38.96,8020100
25-Jan-02,38.98,39.96,38.70,39.16,8384800
24-Jan-02,38.60,38.99,38.51,38.80,10000900
23-Jan-02,38.50,39.17,38.50,38.90,9821400
22-Jan-02,38.85,39.50,38.01,38.02,7038200
18-Jan-02,38.64,38.85,38.28,38.40,10288300
17-Jan-02,38.62,39.03,38.60,38.64,7466800
16-Jan-02,39.00,39.01,38.46,38.50,8873300
15-Jan-02,38.89,39.55,38.88,39.30,9360900
14-Jan-02,38.60,39.20,38.50,38.64,10025600
11-Jan-02,39.39,39.60,38.45,38.50,9354800
10-Jan-02,39.24,39.77,39.06,39.39,7784700
9-Jan-02,39.60,39.97,39.10,39.24,10016700
8-Jan-02,39.90,39.99,39.50,39.70,8232800
7-Jan-02,39.75,40.09,39.49,39.65,9925400
4-Jan-02,39.70,40.07,39.60,40.00,7954700
3-Jan-02,39.85,39.98,39.41,39.66,10008100
2-Jan-02,39.30,39.60,38.90,39.60,11154100
31-Dec-01,39.88,40.00,39.16,39.30,8707400
28-Dec-01,39.95,40.10,39.66,39.78,7989500
27-Dec-01,39.61,40.14,39.45,39.79,7359800
26-Dec-01,39.15,40.30,39.12,39.60,9869100
24-Dec-01,38.85,39.45,38.82,39.00,4411200
21-Dec-01,38.60,39.47,38.26,38.50,24171000
20-Dec-01,38.55,38.76,38.14,38.30,11980000
19-Dec-01,37.55,38.50,37.41,38.35,13235800
18-Dec-01,37.58,37.75,37.41,37.55,10260200
17-Dec-01,36.80,37.52,36.54,37.47,12371600
14-Dec-01,36.64,37.20,36.52,36.86,10986800
13-Dec-01,37.60,37.60,36.41,36.44,15775800
12-Dec-01,37.15,37.54,36.91,37.42,10019400
11-Dec-01,37.67,38.05,36.75,36.81,12106400
10-Dec-01,38.07,38.09,37.51,37.55,9777700
7-Dec-01,37.50,38.25,37.30,38.07,9849600
6-Dec-01,38.75,38.75,37.30,37.33,15466000
5-Dec-01,38.85,38.95,38.50,38.88,16423000
4-Dec-01,38.00,38.37,37.60,38.31,10639600
3-Dec-01,37.40,38.20,37.04,37.66,14867000
30-Nov-01,37.63,37.70,37.19,37.40,11149400
29-Nov-01,37.35,37.69,37.11,37.45,8653800
28-Nov-01,37.15,37.43,36.81,37.10,9614500
27-Nov-01,37.52,37.93,37.00,37.35,17290800
26-Nov-01,38.05,38.25,37.35,37.77,9661500
23-Nov-01,37.75,38.65,37.41,38.44,4255200
21-Nov-01,38.30,38.70,37.80,37.88,8165200
20-Nov-01,37.97,38.49,37.60,37.96,14679100
19-Nov-01,37.40,37.50,36.76,37.01,14148500
16-Nov-01,37.31,37.61,36.93,37.54,18998000
15-Nov-01,38.10,38.11,36.75,37.19,23063100
14-Nov-01,39.90,40.34,38.42,38.70,17085700
13-Nov-01,40.02,40.58,39.90,40.50,8587600
12-Nov-01,39.40,40.18,39.40,40.06,6801400
9-Nov-01,39.90,40.40,39.81,40.25,7876600
8-Nov-01,39.28,39.64,39.15,39.50,10318000
7-Nov-01,39.00,39.53,38.65,39.08,10747900
6-Nov-01,38.85,39.49,38.26,39.47,11912500
5-Nov-01,40.00,40.09,39.00,39.39,10975100
2-Nov-01,39.80,39.93,39.37,39.76,6731200
1-Nov-01,39.45,40.53,39.05,40.49,9644200
31-Oct-01,39.46,40.39,39.35,39.45,10000300
30-Oct-01,39.75,40.07,39.27,39.46,10525100
29-Oct-01,40.63,40.99,40.48,40.68,7484900
26-Oct-01,40.40,41.20,40.30,41.06,7570600
25-Oct-01,39.30,40.59,39.30,40.56,10622900
24-Oct-01,40.50,40.54,39.78,39.86,12941500
23-Oct-01,40.68,41.52,40.46,40.87,8785100
22-Oct-01,40.49,41.34,40.20,41.12,7307400
19-Oct-01,40.29,40.90,39.61,40.54,11633200
18-Oct-01,40.80,41.26,40.16,40.40,9566600
17-Oct-01,41.80,42.35,41.42,41.44,8573900
16-Oct-01,41.66,42.00,41.32,41.75,6854600
15-Oct-01,41.95,42.19,41.41,41.65,6650900
12-Oct-01,42.09,42.54,41.51,42.29,11364800
11-Oct-01,42.28,42.70,41.77,42.09,10411000
10-Oct-01,41.06,42.49,40.90,42.28,10405200
9-Oct-01,41.20,41.25,40.38,41.06,7189500
8-Oct-01,40.39,41.26,40.02,40.94,8761800
5-Oct-01,41.15,41.29,39.96,40.69,11380600
4-Oct-01,39.70,41.29,39.66,40.58,11922500
3-Oct-01,39.60,40.05,39.00,39.84,12884500
2-Oct-01,39.08,39.99,38.60,39.99,10882200
1-Oct-01,39.25,39.75,38.05,39.09,10029500
28-Sep-01,39.50,39.60,38.90,39.40,13986100
27-Sep-01,36.70,38.55,36.50,38.42,13256400
26-Sep-01,36.75,36.95,35.78,36.01,11460500
25-Sep-01,35.61,36.30,35.25,36.28,15536100
24-Sep-01,36.00,36.85,35.40,35.86,13470700
21-Sep-01,35.50,37.05,35.01,35.83,21236300
20-Sep-01,37.45,37.75,36.80,37.02,12613200
19-Sep-01,39.48,39.49,36.13,38.41,15375700
18-Sep-01,40.15,40.25,39.02,39.48,10077700
17-Sep-01,41.24,41.45,39.78,40.15,16626400
10-Sep-01,40.70,41.35,40.40,41.24,10700600
7-Sep-01,40.48,41.29,40.35,40.90,10106400
6-Sep-01,41.19,41.50,40.50,40.90,10295000
5-Sep-01,40.85,41.30,40.10,41.22,9478900
4-Sep-01,40.60,41.35,40.51,40.75,9209900
31-Aug-01,40.47,40.89,40.11,40.19,7156600
30-Aug-01,40.79,41.26,40.15,40.15,10663400
29-Aug-01,40.97,41.17,40.38,40.38,8108100
28-Aug-01,41.10,41.23,40.50,40.51,6580200
27-Aug-01,41.70,41.77,41.00,41.05,6022400
24-Aug-01,41.14,41.70,40.72,41.70,6572200
23-Aug-01,40.51,41.24,40.51,40.89,6854300
22-Aug-01,40.85,41.25,40.62,40.71,9631700
21-Aug-01,40.85,41.00,40.05,40.39,7799900
20-Aug-01,40.42,40.87,40.35,40.75,9528000
17-Aug-01,41.29,41.29,40.18,40.47,8607800
16-Aug-01,41.35,41.64,40.86,41.29,7553200
15-Aug-01,41.50,41.85,41.00,41.50,9245400
14-Aug-01,41.46,41.70,40.82,41.15,8002900
13-Aug-01,41.40,41.79,41.26,41.40,6980500
10-Aug-01,41.30,41.80,40.75,41.35,8880300
9-Aug-01,40.80,41.24,40.60,40.95,8286400
8-Aug-01,41.75,41.95,40.99,41.25,9428500
7-Aug-01,41.00,41.40,40.88,41.38,8965800
6-Aug-01,41.26,41.35,40.73,40.85,8357300
3-Aug-01,41.90,41.92,40.80,41.26,8834800
2-Aug-01,41.52,41.90,41.39,41.73,8628800
1-Aug-01,42.45,42.49,41.51,41.60,8064000
31-Jul-01,42.20,42.89,41.75,41.76,10583000
30-Jul-01,42.40,42.70,42.16,42.41,6930300
27-Jul-01,42.55,42.95,41.86,42.73,8314600
26-Jul-01,41.30,42.75,41.29,42.72,10401800
25-Jul-01,41.40,42.40,41.15,42.13,11560100
24-Jul-01,42.48,42.48,40.52,40.97,14578700
23-Jul-01,43.50,43.72,42.15,42.50,9553400
20-Jul-01,43.15,43.60,43.15,43.36,11106800
19-Jul-01,43.20,43.55,42.60,43.08,11466300
18-Jul-01,42.25,42.38,41.72,42.12,17160000
17-Jul-01,43.11,43.30,42.48,42.65,11728800
16-Jul-01,43.08,43.50,42.78,43.00,9686200
13-Jul-01,42.72,43.49,42.66,42.99,9104200
12-Jul-01,42.08,42.96,42.05,42.72,9639200
11-Jul-01,42.75,42.88,42.02,42.48,13712000
10-Jul-01,43.25,43.32,42.88,42.88,10403600
9-Jul-01,43.52,43.52,43.09,43.36,9185600
6-Jul-01,43.80,43.90,43.15,43.40,9658400
5-Jul-01,43.75,44.10,43.43,43.50,10115200
3-Jul-01,43.82,43.82,43.43,43.67,6616200
2-Jul-01,44.12,44.40,43.72,43.85,11468400
29-Jun-01,43.41,43.96,43.28,43.68,15368000
28-Jun-01,43.18,43.52,43.08,43.41,15586800
27-Jun-01,44.02,44.08,43.60,43.61,11473000
26-Jun-01,44.20,44.50,44.19,44.28,10316200
25-Jun-01,44.01,44.56,44.01,44.26,10215200
22-Jun-01,44.25,44.51,43.92,44.46,11401200
21-Jun-01,43.85,44.20,43.36,44.20,14935800
20-Jun-01,43.95,44.58,43.85,43.86,12675600
19-Jun-01,44.38,44.44,44.02,44.18,8811000
18-Jun-01,44.61,44.61,44.16,44.25,9180800
15-Jun-01,44.40,45.14,44.38,44.45,22339600
14-Jun-01,44.50,44.90,44.28,44.42,8601600
13-Jun-01,45.18,45.36,44.75,44.99,8758400
12-Jun-01,45.24,45.24,44.70,45.06,10984000
11-Jun-01,44.75,45.25,44.65,44.85,10149400
8-Jun-01,44.50,44.76,44.20,44.70,8780800
7-Jun-01,44.82,44.99,44.48,44.59,12712400
6-Jun-01,45.28,45.38,44.61,44.70,15845800
5-Jun-01,45.42,45.84,44.92,45.78,12400400
4-Jun-01,44.90,45.42,44.86,45.42,9824000
1-Jun-01,44.50,44.55,44.08,44.48,7819800
31-May-01,44.15,44.67,44.15,44.38,11843000
30-May-01,44.20,45.00,44.00,44.44,16274800
29-May-01,44.45,44.61,43.90,43.90,12244800
25-May-01,43.86,44.34,43.86,44.05,9270400
24-May-01,43.92,44.08,43.65,43.96,8426600
23-May-01,44.40,44.40,43.49,43.64,12350000
22-May-01,44.40,44.51,44.24,44.40,11778800
21-May-01,45.22,45.32,44.36,44.38,12263000
18-May-01,44.48,45.12,44.40,45.10,14079000
17-May-01,44.58,44.58,44.14,44.36,11596600
16-May-01,44.72,45.00,44.52,44.75,16336000
15-May-01,44.53,44.77,44.32,44.72,9000800
14-May-01,44.10,44.72,44.05,44.53,9756200
11-May-01,44.05,44.05,43.32,43.82,8931200
10-May-01,44.65,44.69,44.02,44.05,10115400
9-May-01,44.55,44.88,44.44,44.86,9030800
8-May-01,44.05,44.58,43.80,44.37,11055000
7-May-01,43.78,44.41,43.62,44.10,9994800
4-May-01,43.06,43.90,43.06,43.78,9687600
3-May-01,43.25,43.40,42.72,43.05,13160200
2-May-01,43.82,43.83,43.13,43.25,16946200
1-May-01,44.40,44.52,44.08,44.40,9679600
30-Apr-01,44.45,44.94,44.28,44.30,14985600
27-Apr-01,44.55,44.63,44.10,44.53,10206400
26-Apr-01,44.65,44.78,44.28,44.42,13748600
25-Apr-01,44.00,44.92,43.85,44.54,16936800
24-Apr-01,44.00,44.50,43.60,43.74,14393600
23-Apr-01,42.98,44.02,42.95,44.00,16204000
20-Apr-01,42.15,42.70,42.15,42.58,12074200
19-Apr-01,42.28,42.60,41.84,42.22,13957000
18-Apr-01,42.35,42.70,41.86,42.56,16530800
17-Apr-01,41.75,42.40,41.75,42.36,13716200
16-Apr-01,41.06,42.29,41.06,42.28,11715000
12-Apr-01,40.98,41.43,40.76,41.00,10811800
11-Apr-01,41.52,41.60,40.80,40.97,14232800
10-Apr-01,41.75,42.24,41.50,42.00,12222200
9-Apr-01,41.05,41.52,40.96,41.26,11877800
6-Apr-01,40.50,41.05,39.55,41.05,12120400
5-Apr-01,39.95,40.50,39.65,40.46,11078000
4-Apr-01,38.95,39.86,38.92,39.35,11730600
3-Apr-01,39.65,39.72,38.50,38.95,14201000
2-Apr-01,40.50,40.65,39.53,39.80,13299600
30-Mar-01,39.52,40.50,39.50,40.50,13088800
29-Mar-01,38.95,39.32,38.70,39.14,9384400
28-Mar-01,39.85,40.00,38.90,39.32,11240800
27-Mar-01,39.65,40.55,39.54,40.32,14711200
26-Mar-01,39.00,39.37,38.90,39.12,14785800
23-Mar-01,38.38,38.98,38.26,38.45,17535800
22-Mar-01,39.88,40.02,37.60,38.85,18283800
21-Mar-01,40.22,40.62,39.79,39.90,11986200
20-Mar-01,40.65,41.34,40.30,40.33,11128400
19-Mar-01,40.70,41.42,40.62,40.63,11750200
16-Mar-01,40.92,41.45,40.84,40.85,19535000
15-Mar-01,41.88,41.88,40.72,41.48,13089800
14-Mar-01,41.15,41.50,40.98,41.32,11598800
13-Mar-01,41.60,41.76,41.24,41.65,11595400
12-Mar-01,43.00,43.00,41.88,41.88,11100800
9-Mar-01,42.80,43.24,42.63,43.00,10899000
8-Mar-01,42.10,42.92,42.00,42.92,11148400
7-Mar-01,42.05,42.18,41.70,42.10,10323400
6-Mar-01,42.05,42.15,41.60,41.80,9551400
5-Mar-01,41.48,42.20,41.44,41.92,10015400
2-Mar-01,41.35,41.94,41.09,41.60,10093800
1-Mar-01,40.40,41.25,40.38,40.70,12507000
28-Feb-01,41.25,41.48,40.45,40.52,11515400
27-Feb-01,41.95,42.05,40.95,41.15,13882800
26-Feb-01,41.42,42.00,41.32,41.90,9492200
23-Feb-01,42.00,42.10,41.38,41.75,10152600
22-Feb-01,42.00,42.25,41.75,42.10,9963400
21-Feb-01,42.40,42.60,41.75,41.76,8518200
20-Feb-01,41.80,42.20,41.32,41.90,7720200
16-Feb-01,41.60,42.37,41.50,42.01,12491800
15-Feb-01,41.60,41.70,40.78,41.25,12625000
14-Feb-01,41.98,42.48,41.75,41.96,13473800
13-Feb-01,42.48,42.68,42.20,42.40,9296600
12-Feb-01,42.93,43.12,42.68,42.88,8280600
9-Feb-01,42.38,43.32,42.38,42.93,10711800
8-Feb-01,42.38,42.70,42.00,42.25,9898000
7-Feb-01,42.25,42.58,41.90,42.18,11578800
6-Feb-01,42.48,42.48,41.80,42.17,10952400
5-Feb-01,41.62,42.55,41.62,42.40,10696600
2-Feb-01,41.90,42.25,41.45,41.50,10395600
1-Feb-01,42.08,42.08,41.40,41.74,9115800
31-Jan-01,41.38,42.19,41.38,42.08,17014800
30-Jan-01,40.75,41.22,40.10,40.99,9596400
29-Jan-01,40.02,40.60,39.84,40.10,10492000
26-Jan-01,41.25,41.28,40.34,40.50,11859400
25-Jan-01,41.16,41.41,41.00,41.25,13593600
24-Jan-01,41.12,41.25,40.50,40.81,12849400
23-Jan-01,40.25,40.97,40.06,40.91,11131600
22-Jan-01,39.88,40.31,39.62,40.12,13857600
19-Jan-01,39.44,39.94,39.34,39.72,20242600
18-Jan-01,40.28,40.31,39.50,39.56,17176400
17-Jan-01,40.53,40.72,39.81,40.12,14482800
16-Jan-01,40.94,41.22,40.28,40.91,15585000
12-Jan-01,40.88,41.50,40.47,41.41,11886200
11-Jan-01,40.81,41.44,40.69,40.88,10962000
10-Jan-01,41.12,41.22,40.22,40.50,20512200
9-Jan-01,41.31,41.31,40.72,41.00,11501400
8-Jan-01,41.75,42.09,41.38,41.44,11056600
5-Jan-01,41.44,42.53,41.41,41.62,18775600
4-Jan-01,42.81,42.88,40.97,41.44,24495600
3-Jan-01,44.56,44.88,42.62,42.62,20762200
2-Jan-01,43.34,44.69,43.25,44.56,13045800
29-Dec-00,43.50,44.00,43.00,43.47,9539000
28-Dec-00,43.81,43.88,43.31,43.44,10843200
27-Dec-00,44.41,44.66,43.59,43.88,10413600
26-Dec-00,43.41,44.41,43.41,44.28,5578000
22-Dec-00,42.44,43.47,42.31,43.41,8543200
21-Dec-00,42.50,43.38,42.38,42.38,12691600
20-Dec-00,43.62,43.75,42.56,42.59,11885800
19-Dec-00,43.06,44.25,43.06,43.59,12675400
18-Dec-00,42.12,43.44,42.03,43.19,12784000
15-Dec-00,42.25,43.25,42.06,42.06,25056200
14-Dec-00,43.38,43.59,42.56,42.75,14214000
13-Dec-00,43.38,44.16,43.38,43.84,11970600
12-Dec-00,43.59,43.69,42.97,43.28,11527800
11-Dec-00,44.28,44.34,42.81,42.88,14646400
8-Dec-00,44.03,44.66,43.41,44.25,10007200
7-Dec-00,43.25,44.62,43.25,44.00,11443600
6-Dec-00,43.56,44.00,42.84,43.10,16627800
5-Dec-00,45.12,45.69,43.88,44.19,10995600
4-Dec-00,44.41,45.50,44.38,45.34,8739200
1-Dec-00,43.97,44.72,43.97,44.41,12009400
30-Nov-00,44.75,45.00,43.28,43.94,14306600
29-Nov-00,46.09,46.09,44.34,44.47,16284000
28-Nov-00,46.28,47.16,46.16,46.53,10043200
27-Nov-00,46.75,47.00,46.38,46.56,9067200
24-Nov-00,47.03,47.34,46.97,47.22,5131800
22-Nov-00,46.25,47.19,46.06,47.00,11533400
21-Nov-00,45.59,47.19,45.59,46.56,12678000
20-Nov-00,45.28,45.97,45.28,45.69,7809200
17-Nov-00,45.34,45.50,44.91,45.16,9923600
16-Nov-00,45.16,45.84,44.97,45.34,8971400
15-Nov-00,45.38,45.69,44.94,45.19,8836200
14-Nov-00,44.88,45.34,44.62,44.94,8340600
13-Nov-00,44.81,45.59,44.16,44.97,9137400
10-Nov-00,44.94,45.34,44.78,44.78,7928000
9-Nov-00,45.44,45.62,44.09,44.50,10560600
8-Nov-00,44.50,45.53,44.50,45.34,9974000
7-Nov-00,44.47,45.19,44.31,44.76,8502000
6-Nov-00,43.88,44.59,43.41,44.25,9141800
3-Nov-00,44.00,44.47,43.69,43.81,10264600
2-Nov-00,45.47,45.50,44.06,44.09,14968600
1-Nov-00,44.97,46.03,44.97,46.03,13867000
31-Oct-00,44.72,44.94,43.78,44.59,10068000
30-Oct-00,43.78,44.91,43.78,44.72,10588200
27-Oct-00,43.25,43.84,43.12,43.78,7811400
26-Oct-00,44.09,44.47,43.78,43.88,10378000
25-Oct-00,44.25,44.25,43.50,43.59,10830400
24-Oct-00,45.00,45.12,43.25,43.59,12745800
23-Oct-00,44.41,44.59,43.56,44.53,11028600
20-Oct-00,43.16,44.22,43.16,44.00,10004000
19-Oct-00,43.19,44.09,42.91,43.25,12544800
18-Oct-00,44.50,44.84,43.22,43.28,12507200
17-Oct-00,44.44,44.88,43.66,43.91,12373600
16-Oct-00,45.25,45.25,43.72,43.91,13967600
13-Oct-00,46.59,46.72,44.78,45.25,16560200
12-Oct-00,46.50,47.44,46.47,47.06,19561000
11-Oct-00,46.97,47.72,46.69,46.88,20725800
10-Oct-00,45.84,46.91,45.75,46.66,14807800
9-Oct-00,44.72,45.78,44.62,45.56,10663800
6-Oct-00,44.97,45.66,44.53,44.72,10405600
5-Oct-00,44.31,44.88,43.97,44.59,11162600
4-Oct-00,45.09,45.16,44.38,44.62,13750600
3-Oct-00,45.47,45.81,45.25,45.41,9744800
2-Oct-00,44.69,45.84,44.69,45.72,12695000
29-Sep-00,44.81,44.97,44.56,44.56,12947800
28-Sep-00,44.66,44.94,44.28,44.57,17136400
27-Sep-00,43.38,44.75,43.34,44.62,11903400
26-Sep-00,43.00,43.91,43.00,43.31,11535000
25-Sep-00,42.94,43.03,42.16,42.93,16724000
22-Sep-00,43.16,43.31,42.44,43.09,17988000
21-Sep-00,43.12,43.44,42.78,43.16,15865600
20-Sep-00,44.09,44.72,43.22,43.34,16636800
19-Sep-00,44.53,44.62,43.94,44.00,12082600
18-Sep-00,44.56,45.38,44.50,44.82,17200600
15-Sep-00,43.44,44.94,43.31,44.53,24760800
14-Sep-00,42.78,42.84,42.41,42.64,8618800
13-Sep-00,42.91,42.91,42.62,42.81,10435400
12-Sep-00,42.88,43.22,42.38,42.88,14993400
11-Sep-00,41.75,42.75,41.72,42.49,14298600
8-Sep-00,41.53,41.75,41.12,41.75,9289800
7-Sep-00,41.75,42.09,41.75,41.88,7275400
6-Sep-00,41.78,42.03,41.72,42.00,11786400
5-Sep-00,41.56,41.75,41.28,41.41,11908000
1-Sep-00,41.00,41.44,40.88,41.17,8084400
31-Aug-00,40.88,41.12,40.69,40.81,7591600
30-Aug-00,41.16,41.19,40.59,40.68,7660800
29-Aug-00,41.41,41.50,41.12,41.26,6406800
28-Aug-00,0.00,41.91,41.28,41.41,5878000
25-Aug-00,41.50,41.84,41.22,41.47,6401800
24-Aug-00,41.69,41.69,41.25,41.25,11197400
23-Aug-00,41.88,42.38,41.88,42.25,9286600
22-Aug-00,41.91,42.00,41.50,41.56,6459200
21-Aug-00,41.50,41.88,41.38,41.75,5152000
18-Aug-00,41.59,41.84,41.12,41.47,8297200
17-Aug-00,41.38,42.00,41.38,41.91,8351400
16-Aug-00,40.84,41.38,40.81,41.38,7274600
15-Aug-00,41.50,41.69,40.62,40.66,7139800
14-Aug-00,41.09,41.50,40.78,41.28,6543400
11-Aug-00,41.22,41.22,40.56,40.69,6103400
10-Aug-00,40.50,41.03,40.50,40.98,7031000
9-Aug-00,40.81,41.12,40.53,40.53,9407200
8-Aug-00,40.44,40.59,40.19,40.41,6272200
7-Aug-00,40.44,40.72,40.34,40.45,7345200
4-Aug-00,40.62,41.06,39.97,40.85,8025400
3-Aug-00,41.38,41.81,40.50,40.72,9865800
2-Aug-00,40.72,41.56,40.62,40.72,16508800
1-Aug-00,40.47,40.78,39.94,39.97,12287800
31-Jul-00,40.03,40.56,39.59,39.99,11603000
28-Jul-00,40.03,40.47,39.81,40.04,7986000
27-Jul-00,38.50,40.31,38.50,40.00,16786000
26-Jul-00,38.16,38.44,37.88,37.94,16755800
25-Jul-00,38.50,38.75,37.56,37.69,10987600
24-Jul-00,38.50,38.66,37.94,38.62,8299800
21-Jul-00,39.34,39.38,38.44,38.53,8354000
20-Jul-00,39.28,39.75,39.00,39.06,7747000
19-Jul-00,39.31,39.66,39.06,39.34,8619600
18-Jul-00,39.03,39.47,38.75,39.09,12308800
17-Jul-00,39.97,39.97,38.88,39.02,10924000
14-Jul-00,38.72,38.94,38.22,38.78,9964400
13-Jul-00,39.25,39.31,38.69,39.22,7903400
12-Jul-00,40.16,40.25,39.30,39.30,7542400
11-Jul-00,39.06,40.38,39.06,40.31,8868200
10-Jul-00,39.25,39.59,39.00,39.06,6359000
7-Jul-00,39.31,39.69,39.00,39.12,9227400
6-Jul-00,38.88,39.69,38.78,39.09,10945200
5-Jul-00,39.47,39.47,38.28,38.47,13648200
3-Jul-00,39.41,39.88,39.38,39.77,8584200
30-Jun-00,40.34,40.50,38.84,39.41,18983800
29-Jun-00,40.78,41.00,40.50,40.60,9433000
28-Jun-00,41.03,41.31,40.78,41.06,7312000
27-Jun-00,41.72,41.81,40.97,41.03,8152800
26-Jun-00,41.62,42.09,41.38,41.68,6320400
23-Jun-00,41.69,41.88,41.34,41.56,5766200
22-Jun-00,42.19,42.38,41.00,41.34,9367800
21-Jun-00,41.00,42.22,40.91,41.97,9380400
20-Jun-00,41.25,41.69,40.88,41.62,8802000
19-Jun-00,41.97,42.12,41.25,42.03,9018200
16-Jun-00,41.31,42.19,41.31,41.75,19612200
15-Jun-00,41.25,41.75,40.88,41.22,11171000
14-Jun-00,40.97,41.88,40.88,41.31,11025400
13-Jun-00,40.62,41.00,40.50,40.59,7572600
12-Jun-00,39.94,40.84,39.94,40.38,11281200
9-Jun-00,40.00,40.28,39.56,39.59,9320600
8-Jun-00,40.06,40.31,39.97,40.03,10668400
7-Jun-00,41.00,41.22,40.44,40.56,9557800
6-Jun-00,39.50,41.25,39.38,41.16,12127000
5-Jun-00,39.50,39.88,39.50,39.68,8646400
2-Jun-00,40.53,40.97,39.31,39.59,18607400
1-Jun-00,41.78,41.78,40.44,41.47,11889800
31-May-00,41.50,41.94,41.16,41.66,9773400
30-May-00,41.00,41.81,40.91,41.75,10202200
26-May-00,40.84,41.56,40.72,40.72,5932600
25-May-00,41.19,41.28,40.34,40.72,8611800
24-May-00,41.41,41.72,41.03,41.47,9207800
23-May-00,41.72,41.78,40.81,41.50,8347600
22-May-00,41.19,41.97,41.12,41.62,9618400
19-May-00,40.09,41.06,39.97,40.88,8423000
18-May-00,40.75,41.19,40.47,40.73,7051600
17-May-00,41.00,41.25,40.25,40.69,11096200
16-May-00,41.62,41.84,41.12,41.62,8694000
15-May-00,40.97,41.94,40.88,41.81,8905800
12-May-00,41.22,41.34,40.84,41.01,7958600
11-May-00,40.91,41.69,40.78,41.31,10958200
10-May-00,39.84,41.06,39.81,40.75,11229000
9-May-00,40.25,40.44,39.38,39.72,8355600
8-May-00,39.94,40.38,39.69,40.12,7375600
5-May-00,39.38,40.00,39.34,40.00,7035000
4-May-00,39.00,39.84,38.91,39.75,10069400
3-May-00,39.19,39.22,38.50,38.59,7064800
2-May-00,39.09,39.78,39.00,39.12,8087200
1-May-00,39.16,39.53,38.84,39.00,8820400
28-Apr-00,40.22,40.22,38.84,38.84,9717600
27-Apr-00,39.81,40.47,39.31,40.34,9658200
26-Apr-00,40.50,40.50,39.66,40.06,8399000
25-Apr-00,40.12,40.75,40.06,40.50,11688600
24-Apr-00,39.31,40.00,38.59,40.00,8908800
20-Apr-00,38.72,39.50,38.53,39.50,8058000
19-Apr-00,38.12,39.22,38.00,38.72,12091000
18-Apr-00,38.00,38.41,37.50,38.09,12052400
17-Apr-00,39.31,39.69,37.56,37.75,16146400
14-Apr-00,39.91,40.88,39.00,39.38,11846200
13-Apr-00,39.97,40.50,39.41,40.00,8897400
12-Apr-00,40.00,40.75,39.84,39.97,8594800
11-Apr-00,39.47,40.47,39.34,39.69,10626400
10-Apr-00,39.50,39.81,39.06,39.12,9092400
7-Apr-00,40.50,40.69,39.53,39.78,7828800
6-Apr-00,40.28,41.00,40.03,40.88,8265200
5-Apr-00,41.00,41.56,39.75,39.88,12408400
4-Apr-00,39.97,41.44,39.97,41.25,16389200
3-Apr-00,38.88,40.38,38.84,40.25,9955600
31-Mar-00,39.44,39.97,38.91,38.97,12513400
30-Mar-00,40.72,40.91,38.84,39.58,13305400
29-Mar-00,39.09,40.97,38.88,40.28,20753400
28-Mar-00,37.81,38.50,37.81,38.16,8268800
27-Mar-00,38.62,39.09,37.88,38.38,9657600
24-Mar-00,37.88,38.78,37.81,38.62,8792800
23-Mar-00,37.31,38.03,37.16,37.75,10107600
22-Mar-00,38.50,38.50,37.22,37.38,14212800
21-Mar-00,37.88,38.88,37.81,38.50,10873600
20-Mar-00,38.09,38.66,37.16,37.44,10675600
17-Mar-00,39.66,39.84,38.50,38.56,14929200
16-Mar-00,39.00,39.97,37.94,39.88,11600800
15-Mar-00,38.59,39.00,37.34,38.88,11874800
14-Mar-00,37.56,39.00,37.31,38.62,8977600
13-Mar-00,38.25,38.97,37.19,37.94,9467400
10-Mar-00,40.00,40.09,38.16,38.50,9424600
9-Mar-00,39.00,40.28,38.72,40.22,10886200
8-Mar-00,38.75,41.00,38.75,39.81,19709400
7-Mar-00,36.06,40.50,36.00,40.25,22810800
6-Mar-00,0.00,37.50,36.00,36.47,10497400
3-Mar-00,0.00,38.25,37.12,37.84,10207800
2-Mar-00,0.00,38.84,37.78,38.31,9801400
1-Mar-00,0.00,38.12,36.59,37.38,9914600
29-Feb-00,36.75,37.81,36.47,37.66,10468200
28-Feb-00,35.50,37.66,34.94,36.75,11845200
25-Feb-00,36.28,37.19,35.00,35.53,11770600
24-Feb-00,36.34,36.72,35.75,36.41,10782400
23-Feb-00,37.06,37.91,36.56,37.31,8878600
22-Feb-00,38.12,38.47,37.25,37.72,10851800
18-Feb-00,38.66,38.69,37.50,37.50,13626600
17-Feb-00,39.50,39.50,38.66,38.94,11678400
16-Feb-00,39.50,40.19,39.19,39.82,10262400
15-Feb-00,38.88,40.28,38.72,39.66,10781400
14-Feb-00,37.25,38.47,37.22,38.22,9753600
11-Feb-00,38.00,38.34,36.34,36.94,12465800
10-Feb-00,38.12,38.84,37.66,37.94,13475600
9-Feb-00,38.38,38.66,38.00,38.03,12388000
8-Feb-00,40.50,40.94,39.34,39.47,9371000
7-Feb-00,39.75,40.62,39.75,40.38,7101200
4-Feb-00,41.75,41.75,40.03,40.44,11368200
3-Feb-00,41.72,42.00,40.03,41.12,11609000
2-Feb-00,41.62,42.44,41.62,41.91,11522800
1-Feb-00,41.66,41.72,40.69,41.59,10652400
31-Jan-00,39.31,41.78,38.94,41.72,14409200
28-Jan-00,40.00,40.50,39.44,39.44,10201000
27-Jan-00,41.66,41.66,39.88,40.50,10508400
26-Jan-00,42.03,42.28,41.34,41.75,9278000
25-Jan-00,42.00,43.06,41.91,42.03,11921600
24-Jan-00,42.72,43.16,41.50,42.12,12459400
21-Jan-00,42.00,42.59,41.66,42.50,14343600
20-Jan-00,42.59,42.62,41.34,41.84,9593400
19-Jan-00,42.12,42.94,41.84,42.78,13088800
18-Jan-00,41.38,42.75,41.19,42.19,11801000
14-Jan-00,42.75,42.75,41.50,41.88,11263800
13-Jan-00,41.75,43.00,41.56,42.62,12055400
12-Jan-00,41.62,42.19,41.41,41.75,10264400
11-Jan-00,41.88,42.62,41.81,42.38,8625400
10-Jan-00,42.09,42.31,41.78,41.88,8520400
7-Jan-00,42.97,43.12,42.31,42.31,16514600
6-Jan-00,40.31,42.91,40.09,42.59,19462000
5-Jan-00,39.00,40.88,38.91,40.50,17485000
4-Jan-00,38.69,39.09,38.25,38.41,14392000
3-Jan-00,39.75,40.38,38.94,39.09,13455800
31-Dec-99,0.00,40.50,40.09,40.28,2758600
30-Dec-99,0.00,40.69,39.88,40.22,5426800
29-Dec-99,0.00,41.16,40.44,40.59,4378800
28-Dec-99,0.00,41.28,40.25,40.34,8782600
27-Dec-99,0.00,42.09,40.62,40.62,7009200
23-Dec-99,0.00,42.03,40.75,41.91,7830400
22-Dec-99,0.00,40.94,40.03,40.50,8356400
21-Dec-99,0.00,41.00,40.31,40.38,7085200
20-Dec-99,0.00,41.84,40.50,40.95,6920000
17-Dec-99,0.00,42.12,41.12,41.31,21294800
16-Dec-99,0.00,42.41,40.88,41.88,11817000
15-Dec-99,0.00,42.12,41.53,41.53,13773000
14-Dec-99,0.00,41.56,41.00,41.19,11468000
13-Dec-99,0.00,41.91,40.53,41.34,12227400
10-Dec-99,0.00,42.91,41.34,41.41,10557000
9-Dec-99,0.00,43.28,41.94,43.06,12424000
8-Dec-99,0.00,42.25,41.31,42.03,9813200
7-Dec-99,0.00,42.59,41.88,41.94,15577200
6-Dec-99,0.00,42.00,41.00,41.94,9147400
3-Dec-99,0.00,41.56,40.81,41.31,11312600
2-Dec-99,0.00,41.44,40.62,40.78,10936000
1-Dec-99,0.00,41.44,39.62,41.25,12526000
30-Nov-99,0.00,40.09,39.44,39.66,11718800
29-Nov-99,0.00,39.75,38.78,39.69,8406800
26-Nov-99,0.00,39.53,39.00,39.00,2495600
24-Nov-99,0.00,39.81,38.78,39.53,9511200
23-Nov-99,0.00,39.97,38.84,39.03,8316200
22-Nov-99,0.00,40.03,39.59,39.62,7180800
19-Nov-99,0.00,40.53,39.81,39.84,7535800
18-Nov-99,0.00,40.69,40.09,40.53,9179800
17-Nov-99,0.00,40.62,39.50,40.12,14534400
16-Nov-99,0.00,39.59,38.50,39.59,8814000
15-Nov-99,0.00,39.03,38.69,39.00,7169800
12-Nov-99,0.00,38.97,38.25,38.94,6975200
11-Nov-99,0.00,38.44,37.69,38.41,7594400
10-Nov-99,0.00,38.09,37.66,38.00,8894000
9-Nov-99,0.00,37.69,37.19,37.66,6332000
8-Nov-99,0.00,37.41,35.50,37.16,11023600
5-Nov-99,0.00,36.50,35.03,35.31,14346600
4-Nov-99,0.00,36.97,36.25,36.50,7272000
3-Nov-99,0.00,37.31,36.28,36.50,7477200
2-Nov-99,0.00,37.59,36.97,37.06,5900200
1-Nov-99,0.00,37.50,36.78,37.38,6788600
29-Oct-99,0.00,37.25,36.34,37.03,8455600
28-Oct-99,0.00,36.97,36.19,36.56,9133200
27-Oct-99,0.00,36.44,35.75,35.88,9068800
26-Oct-99,0.00,36.69,35.84,36.03,11704800
25-Oct-99,0.00,38.06,36.88,37.00,6792800
22-Oct-99,0.00,38.47,37.94,38.44,5929000
21-Oct-99,0.00,38.19,37.53,38.03,7574800
20-Oct-99,0.00,38.31,36.78,38.25,10553800
19-Oct-99,0.00,37.00,36.47,36.72,5789800
18-Oct-99,0.00,36.59,35.75,36.50,6336000
15-Oct-99,0.00,37.16,36.00,36.00,9256400
14-Oct-99,0.00,37.38,36.44,37.19,8758000
13-Oct-99,0.00,37.12,36.69,36.81,9806000
12-Oct-99,0.00,37.06,36.53,36.66,6921200
11-Oct-99,0.00,36.84,36.25,36.69,6009400
8-Oct-99,0.00,36.66,36.03,36.38,6759000
7-Oct-99,0.00,36.91,36.31,36.56,6096200
6-Oct-99,0.00,37.00,35.81,37.00,13190600
5-Oct-99,0.00,36.69,35.62,36.09,8474800
4-Oct-99,0.00,37.47,36.06,36.50,12483000
1-Oct-99,0.00,38.06,37.28,37.31,7635000
30-Sep-99,0.00,38.12,37.34,38.00,8757800
29-Sep-99,0.00,38.22,37.31,37.38,7655600
28-Sep-99,0.00,37.44,36.06,37.34,11376200
27-Sep-99,0.00,38.03,37.19,37.56,6514800
24-Sep-99,0.00,37.53,36.88,37.41,8801600
23-Sep-99,0.00,38.72,37.16,37.41,9489600
22-Sep-99,0.00,38.72,37.69,37.69,9882400
21-Sep-99,0.00,38.94,38.03,38.38,7053200
20-Sep-99,0.00,40.00,38.91,39.09,5073400
17-Sep-99,0.00,40.09,38.94,39.94,10120600
16-Sep-99,0.00,39.00,38.19,38.84,6518800
15-Sep-99,0.00,39.59,38.41,38.62,9937400
14-Sep-99,0.00,40.12,39.16,39.59,7043200
13-Sep-99,0.00,40.06,39.25,39.31,7161600
10-Sep-99,0.00,40.88,40.16,40.22,5900200
9-Sep-99,0.00,41.50,40.59,40.62,9825400
8-Sep-99,0.00,40.66,39.62,40.59,7100200
7-Sep-99,0.00,40.00,39.31,39.75,6534400
3-Sep-99,0.00,39.62,38.81,39.53,6337200
2-Sep-99,0.00,39.25,38.38,38.75,7363400
1-Sep-99,0.00,39.59,39.06,39.16,6976400
31-Aug-99,0.00,39.94,39.00,39.44,7733000
30-Aug-99,0.00,39.88,38.91,38.91,4915000
27-Aug-99,0.00,40.47,39.56,39.66,4980600
26-Aug-99,0.00,40.97,40.00,40.16,8633800
25-Aug-99,0.00,41.25,40.50,41.12,6964400
24-Aug-99,0.00,41.28,40.41,40.81,6263400
23-Aug-99,0.00,41.47,41.00,41.41,5636600
20-Aug-99,0.00,41.31,40.66,41.28,6905800
19-Aug-99,0.00,41.31,40.62,40.91,5937600
18-Aug-99,0.00,41.34,40.56,41.10,7845400
17-Aug-99,0.00,41.00,40.47,40.91,7523600
16-Aug-99,0.00,40.78,40.16,40.78,7806800
13-Aug-99,0.00,41.09,40.47,40.78,6442000
12-Aug-99,0.00,41.12,40.56,40.91,7202200
11-Aug-99,0.00,41.06,40.25,40.97,10627600
10-Aug-99,0.00,40.81,40.19,40.59,10843800
9-Aug-99,0.00,40.50,39.97,40.19,5479000
6-Aug-99,0.00,40.91,39.91,40.19,6614800
5-Aug-99,0.00,41.09,40.00,41.09,10198800
4-Aug-99,0.00,40.19,39.22,39.94,8378600
3-Aug-99,0.00,39.41,38.66,39.41,5835000
2-Aug-99,0.00,39.88,38.81,38.94,6163600
30-Jul-99,0.00,39.97,39.22,39.69,8985600
29-Jul-99,0.00,39.19,38.72,38.94,7377000
28-Jul-99,0.00,39.88,38.56,39.47,6769600
27-Jul-99,0.00,39.31,38.56,38.78,6309800
26-Jul-99,0.00,40.31,38.91,39.00,7528600
23-Jul-99,0.00,39.59,38.88,39.56,6163600
22-Jul-99,0.00,39.12,37.66,39.09,8492200
21-Jul-99,0.00,39.31,38.12,39.06,9856600
20-Jul-99,0.00,39.50,38.62,38.97,10166800
19-Jul-99,0.00,39.56,39.03,39.41,5783000
16-Jul-99,0.00,39.72,38.94,39.66,6795000
15-Jul-99,0.00,39.62,39.22,39.47,6594600
14-Jul-99,0.00,39.47,39.12,39.22,5132600
13-Jul-99,0.00,39.66,39.06,39.22,6182600
12-Jul-99,0.00,39.94,39.53,39.72,4997800
9-Jul-99,0.00,39.94,39.38,39.72,5973000
8-Jul-99,0.00,40.81,39.78,39.81,8771200
7-Jul-99,0.00,40.28,39.25,40.22,7080800
6-Jul-99,0.00,40.16,39.66,40.03,7400600
2-Jul-99,0.00,39.81,38.94,39.75,5073000
1-Jul-99,0.00,39.38,38.50,39.22,8227400
30-Jun-99,0.00,39.06,38.47,38.56,11209200
29-Jun-99,0.00,38.56,37.47,38.50,8679200
28-Jun-99,0.00,38.25,37.44,37.53,7998200
25-Jun-99,0.00,38.41,37.94,38.09,6933800
24-Jun-99,0.00,39.12,37.91,38.25,7235400
23-Jun-99,0.00,39.25,38.78,39.06,8979000
22-Jun-99,0.00,38.94,38.41,38.50,7914800
21-Jun-99,0.00,39.94,38.69,39.12,6741000
18-Jun-99,0.00,41.06,40.09,40.19,10389600
17-Jun-99,0.00,40.66,40.00,40.62,3763400
16-Jun-99,0.00,41.50,40.16,40.28,6311600
15-Jun-99,0.00,41.72,40.41,41.06,7386600
14-Jun-99,0.00,40.81,39.47,40.56,6270800
11-Jun-99,0.00,40.16,39.34,39.47,5855800
10-Jun-99,0.00,40.19,39.53,39.81,7254600
9-Jun-99,0.00,40.25,39.47,40.06,5981800
8-Jun-99,0.00,40.44,39.62,39.91,7050400
7-Jun-99,0.00,40.47,40.00,40.44,4972800
4-Jun-99,0.00,40.38,39.44,40.34,6284200
3-Jun-99,0.00,40.62,39.44,39.97,5971600
2-Jun-99,0.00,40.47,39.62,40.12,6827400
1-Jun-99,0.00,39.81,38.66,39.38,6523000
28-May-99,0.00,39.94,39.00,39.94,8057800
27-May-99,0.00,40.94,39.31,39.41,8746600
26-May-99,0.00,41.38,40.06,40.97,9048200
25-May-99,0.00,41.16,39.81,40.09,8918400
24-May-99,0.00,41.81,39.50,39.81,8239200
21-May-99,0.00,41.50,39.81,41.38,11691800
20-May-99,0.00,40.03,39.12,40.00,9082200
19-May-99,0.00,39.47,38.88,39.34,6435800
18-May-99,0.00,39.56,38.78,38.88,8438000
17-May-99,0.00,39.62,39.16,39.50,7512200
14-May-99,0.00,39.97,39.12,39.38,7627400
13-May-99,0.00,40.06,39.66,39.69,9910400
12-May-99,0.00,40.25,39.12,39.53,11380800
11-May-99,0.00,41.31,40.66,40.81,6898000
10-May-99,0.00,41.81,40.97,41.19,6602400
7-May-99,0.00,41.59,40.75,41.38,7212800
6-May-99,0.00,42.28,40.81,41.19,8099400
5-May-99,0.00,43.19,42.06,42.41,9550200
4-May-99,0.00,43.62,43.00,43.22,14665000
3-May-99,0.00,43.25,41.28,43.03,12121000
30-Apr-99,0.00,42.12,41.09,41.53,16130200
29-Apr-99,0.00,42.62,40.31,42.25,15275600
28-Apr-99,0.00,41.25,39.28,40.75,11574600
27-Apr-99,0.00,39.47,38.78,39.12,8742000
26-Apr-99,0.00,39.16,38.38,38.84,5153600
23-Apr-99,0.00,39.56,38.69,39.16,6708800
22-Apr-99,0.00,39.62,38.31,39.47,9641400
21-Apr-99,0.00,40.31,38.59,39.22,10838400
20-Apr-99,0.00,40.94,40.19,40.38,11310000
19-Apr-99,0.00,41.75,40.22,41.12,17344400
16-Apr-99,0.00,40.00,38.66,39.97,11247400
15-Apr-99,0.00,39.19,37.12,38.78,11184400
14-Apr-99,0.00,37.62,37.09,37.09,7884000
13-Apr-99,0.00,37.88,37.28,37.59,6449800
12-Apr-99,0.00,37.94,37.00,37.72,6225600
9-Apr-99,0.00,37.47,36.69,37.34,5575400
8-Apr-99,0.00,37.31,36.47,37.12,7702200
7-Apr-99,0.00,36.62,36.03,36.59,7466400
6-Apr-99,0.00,36.44,36.03,36.34,6489800
5-Apr-99,0.00,36.25,35.03,36.09,7329000
1-Apr-99,0.00,35.19,34.72,35.06,6266600
31-Mar-99,0.00,35.88,35.25,35.28,7513200
30-Mar-99,0.00,36.38,35.50,35.66,5290600
29-Mar-99,0.00,36.59,35.84,36.50,7158400
26-Mar-99,0.00,36.09,35.56,35.78,5076400
25-Mar-99,0.00,35.84,35.25,35.72,6058600
24-Mar-99,0.00,36.62,35.25,35.47,8151600
23-Mar-99,0.00,36.94,36.09,36.38,7069200
22-Mar-99,0.00,37.06,36.19,36.88,7029000
19-Mar-99,0.00,37.47,36.41,36.53,10061000
18-Mar-99,0.00,37.69,37.25,37.34,9577200
17-Mar-99,0.00,37.28,36.62,37.19,8196600
16-Mar-99,0.00,36.97,36.38,36.56,6496200
15-Mar-99,0.00,36.97,36.56,36.84,8114600
12-Mar-99,0.00,37.97,36.88,36.97,10858400
11-Mar-99,0.00,38.19,37.00,37.38,18911600
10-Mar-99,0.00,36.81,35.44,36.66,13499600
9-Mar-99,0.00,35.72,34.97,34.97,9238200
8-Mar-99,0.00,35.47,34.75,35.47,8433800
5-Mar-99,0.00,35.06,34.41,34.84,9226200
4-Mar-99,0.00,34.22,32.75,33.91,10177000
3-Mar-99,0.00,32.84,32.16,32.84,11867600
2-Mar-99,0.00,32.94,32.28,32.41,9687000
1-Mar-99,0.00,33.16,32.41,32.59,8718200
26-Feb-99,0.00,33.81,33.19,33.28,8317600
25-Feb-99,0.00,33.91,33.31,33.66,6967200
24-Feb-99,0.00,34.22,33.56,33.93,6906200
23-Feb-99,0.00,34.34,33.75,33.88,6529400
22-Feb-99,0.00,34.47,34.03,34.09,6622400
19-Feb-99,0.00,34.47,33.88,34.25,5914200
18-Feb-99,0.00,34.53,33.91,34.44,7381200
17-Feb-99,0.00,34.94,34.25,34.31,5878200
16-Feb-99,0.00,34.97,33.91,34.28,8921800
12-Feb-99,0.00,35.69,34.41,34.72,10850400
11-Feb-99,0.00,36.09,34.50,35.19,13309800
10-Feb-99,0.00,36.66,35.78,36.28,8769400
9-Feb-99,0.00,36.72,36.09,36.09,11292400
8-Feb-99,0.00,36.34,35.47,36.34,9520600
5-Feb-99,0.00,35.97,34.91,35.84,10223000
4-Feb-99,0.00,35.28,34.62,34.91,6983400
3-Feb-99,0.00,35.28,34.31,35.19,9163200
2-Feb-99,0.00,34.94,34.12,34.34,9597200
1-Feb-99,0.00,35.25,34.78,34.81,7532600
29-Jan-99,0.00,35.50,35.03,35.12,6692800
28-Jan-99,0.00,35.75,35.12,35.50,7877200
27-Jan-99,0.00,36.25,35.38,35.50,7356200
26-Jan-99,0.00,36.25,35.69,36.12,7216000
25-Jan-99,0.00,36.09,35.31,36.00,6793000
22-Jan-99,0.00,35.84,35.41,35.69,8598200
21-Jan-99,0.00,35.91,35.41,35.56,8658800
20-Jan-99,0.00,35.78,35.34,35.50,9813200
19-Jan-99,0.00,35.66,35.31,35.53,6405000
15-Jan-99,0.00,35.56,34.91,35.53,7125600
14-Jan-99,0.00,35.47,34.78,34.88,8409000
13-Jan-99,0.00,35.94,34.88,35.25,8327800
12-Jan-99,0.00,36.19,35.25,35.38,8578400
11-Jan-99,0.00,36.75,35.41,35.62,11454400
8-Jan-99,0.00,37.34,36.47,37.16,6343400
7-Jan-99,0.00,37.47,36.88,37.38,7417200
6-Jan-99,0.00,37.91,36.34,37.44,9965600
5-Jan-99,0.00,36.47,35.84,36.00,6652800
4-Jan-99,0.00,37.06,36.12,36.31,8853600
31-Dec-98,0.00,37.19,36.53,36.56,5998600
30-Dec-98,0.00,37.97,37.25,37.31,7133600
29-Dec-98,0.00,37.88,36.97,37.81,5766800
28-Dec-98,0.00,37.38,37.00,37.25,5001600
24-Dec-98,0.00,37.66,37.25,37.31,1737200
23-Dec-98,0.00,37.66,37.25,37.53,5581200
22-Dec-98,0.00,37.75,37.25,37.47,6918800
21-Dec-98,0.00,38.34,37.38,37.41,7327800
18-Dec-98,0.00,38.09,37.25,37.97,12923200
17-Dec-98,0.00,37.69,36.94,37.44,7913600
16-Dec-98,0.00,37.84,37.06,37.78,10409400
15-Dec-98,0.00,37.41,36.81,37.00,7086200
14-Dec-98,0.00,37.47,36.81,37.22,7032400
11-Dec-98,0.00,37.38,36.78,37.31,6973200
10-Dec-98,0.00,37.09,36.78,36.88,6791400
9-Dec-98,0.00,37.00,36.47,36.97,7662600
8-Dec-98,0.00,36.75,36.19,36.59,8273200
7-Dec-98,0.00,36.59,35.72,36.50,7347800
4-Dec-98,0.00,35.75,35.12,35.75,9165000
3-Dec-98,0.00,35.50,35.03,35.28,11899000
2-Dec-98,0.00,36.25,35.44,35.62,14909200
1-Dec-98,0.00,36.31,35.50,35.81,27604400
30-Nov-98,0.00,37.88,36.72,37.50,14195800
27-Nov-98,0.00,38.66,37.12,37.19,10369000
25-Nov-98,0.00,36.66,35.72,36.34,5133800
24-Nov-98,0.00,36.66,35.94,36.34,5590200
23-Nov-98,0.00,36.25,35.47,36.03,6427800
20-Nov-98,0.00,36.06,35.06,36.00,9908600
19-Nov-98,0.00,35.47,34.78,34.94,6319600
18-Nov-98,0.00,35.50,34.91,35.34,6623200
17-Nov-98,0.00,36.22,35.25,35.28,5074400
16-Nov-98,0.00,36.31,35.50,35.72,4749200
13-Nov-98,0.00,36.91,35.50,36.44,6790400
12-Nov-98,0.00,36.69,35.41,36.41,8997600
11-Nov-98,0.00,35.69,34.88,35.12,6545800
10-Nov-98,0.00,36.12,35.06,35.06,6633800
9-Nov-98,0.00,36.56,35.62,36.00,3891800
6-Nov-98,0.00,36.81,36.19,36.75,5312800
5-Nov-98,0.00,36.44,35.31,36.44,6054800
4-Nov-98,0.00,36.97,35.91,36.00,4903400
3-Nov-98,0.00,36.94,35.81,36.50,4180000
2-Nov-98,0.00,36.47,35.69,36.03,5916600
30-Oct-98,0.00,36.75,35.62,35.81,5643600
29-Oct-98,0.00,36.41,35.19,36.34,5686800
28-Oct-98,0.00,35.50,34.78,35.22,5342400
27-Oct-98,0.00,36.25,34.72,34.78,7473400
26-Oct-98,0.00,36.09,35.53,35.59,8038000
23-Oct-98,0.00,35.94,35.25,35.62,6039400
22-Oct-98,0.00,37.69,35.47,35.88,9553600
21-Oct-98,0.00,38.47,37.75,37.78,6789000
20-Oct-98,0.00,38.47,37.44,38.28,7033000
19-Oct-98,0.00,38.38,37.19,37.44,6970000
16-Oct-98,0.00,38.28,37.75,38.16,10439600
15-Oct-98,0.00,37.97,36.78,37.81,8818600
14-Oct-98,0.00,37.19,36.66,37.00,7362000
13-Oct-98,0.00,36.94,35.88,36.50,6489800
12-Oct-98,0.00,36.09,35.44,35.91,5109200
9-Oct-98,0.00,36.25,35.12,35.38,7213000
8-Oct-98,0.00,36.62,35.50,35.84,9777800
7-Oct-98,0.00,37.94,36.62,37.03,11068000
6-Oct-98,0.00,37.94,37.28,37.88,12372600
5-Oct-98,0.00,37.62,36.28,37.44,14560000
2-Oct-98,0.00,36.78,35.31,36.50,10574200
1-Oct-98,0.00,35.88,35.03,35.52,12706600
30-Sep-98,0.00,35.56,34.69,35.31,11288800
29-Sep-98,0.00,35.62,33.81,35.62,9665400
28-Sep-98,0.00,34.50,33.75,34.03,5493600
25-Sep-98,0.00,34.94,34.16,34.19,5446600
24-Sep-98,0.00,35.28,34.41,34.69,7023400
23-Sep-98,0.00,35.19,33.72,35.16,8281600
22-Sep-98,0.00,34.22,33.25,33.53,6485400
21-Sep-98,0.00,34.28,33.41,34.09,5271000
18-Sep-98,0.00,34.09,33.22,34.06,11704200
17-Sep-98,0.00,34.69,34.19,34.28,4934200
16-Sep-98,0.00,35.53,34.34,34.91,6489800
15-Sep-98,0.00,35.78,35.03,35.62,4965000
14-Sep-98,0.00,35.72,35.12,35.25,6053000
11-Sep-98,0.00,35.47,34.31,35.28,8212600
10-Sep-98,0.00,35.34,33.69,34.84,11874600
9-Sep-98,0.00,34.62,33.53,34.34,7495600
8-Sep-98,0.00,33.84,32.88,33.72,7906600
4-Sep-98,0.00,33.25,31.69,33.03,10957200
3-Sep-98,0.00,32.25,31.00,31.97,10650800
2-Sep-98,0.00,33.34,31.75,32.00,8673400
1-Sep-98,0.00,33.31,31.06,33.19,12234000
31-Aug-98,0.00,34.56,32.50,32.72,12508200
28-Aug-98,0.00,34.91,33.66,33.78,9069000
27-Aug-98,0.00,35.31,34.62,34.62,10116000
26-Aug-98,0.00,35.44,34.75,35.19,5838200
25-Aug-98,0.00,35.84,35.00,35.19,5832200
24-Aug-98,0.00,35.81,35.00,35.28,6788000
21-Aug-98,0.00,35.69,34.78,35.44,8529000
20-Aug-98,0.00,36.03,35.06,35.66,6579600
19-Aug-98,0.00,35.41,34.94,35.38,4940000
18-Aug-98,0.00,35.22,34.38,35.09,6616200
17-Aug-98,0.00,34.97,33.91,34.81,6727400
14-Aug-98,0.00,34.59,33.97,34.19,7487000
13-Aug-98,0.00,34.12,33.47,34.09,7045400
12-Aug-98,0.00,34.16,33.06,33.53,6537600
11-Aug-98,0.00,34.25,28.78,34.00,9340200
10-Aug-98,0.00,34.28,33.19,33.81,8466400
7-Aug-98,0.00,33.81,32.28,33.47,9887800
6-Aug-98,0.00,33.00,32.00,32.47,6186200
5-Aug-98,0.00,33.56,32.00,33.09,8691200
4-Aug-98,0.00,34.59,33.50,33.56,8166400
3-Aug-98,0.00,34.81,34.06,34.25,4916200
31-Jul-98,0.00,36.00,34.81,35.12,6531800
30-Jul-98,0.00,36.12,35.38,36.06,6466400
29-Jul-98,0.00,35.38,34.66,35.34,6626000
28-Jul-98,0.00,35.53,34.09,34.81,7048000
27-Jul-98,0.00,35.75,34.91,35.72,5454600
24-Jul-98,0.00,35.41,34.81,35.19,4443200
23-Jul-98,0.00,35.94,34.94,35.06,5232200
22-Jul-98,0.00,36.00,35.00,35.91,6580800
21-Jul-98,0.00,35.72,35.00,35.09,5052600
20-Jul-98,0.00,36.19,35.03,35.28,4437200
17-Jul-98,0.00,36.22,35.47,36.19,5255400
16-Jul-98,0.00,35.78,35.06,35.69,3553800
15-Jul-98,0.00,36.12,35.66,35.81,4996400
14-Jul-98,0.00,36.12,35.12,36.03,5308200
13-Jul-98,0.00,35.78,35.03,35.25,5097000
10-Jul-98,0.00,36.19,35.56,35.84,3501600
9-Jul-98,0.00,36.41,35.41,35.88,4539000
8-Jul-98,0.00,36.72,36.38,36.59,3933000
7-Jul-98,0.00,36.69,36.34,36.38,4602000
6-Jul-98,0.00,36.72,36.31,36.66,3681000
2-Jul-98,0.00,36.91,36.12,36.44,5185400
1-Jul-98,0.00,36.47,35.78,36.47,5924800
30-Jun-98,0.00,36.50,35.62,35.69,7696600
29-Jun-98,0.00,36.16,35.75,35.75,4505200
26-Jun-98,0.00,36.50,35.81,36.12,4093800
25-Jun-98,0.00,36.53,36.00,36.25,6378000
24-Jun-98,0.00,36.22,35.78,36.22,8119400
23-Jun-98,0.00,35.94,35.53,35.91,7104600
22-Jun-98,0.00,35.78,35.03,35.31,5644200
19-Jun-98,0.00,35.72,35.03,35.03,8165000
18-Jun-98,0.00,35.47,34.94,35.38,4856000
17-Jun-98,0.00,35.75,34.97,35.50,7932600
16-Jun-98,0.00,34.97,33.94,34.78,6156400
15-Jun-98,0.00,34.56,34.06,34.25,5845200
12-Jun-98,0.00,34.78,33.88,34.66,6003600
11-Jun-98,0.00,34.88,33.69,34.03,8526400
10-Jun-98,0.00,35.25,34.31,34.41,6212000
9-Jun-98,0.00,35.47,34.78,34.97,5419000
8-Jun-98,0.00,35.91,35.47,35.59,4719800
5-Jun-98,0.00,35.94,35.16,35.91,7094800
4-Jun-98,0.00,35.25,34.53,35.16,7548400
3-Jun-98,0.00,35.16,34.50,34.50,4464200
2-Jun-98,0.00,35.53,34.78,34.97,5323400
1-Jun-98,0.00,35.34,34.94,35.31,4731600
29-May-98,0.00,35.62,34.97,35.25,7007600
28-May-98,0.00,35.56,35.00,35.47,5085000
27-May-98,0.00,35.38,34.50,35.19,6390400
26-May-98,0.00,35.41,34.78,34.78,4287400
22-May-98,0.00,35.41,35.09,35.28,3497400
21-May-98,0.00,35.78,34.91,35.19,6806000
20-May-98,0.00,36.28,35.38,35.62,5500600
19-May-98,0.00,36.47,35.81,36.16,5134800
18-May-98,0.00,36.97,36.19,36.28,5775200
15-May-98,0.00,37.38,36.84,36.84,7685600
14-May-98,0.00,36.94,36.47,36.81,6716800
13-May-98,0.00,37.25,36.69,36.81,7167400
12-May-98,0.00,37.00,36.47,36.91,6134000
11-May-98,0.00,36.66,36.09,36.47,5657600
8-May-98,0.00,37.22,36.16,36.59,5905600
7-May-98,0.00,37.12,36.50,36.62,4493400
6-May-98,0.00,37.56,37.03,37.22,6039600
5-May-98,0.00,37.50,36.75,37.00,4732400
4-May-98,0.00,38.00,37.22,37.38,5818400
1-May-98,0.00,37.94,36.91,37.81,6990000
30-Apr-98,0.00,36.72,36.16,36.53,5509000
29-Apr-98,0.00,36.81,36.47,36.47,6034400
28-Apr-98,0.00,37.25,36.44,36.69,8246800
27-Apr-98,0.00,37.31,36.53,37.16,8799600
24-Apr-98,0.00,37.34,36.75,36.75,6812800
23-Apr-98,0.00,37.00,36.34,36.88,6900400
22-Apr-98,0.00,36.84,36.34,36.47,6757400
21-Apr-98,0.00,36.72,36.19,36.66,6586800
20-Apr-98,0.00,36.62,36.03,36.47,9191200
17-Apr-98,0.00,36.19,35.22,36.03,8564200
16-Apr-98,0.00,35.50,34.25,35.16,13343800
15-Apr-98,0.00,34.47,33.62,34.34,6696600
14-Apr-98,0.00,33.81,33.31,33.59,4570600
13-Apr-98,0.00,33.97,33.25,33.84,7069000
9-Apr-98,0.00,33.53,33.06,33.38,3923800
8-Apr-98,0.00,33.97,32.69,33.06,6489400
7-Apr-98,0.00,34.41,33.56,33.88,4784000
6-Apr-98,0.00,34.88,34.22,34.22,4957800
3-Apr-98,0.00,34.97,34.38,34.59,4499400
2-Apr-98,0.00,34.97,34.34,34.94,5598000
1-Apr-98,0.00,34.50,33.69,34.47,6543000
31-Mar-98,0.00,34.25,33.59,33.81,5460200
30-Mar-98,0.00,34.16,33.34,33.97,4611400
27-Mar-98,0.00,34.28,33.47,33.81,4927000
26-Mar-98,0.00,34.50,33.78,34.09,5872800
25-Mar-98,0.00,34.59,33.72,33.88,5816800
24-Mar-98,0.00,34.38,33.97,34.19,6834400
23-Mar-98,0.00,35.00,33.88,34.00,11944800
20-Mar-98,0.00,33.88,32.41,33.56,13996800
19-Mar-98,0.00,32.50,32.19,32.41,6607600
18-Mar-98,0.00,32.34,31.47,32.31,7676600
17-Mar-98,0.00,32.00,31.06,31.47,8225600
16-Mar-98,0.00,32.22,31.97,32.09,4079200
13-Mar-98,0.00,32.19,31.88,32.16,4476400
12-Mar-98,0.00,32.00,31.59,31.94,4787800
11-Mar-98,0.00,32.09,31.69,31.97,5641200
10-Mar-98,0.00,31.78,31.38,31.72,5666800
9-Mar-98,0.00,31.47,31.09,31.25,7160600
6-Mar-98,0.00,31.47,31.25,31.38,6855600
5-Mar-98,0.00,31.72,31.28,31.47,6907800
4-Mar-98,0.00,32.22,31.62,31.72,7044800
3-Mar-98,0.00,32.16,31.69,32.12,6857600
2-Mar-98,0.00,32.06,31.53,31.75,4876200
27-Feb-98,0.00,32.03,31.41,31.88,5570000
26-Feb-98,0.00,31.75,31.31,31.53,4159400
25-Feb-98,0.00,31.56,31.12,31.41,3976400
24-Feb-98,0.00,31.59,31.12,31.38,6510400
23-Feb-98,0.00,31.72,30.88,31.25,7695600
20-Feb-98,0.00,32.22,31.59,32.16,7663400
19-Feb-98,0.00,32.00,31.66,31.81,6107600
18-Feb-98,0.00,32.03,31.12,31.91,8268600
17-Feb-98,0.00,31.62,30.97,31.06,6091400
13-Feb-98,0.00,31.69,31.31,31.56,4587400
12-Feb-98,0.00,31.72,30.94,31.53,5621400
11-Feb-98,0.00,31.47,30.94,31.34,6246200
10-Feb-98,0.00,31.09,30.78,31.03,5364000
9-Feb-98,0.00,31.09,30.62,31.00,4775000
6-Feb-98,0.00,31.12,30.75,31.00,4877600
5-Feb-98,0.00,31.22,30.69,30.97,6964400
4-Feb-98,0.00,31.00,30.28,30.78,5810200
3-Feb-98,0.00,30.62,30.09,30.41,6247200
2-Feb-98,0.00,30.41,30.09,30.25,8728600
30-Jan-98,0.00,30.31,29.56,29.66,7292800
29-Jan-98,0.00,30.44,29.66,30.38,7859400
28-Jan-98,0.00,30.25,29.50,29.59,8286600
27-Jan-98,0.00,30.50,30.09,30.19,5633600
26-Jan-98,0.00,30.22,29.53,30.12,5868400
23-Jan-98,0.00,29.97,29.09,29.53,5782000
22-Jan-98,0.00,30.12,29.50,29.78,5690600
21-Jan-98,0.00,30.97,30.25,30.53,6651400
20-Jan-98,0.00,30.62,30.16,30.44,6348000
16-Jan-98,0.00,30.78,30.00,30.41,8445600
15-Jan-98,0.00,30.72,29.62,29.75,8606600
14-Jan-98,0.00,30.50,29.88,30.41,6375000
13-Jan-98,0.00,30.06,29.50,30.03,8916800
12-Jan-98,0.00,29.50,28.31,29.38,8362400
9-Jan-98,0.00,29.84,28.78,29.06,8060600
8-Jan-98,0.00,30.50,29.75,29.78,6357600
7-Jan-98,0.00,30.47,29.44,30.44,11663600
6-Jan-98,0.00,30.28,29.31,29.50,9009200
5-Jan-98,0.00,31.09,30.16,30.59,8728400
2-Jan-98,0.00,31.03,30.47,30.94,5657200
