8-Nov-16,1228.00,1283.00,1226.00,1279.00,8984824
7-Nov-16,1215.00,1223.00,1203.00,1221.50,6961772
4-Nov-16,1179.00,1179.00,1149.00,1166.00,7429284
3-Nov-16,1202.50,1214.00,1185.00,1187.00,7862753
2-Nov-16,1209.00,1228.51,1197.42,1211.50,6087907
1-Nov-16,1241.50,1260.00,1219.50,1223.00,7398694
31-Oct-16,1240.00,1248.00,1222.50,1234.50,6149220
28-Oct-16,1234.50,1235.25,1209.00,1233.00,6589224
27-Oct-16,1227.00,1230.00,1206.50,1227.50,7696004
26-Oct-16,1245.00,1245.00,1228.00,1240.00,7014831
25-Oct-16,1240.00,1263.50,1239.00,1244.02,9320950
24-Oct-16,1235.00,1252.50,1221.23,1224.00,5848757
21-Oct-16,1222.50,1231.00,1213.00,1221.00,6696167
20-Oct-16,1225.50,1233.50,1203.00,1216.50,4837002
19-Oct-16,1211.50,1221.00,1198.50,1218.00,7221269
18-Oct-16,1210.00,1228.00,1208.50,1212.00,6960764
17-Oct-16,1201.50,1216.46,1189.00,1193.50,7203318
14-Oct-16,1218.00,1224.50,1182.66,1208.50,7891770
13-Oct-16,1184.50,1199.50,1172.01,1184.00,12085546
12-Oct-16,1243.00,1248.00,1218.00,1238.50,7805691
11-Oct-16,1263.50,1279.50,1239.00,1239.00,10024787
10-Oct-16,1243.00,1270.00,1238.00,1267.00,7180846
7-Oct-16,1225.00,1255.00,1222.00,1232.50,8152202
6-Oct-16,1204.50,1214.00,1191.00,1202.00,6300560
5-Oct-16,1188.00,1204.50,1177.30,1204.00,7036401
4-Oct-16,1190.00,1217.00,1186.00,1201.00,12770372
3-Oct-16,1162.50,1191.76,1159.50,1183.00,5498167
30-Sep-16,1145.00,1169.00,1132.50,1162.50,9992682
29-Sep-16,1150.00,1168.00,1140.50,1168.00,11757928
28-Sep-16,1088.00,1110.00,1088.00,1097.00,5634818
27-Sep-16,1102.00,1103.50,1070.50,1077.50,8461758
26-Sep-16,1087.00,1098.50,1080.50,1093.50,6980728
23-Sep-16,1077.00,1105.50,1071.50,1098.00,6918355
22-Sep-16,1100.00,1110.00,1084.00,1094.50,9334509
21-Sep-16,1040.50,1056.00,1032.00,1051.00,6574815
20-Sep-16,1029.00,1049.00,1025.00,1032.50,9524400
19-Sep-16,1005.00,1024.00,1002.00,1022.50,6862667
16-Sep-16,999.70,1004.50,982.00,986.10,11607896
15-Sep-16,979.60,1003.50,973.00,1002.00,8456551
14-Sep-16,975.70,998.80,969.90,981.30,9461965
13-Sep-16,985.00,992.60,967.30,968.10,10969205
12-Sep-16,980.00,991.20,960.10,991.00,9987302
9-Sep-16,1021.00,1027.50,1009.50,1017.50,8582668
8-Sep-16,1001.00,1019.00,1000.00,1015.50,7066162
7-Sep-16,1002.50,1008.00,987.00,999.00,6428332
6-Sep-16,1008.00,1017.50,989.50,997.10,5651992
5-Sep-16,1004.50,1023.00,997.50,1004.00,4566064
2-Sep-16,977.10,1001.00,968.50,995.50,9048775
1-Sep-16,985.00,995.10,957.10,975.10,8430953
31-Aug-16,1018.00,1025.18,986.70,989.90,8968654
30-Aug-16,1052.00,1061.28,1038.00,1040.50,6969748
26-Aug-16,1050.00,1083.00,1042.34,1080.00,6095699
25-Aug-16,1040.00,1051.00,1029.50,1047.00,4291191
24-Aug-16,1072.50,1114.11,1049.00,1052.00,6115780
23-Aug-16,1050.00,1080.00,1050.00,1078.50,7432252
22-Aug-16,1045.00,1045.00,1019.50,1033.00,5371553
19-Aug-16,1068.00,1074.00,1047.00,1053.00,5341219
18-Aug-16,1059.00,1076.50,1059.00,1075.00,5678605
17-Aug-16,1058.00,1075.00,1035.00,1046.00,6139532
16-Aug-16,1020.00,1087.00,1015.00,1049.50,7638708
15-Aug-16,1034.50,1047.00,1022.00,1042.50,4559818
12-Aug-16,1056.00,1069.00,1031.50,1040.00,6491873
11-Aug-16,1033.50,1055.50,1019.52,1055.50,6983420
10-Aug-16,1034.00,1055.00,1032.00,1038.50,5090783
9-Aug-16,1042.00,1051.53,1032.00,1049.50,5044564
8-Aug-16,1021.50,1054.27,1019.00,1047.50,8140259
5-Aug-16,1000.00,1024.50,995.00,1014.00,9411109
4-Aug-16,950.00,984.60,940.00,982.90,9292828
3-Aug-16,940.40,953.30,929.70,948.60,6551274
2-Aug-16,944.00,954.30,932.50,937.40,7729892
1-Aug-16,960.00,982.60,944.38,969.12,6462444
29-Jul-16,956.00,956.20,936.10,944.70,8955041
28-Jul-16,967.10,984.20,934.95,969.84,6391795
27-Jul-16,966.00,984.50,960.50,968.95,6231163
26-Jul-16,934.90,952.30,929.40,951.00,6261569
25-Jul-16,934.20,944.90,912.70,921.10,5163110
22-Jul-16,935.90,941.20,907.80,924.80,5382481
21-Jul-16,944.40,954.10,924.30,939.20,6689207
20-Jul-16,939.00,945.00,903.40,926.40,9437080
19-Jul-16,965.50,969.90,940.20,948.50,7427457
18-Jul-16,978.30,982.50,965.40,976.80,6422557
15-Jul-16,995.20,1003.00,977.70,996.50,6544885
14-Jul-16,1012.00,1029.50,988.00,1003.50,6331227
13-Jul-16,1006.00,1039.50,997.30,997.70,9343662
12-Jul-16,992.30,1007.60,982.40,1003.50,9120854
11-Jul-16,977.00,999.80,971.50,992.40,6566850
8-Jul-16,949.00,966.40,939.30,961.40,9612308
7-Jul-16,955.50,972.80,940.60,942.10,7915932
6-Jul-16,934.60,959.40,907.20,932.40,10667560
5-Jul-16,955.00,959.20,926.30,935.40,9442206
4-Jul-16,962.00,973.40,949.90,952.20,5392670
1-Jul-16,944.40,948.00,917.70,940.00,9306692
30-Jun-16,907.00,943.08,890.00,942.80,12728613
29-Jun-16,891.80,913.50,890.55,910.40,10966190
28-Jun-16,866.20,893.00,863.40,879.10,10010844
27-Jun-16,859.10,870.00,838.50,841.90,13013878
24-Jun-16,835.00,873.60,793.40,856.30,16793669
23-Jun-16,855.50,878.20,849.90,870.50,5152150
22-Jun-16,855.20,863.20,844.90,853.80,7969636
21-Jun-16,841.70,852.40,830.00,847.70,6993460
20-Jun-16,855.00,857.00,806.36,852.30,8601194
17-Jun-16,814.50,838.60,808.60,830.80,11514115
16-Jun-16,806.80,814.30,790.80,807.00,10032149
15-Jun-16,804.70,831.20,799.60,822.00,11378026
14-Jun-16,814.60,822.00,788.30,789.70,11764110
13-Jun-16,813.10,827.60,813.10,823.40,8443463
10-Jun-16,850.00,857.70,821.30,827.30,12469638
9-Jun-16,900.00,906.70,857.90,860.10,9170044
8-Jun-16,877.60,912.30,875.50,901.00,7853781
7-Jun-16,893.50,912.80,877.60,879.90,8252695
6-Jun-16,854.70,892.20,854.70,885.80,11301006
3-Jun-16,816.10,837.00,813.90,833.60,9610382
2-Jun-16,810.40,817.90,797.90,805.60,8219948
1-Jun-16,816.00,816.00,786.40,807.10,10898289
31-May-16,840.00,843.00,816.50,823.00,11048288
27-May-16,853.70,865.90,832.60,840.30,7576795
26-May-16,854.00,878.00,845.00,851.80,9320226
25-May-16,829.00,842.40,816.00,837.20,6706679
24-May-16,805.10,830.00,800.60,816.70,6555753
23-May-16,809.70,814.20,793.00,811.40,7321136
20-May-16,824.00,840.50,814.10,817.90,6565430
19-May-16,814.90,817.30,794.00,814.70,10041311
18-May-16,849.90,851.90,822.80,843.40,10606130
17-May-16,853.00,874.10,834.60,861.40,9490653
16-May-16,820.00,854.50,817.70,840.00,6389006
13-May-16,798.50,825.70,793.94,822.80,7867466
12-May-16,825.40,837.20,797.40,807.30,11055934
11-May-16,818.80,842.90,818.00,836.70,8978755
10-May-16,799.80,818.00,787.90,815.00,12050874
9-May-16,830.00,830.00,788.00,793.30,18027330
6-May-16,818.00,849.30,805.80,844.70,9865414
5-May-16,832.30,851.00,812.05,831.10,8570822
4-May-16,840.00,846.90,808.40,824.80,14658145
3-May-16,916.80,922.73,867.40,875.30,13999560
29-Apr-16,937.50,948.10,919.10,933.10,12748416
28-Apr-16,935.00,964.59,933.50,945.70,14596349
27-Apr-16,915.00,933.93,904.10,926.20,9545783
26-Apr-16,926.10,940.30,913.00,926.80,11462164
25-Apr-16,982.60,983.20,923.40,930.30,13381104
22-Apr-16,976.00,993.10,967.40,987.60,12383068
21-Apr-16,1010.00,1030.50,972.05,987.80,18249431
20-Apr-16,960.40,1002.00,954.20,997.00,15941551
19-Apr-16,950.00,965.60,918.30,964.50,12926412
18-Apr-16,880.00,916.60,858.50,916.40,12555613
15-Apr-16,905.50,915.90,884.90,900.00,15906586
14-Apr-16,884.80,914.00,869.10,898.50,19364711
13-Apr-16,832.80,882.80,829.10,882.80,17818880
12-Apr-16,783.70,811.30,781.14,808.60,11007118
11-Apr-16,757.90,783.80,750.20,778.20,7536017
8-Apr-16,742.00,763.70,731.80,760.50,8704830
7-Apr-16,757.90,762.30,724.50,727.50,12068475
6-Apr-16,745.00,753.60,714.70,732.70,11938805
5-Apr-16,749.00,770.97,724.00,734.50,10346553
4-Apr-16,783.80,784.00,767.00,769.70,8066397
1-Apr-16,774.70,793.90,757.80,772.40,9422100
31-Mar-16,779.00,799.50,761.10,782.80,11731867
30-Mar-16,763.10,805.00,763.10,793.60,10393492
29-Mar-16,778.60,783.50,742.20,750.00,10153208
24-Mar-16,785.00,785.70,760.20,778.40,7348770
23-Mar-16,815.50,823.40,787.60,795.50,8018168
22-Mar-16,813.40,824.80,804.10,816.70,7386156
21-Mar-16,823.20,839.70,812.60,819.50,6643591
18-Mar-16,833.90,854.50,821.20,830.70,14922145
17-Mar-16,808.00,827.50,805.50,822.00,14564109
16-Mar-16,768.00,779.00,756.70,763.40,9326568
15-Mar-16,780.50,780.50,757.00,762.80,11364764
14-Mar-16,820.00,847.30,806.00,816.20,9923641
11-Mar-16,806.00,818.20,783.90,815.80,10741776
10-Mar-16,816.40,832.30,789.10,789.90,12624467
9-Mar-16,813.40,834.80,798.10,831.20,12244503
8-Mar-16,853.00,861.80,814.40,821.40,19046932
7-Mar-16,865.40,906.70,839.50,897.80,20683608
4-Mar-16,811.00,868.70,810.60,867.80,19712713
3-Mar-16,800.00,815.10,783.90,795.30,17623666
2-Mar-16,775.00,784.00,751.10,778.40,16625885
1-Mar-16,727.90,758.10,725.00,740.40,11313259
29-Feb-16,703.00,732.14,695.40,728.00,11621141
26-Feb-16,700.00,724.90,696.10,716.10,13559680
25-Feb-16,701.00,708.80,683.30,689.90,12037015
24-Feb-16,728.00,728.00,679.00,684.30,18858804
23-Feb-16,775.00,775.00,736.40,746.90,17575994
22-Feb-16,755.00,801.10,755.00,794.50,10032697
19-Feb-16,732.60,740.30,723.50,732.40,12546302
18-Feb-16,749.00,756.80,720.30,738.50,14156371
17-Feb-16,698.10,743.70,691.10,743.00,14839650
16-Feb-16,723.30,735.00,679.90,693.00,14881827
15-Feb-16,715.70,718.00,686.80,693.60,8665437
12-Feb-16,640.40,697.50,640.40,696.60,14626217
11-Feb-16,640.00,646.70,607.50,634.10,9933468
10-Feb-16,675.00,678.60,643.90,653.80,13587653
9-Feb-16,704.00,707.50,655.80,666.10,12759426
8-Feb-16,714.70,730.00,687.80,707.50,11976871
5-Feb-16,701.20,725.50,688.30,709.20,15208199
4-Feb-16,670.20,727.50,668.70,712.60,17947158
3-Feb-16,626.60,646.70,619.60,643.20,15553533
2-Feb-16,664.00,664.00,620.80,632.40,13548778
1-Feb-16,682.10,686.20,659.50,678.10,10721127
29-Jan-16,690.00,695.00,651.30,676.40,13561734
28-Jan-16,664.80,703.60,658.70,679.60,18034747
27-Jan-16,660.00,669.90,635.40,669.90,15183580
26-Jan-16,625.00,669.00,616.00,665.50,15136568
25-Jan-16,658.00,658.00,627.20,639.80,11121848
22-Jan-16,666.60,677.20,641.20,648.90,17122821
21-Jan-16,592.00,652.90,585.00,642.80,22574114
20-Jan-16,599.90,600.00,571.60,580.90,17624554
19-Jan-16,626.00,648.70,619.20,627.10,13571701
18-Jan-16,615.90,625.30,601.70,608.80,11714716
15-Jan-16,640.00,645.70,607.40,615.00,18105643
14-Jan-16,626.00,664.30,618.40,657.00,19563857
13-Jan-16,624.30,640.30,614.20,619.60,16385885
12-Jan-16,619.00,648.80,609.10,617.90,18556609
11-Jan-16,645.40,659.90,634.10,636.10,11766820
8-Jan-16,677.80,691.60,652.10,652.10,11264179
7-Jan-16,675.00,679.80,662.00,673.70,17434161
6-Jan-16,730.00,730.00,693.70,709.40,13443656
5-Jan-16,754.10,764.00,733.60,746.00,8892224
4-Jan-16,750.00,750.50,726.60,736.00,9873279
31-Dec-15,762.00,762.00,750.20,760.00,1814036
30-Dec-15,771.00,772.60,754.33,760.60,5798975
29-Dec-15,777.20,782.50,763.60,775.80,7883228
24-Dec-15,786.80,795.00,771.60,776.50,1473516
23-Dec-15,744.90,781.90,744.90,778.10,11271966
22-Dec-15,724.00,729.50,716.30,728.00,6225514
21-Dec-15,719.50,744.30,715.70,716.70,8788488
18-Dec-15,695.70,719.50,695.10,717.20,15729072
16-Dec-15,700.00,717.50,683.67,702.80,11068647
15-Dec-15,684.70,696.80,679.70,686.90,10359707
14-Dec-15,693.50,703.00,665.70,669.30,12000315
11-Dec-15,731.50,743.00,686.10,694.20,13369846
10-Dec-15,746.10,764.00,728.30,733.20,12698886
9-Dec-15,745.00,761.00,713.10,749.40,16531826
8-Dec-15,745.10,751.62,715.40,722.80,12913272
7-Dec-15,789.10,790.40,762.10,765.20,7249307
4-Dec-15,786.00,803.00,777.60,787.70,12743983
3-Dec-15,809.00,810.40,784.30,787.40,13122622
2-Dec-15,814.00,828.10,804.80,814.40,8500582
1-Dec-15,806.00,819.70,804.00,812.70,11292845
30-Nov-15,803.00,805.00,755.00,796.90,18446931
27-Nov-15,823.00,825.50,797.50,807.60,11661504
26-Nov-15,838.30,852.00,825.50,833.20,10086357
25-Nov-15,880.00,882.00,852.90,860.50,14202452
24-Nov-15,866.40,887.20,852.00,875.80,11843646
23-Nov-15,860.10,890.00,852.50,871.30,9297668
20-Nov-15,893.20,905.70,882.80,885.50,8300773
19-Nov-15,898.30,916.00,883.20,888.70,10946962
18-Nov-15,865.30,892.40,852.50,880.70,9854517
17-Nov-15,891.80,904.60,871.90,877.10,9343589
16-Nov-15,880.00,916.40,872.20,877.70,8349977
13-Nov-15,881.70,908.20,877.60,883.40,12200794
12-Nov-15,929.90,933.20,877.30,877.30,12914849
11-Nov-15,943.30,949.40,917.80,923.70,8284261
10-Nov-15,949.20,957.88,922.40,946.50,12758971
9-Nov-15,965.00,993.70,949.60,952.40,11519309
6-Nov-15,990.00,1004.50,953.30,975.00,21032088
5-Nov-15,1067.00,1067.00,1024.50,1034.00,7879042
4-Nov-15,1071.50,1131.98,1068.50,1069.50,9071524
3-Nov-15,1040.00,1059.50,1021.86,1058.50,6257857
2-Nov-15,1030.00,1043.50,1020.00,1026.00,5878615
30-Oct-15,1049.00,1067.50,1038.00,1040.50,8456738
29-Oct-15,1065.00,1067.00,1037.00,1048.48,10026856
28-Oct-15,1075.00,1101.50,1056.50,1097.00,8706760
27-Oct-15,1122.50,1122.50,1089.50,1091.00,7909596
26-Oct-15,1134.50,1152.50,1121.50,1131.00,5285099
23-Oct-15,1124.00,1164.50,1112.50,1140.50,9475485
22-Oct-15,1098.00,1127.00,1083.00,1116.50,8393017
21-Oct-15,1095.00,1115.83,1074.50,1096.50,8302777
20-Oct-15,1089.00,1097.00,1068.50,1093.00,6710821
19-Oct-15,1126.00,1128.00,1092.50,1096.00,5640883
16-Oct-15,1154.00,1155.50,1127.00,1129.50,6681090
15-Oct-15,1164.50,1181.00,1143.50,1145.00,7554637
14-Oct-15,1148.00,1176.50,1137.00,1152.50,8662854
13-Oct-15,1168.00,1172.50,1144.00,1162.50,7521177
12-Oct-15,1186.00,1203.50,1171.50,1177.50,9594735
9-Oct-15,1167.00,1200.00,1165.00,1194.50,11642472
8-Oct-15,1109.50,1149.50,1098.50,1145.00,9412137
7-Oct-15,1100.00,1138.00,1088.00,1108.00,19237426
6-Oct-15,1077.00,1082.30,1052.50,1059.50,11098257
5-Oct-15,1080.00,1082.00,1048.00,1065.00,9313960
2-Oct-15,1030.50,1047.50,1014.00,1042.00,6694480
1-Oct-15,1021.50,1043.00,1018.00,1029.00,10048714
30-Sep-15,1003.00,1007.50,985.10,1005.00,10093333
29-Sep-15,955.00,984.00,951.00,979.00,13047262
28-Sep-15,1028.50,1035.33,958.80,964.10,15410263
25-Sep-15,1040.00,1046.00,1020.00,1026.00,9622680
24-Sep-15,1028.50,1048.00,1010.00,1018.50,9483016
23-Sep-15,1021.00,1053.00,1011.00,1041.50,8659804
22-Sep-15,1070.00,1073.50,1020.50,1021.50,10253896
21-Sep-15,1086.50,1101.50,1074.00,1076.00,5406470
18-Sep-15,1105.00,1118.00,1060.00,1098.00,19161933
17-Sep-15,1128.00,1150.18,1104.50,1107.50,7911592
16-Sep-15,1093.00,1127.00,1058.50,1123.50,13318895
15-Sep-15,1058.00,1090.00,1031.50,1084.50,8898270
14-Sep-15,1064.50,1087.50,1043.50,1068.50,11086816
11-Sep-15,1057.50,1091.00,1054.00,1057.50,7893859
10-Sep-15,1057.00,1080.61,1046.50,1060.00,9939743
9-Sep-15,1137.00,1149.64,1108.00,1127.00,12170671
8-Sep-15,1076.50,1097.00,1072.50,1087.00,7567598
7-Sep-15,1064.50,1089.50,1045.00,1065.50,6595385
4-Sep-15,1099.00,1109.50,1048.50,1052.00,9743425
3-Sep-15,1074.00,1119.38,1067.50,1110.00,12306509
2-Sep-15,1054.00,1097.00,1054.00,1064.50,11958511
1-Sep-15,1099.00,1117.00,1040.50,1056.00,13550886
28-Aug-15,1114.50,1137.00,1091.05,1132.00,11253411
27-Aug-15,1039.50,1107.00,1031.00,1102.50,13720730
26-Aug-15,1024.00,1049.50,1002.50,1009.50,10893769
25-Aug-15,1000.00,1073.00,990.20,1021.00,15282148
24-Aug-15,1019.00,1029.00,955.60,967.50,19678377
21-Aug-15,1075.00,1097.00,1064.00,1065.50,7138913
20-Aug-15,1066.00,1103.00,1063.50,1092.50,8494676
19-Aug-15,1120.00,1121.00,1070.00,1071.50,9585806
18-Aug-15,1128.00,1133.00,1098.36,1112.50,5784752
17-Aug-15,1149.50,1151.00,1125.12,1133.50,5371414
14-Aug-15,1152.00,1175.00,1138.00,1150.00,6716135
13-Aug-15,1178.00,1190.50,1143.50,1152.00,8264488
12-Aug-15,1127.00,1147.50,1108.50,1147.00,13474699
11-Aug-15,1190.00,1206.00,1145.00,1148.50,12886058
10-Aug-15,1192.50,1209.50,1157.00,1209.00,7138620
7-Aug-15,1177.50,1206.00,1176.00,1191.00,7379554
6-Aug-15,1197.00,1197.50,1153.50,1163.40,8231097
5-Aug-15,1167.50,1225.00,1167.00,1200.50,10280151
4-Aug-15,1145.00,1169.50,1131.50,1159.00,8535292
3-Aug-15,1174.00,1174.50,1131.50,1137.00,6836073
31-Jul-15,1175.50,1191.00,1151.00,1182.50,6917696
30-Jul-15,1171.50,1187.00,1158.00,1170.00,6923696
29-Jul-15,1160.00,1171.50,1132.50,1168.00,7667608
28-Jul-15,1137.00,1157.85,1125.50,1143.50,7700146
27-Jul-15,1145.00,1152.50,1121.00,1130.50,9539843
24-Jul-15,1166.50,1172.00,1117.50,1123.50,9320427
23-Jul-15,1180.00,1197.50,1160.00,1168.00,7101906
22-Jul-15,1224.00,1225.00,1180.00,1180.00,9938075
21-Jul-15,1242.00,1257.50,1232.00,1251.50,4581288
20-Jul-15,1237.00,1247.00,1231.50,1240.00,4357006
17-Jul-15,1249.00,1256.50,1231.00,1245.00,8181167
16-Jul-15,1240.00,1259.50,1219.50,1253.00,6644544
15-Jul-15,1236.50,1258.50,1227.50,1233.50,6249075
14-Jul-15,1248.00,1258.00,1233.50,1236.00,5465044
13-Jul-15,1236.50,1253.25,1206.00,1253.00,7667255
10-Jul-15,1243.00,1250.00,1219.00,1227.50,6600249
9-Jul-15,1207.50,1224.50,1196.00,1206.00,8147434
8-Jul-15,1181.50,1207.50,1168.00,1187.50,10798254
7-Jul-15,1222.50,1222.50,1180.00,1189.00,10154099
6-Jul-15,1229.00,1239.50,1217.00,1223.50,5724598
3-Jul-15,1260.00,1266.00,1238.92,1248.50,4404528
2-Jul-15,1254.00,1286.50,1249.00,1272.50,5978234
1-Jul-15,1257.50,1276.50,1249.00,1260.00,6989066
30-Jun-15,1294.00,1298.78,1249.00,1249.00,10376913
29-Jun-15,1279.50,1310.00,1275.00,1301.50,8487697
26-Jun-15,1318.50,1328.00,1301.50,1301.50,6873396
25-Jun-15,1363.00,1371.60,1334.82,1336.00,7094562
24-Jun-15,1366.00,1418.03,1362.50,1373.50,6238601
23-Jun-15,1345.50,1366.00,1332.00,1356.00,5474750
22-Jun-15,1343.00,1348.25,1322.50,1346.50,5221078
19-Jun-15,1328.00,1344.00,1317.00,1325.50,7715362
18-Jun-15,1300.00,1345.00,1300.00,1333.00,10570301
17-Jun-15,1323.00,1325.00,1300.82,1302.00,8255025
16-Jun-15,1310.50,1324.17,1303.50,1312.00,6577688
15-Jun-15,1331.00,1344.72,1313.00,1320.50,5068977
12-Jun-15,1337.00,1355.00,1326.00,1340.50,5451911
11-Jun-15,1345.50,1371.00,1330.00,1346.00,7185462
10-Jun-15,1317.50,1354.50,1311.50,1348.50,8988842
9-Jun-15,1309.00,1328.50,1298.22,1315.00,8213446
8-Jun-15,1322.00,1332.00,1305.00,1308.00,6731705
5-Jun-15,1320.00,1352.50,1300.00,1327.00,8086231
4-Jun-15,1357.00,1357.00,1322.50,1323.00,8065038
3-Jun-15,1387.50,1388.00,1355.50,1367.00,7131931
2-Jun-15,1354.00,1393.50,1328.50,1383.50,9938532
1-Jun-15,1379.50,1390.50,1355.50,1359.50,5445580
29-May-15,1381.50,1396.00,1358.00,1379.50,7943493
28-May-15,1374.00,1379.57,1347.50,1376.50,4948567
27-May-15,1380.00,1386.00,1361.00,1379.00,5994908
26-May-15,1420.00,1430.78,1369.00,1375.00,6918996
22-May-15,1412.00,1436.00,1405.00,1408.50,5970612
21-May-15,1400.00,1430.50,1397.50,1404.50,5537523
20-May-15,1398.00,1415.00,1383.00,1395.50,7276746
19-May-15,1452.50,1455.00,1398.00,1405.50,9903242
18-May-15,1440.00,1477.50,1429.26,1463.00,9366815
15-May-15,1553.50,1569.50,1522.50,1533.00,6855590
14-May-15,1553.50,1566.00,1534.50,1549.00,6463776
13-May-15,1585.00,1596.50,1548.00,1569.50,6106616
12-May-15,1555.50,1594.88,1549.50,1575.00,7949857
11-May-15,1557.50,1598.00,1556.00,1572.00,7494976
8-May-15,1536.50,1566.75,1522.50,1560.50,8358831
7-May-15,1578.00,1579.00,1530.50,1538.00,9080527
6-May-15,1607.50,1625.50,1589.62,1594.50,7190867
5-May-15,1592.00,1637.50,1580.00,1610.50,9056852
1-May-15,1581.00,1630.00,1578.30,1607.50,4965550
30-Apr-15,1563.00,1576.00,1540.00,1561.00,7691549
29-Apr-15,1558.00,1572.50,1546.00,1564.00,7223160
28-Apr-15,1560.00,1604.00,1543.50,1589.50,8618534
27-Apr-15,1575.50,1586.50,1540.00,1569.00,5642425
24-Apr-15,1550.00,1585.50,1542.50,1564.00,9211150
23-Apr-15,1492.50,1531.50,1468.50,1531.50,7285910
22-Apr-15,1475.00,1486.00,1455.19,1483.00,7051913
21-Apr-15,1493.50,1493.50,1450.00,1463.00,6892385
20-Apr-15,1455.00,1484.50,1452.50,1481.50,5570360
17-Apr-15,1472.50,1489.00,1431.50,1446.00,7289746
16-Apr-15,1483.50,1499.50,1468.19,1469.50,7344476
15-Apr-15,1450.00,1491.50,1441.00,1472.00,7487872
14-Apr-15,1411.50,1461.50,1407.00,1459.50,9310743
13-Apr-15,1440.00,1455.00,1400.34,1416.00,8618749
10-Apr-15,1467.50,1467.50,1439.00,1463.50,6036621
9-Apr-15,1445.00,1467.50,1421.00,1453.00,6536026
8-Apr-15,1481.00,1508.00,1465.44,1469.00,7008860
7-Apr-15,1474.00,1479.50,1443.50,1470.50,9116360
2-Apr-15,1464.00,1484.00,1426.00,1431.50,6797608
1-Apr-15,1480.00,1485.44,1444.12,1470.00,7788869
31-Mar-15,1524.00,1542.50,1472.00,1473.50,8746472
30-Mar-15,1519.00,1522.00,1488.00,1512.00,6439292
27-Mar-15,1538.00,1541.00,1490.00,1507.50,6722356
26-Mar-15,1584.00,1598.99,1533.00,1542.50,9354261
25-Mar-15,1584.00,1594.50,1574.50,1585.00,5803171
24-Mar-15,1579.00,1611.00,1577.50,1591.00,8012421
23-Mar-15,1540.00,1591.50,1481.85,1591.00,8695937
20-Mar-15,1488.50,1539.00,1467.00,1539.00,11818189
19-Mar-15,1472.00,1507.00,1472.00,1485.50,8566811
18-Mar-15,1460.00,1485.50,1449.87,1458.00,7832755
17-Mar-15,1426.50,1469.50,1425.00,1463.00,8433872
16-Mar-15,1397.50,1418.00,1393.25,1416.00,7429933
13-Mar-15,1436.50,1439.00,1384.50,1389.50,8332297
12-Mar-15,1473.00,1473.50,1411.89,1435.50,7137987
11-Mar-15,1467.00,1479.81,1450.00,1472.00,6048067
10-Mar-15,1534.50,1534.50,1471.00,1471.00,8251142
9-Mar-15,1539.50,1551.48,1527.50,1543.50,5206976
6-Mar-15,1568.50,1584.55,1544.50,1550.50,6030773
5-Mar-15,1581.00,1594.00,1555.22,1577.00,6750136
4-Mar-15,1592.50,1605.00,1566.52,1573.50,7200673
3-Mar-15,1590.50,1614.94,1570.50,1598.50,6978156
2-Mar-15,1630.00,1643.38,1584.50,1595.50,7784972
27-Feb-15,1612.00,1628.00,1601.50,1616.50,6468498
26-Feb-15,1645.50,1670.50,1610.50,1615.50,8159895
25-Feb-15,1635.00,1659.50,1627.50,1640.00,6253144
24-Feb-15,1600.00,1661.00,1591.50,1643.50,12272310
23-Feb-15,1573.00,1573.00,1536.00,1547.00,5404781
20-Feb-15,1573.50,1593.50,1564.00,1581.00,6605169
19-Feb-15,1570.50,1581.00,1551.00,1572.00,5969775
18-Feb-15,1597.00,1609.50,1551.00,1587.50,7383646
17-Feb-15,1578.50,1641.00,1575.00,1587.50,9519878
16-Feb-15,1560.50,1594.84,1554.19,1589.00,4616136
13-Feb-15,1522.50,1571.00,1493.58,1569.00,8049493
12-Feb-15,1479.00,1509.00,1472.00,1494.50,7604233
11-Feb-15,1489.00,1491.69,1453.75,1473.50,5598471
10-Feb-15,1545.00,1545.00,1484.64,1495.00,9112560
9-Feb-15,1502.00,1547.50,1496.50,1542.50,7149808
6-Feb-15,1530.50,1545.00,1503.21,1505.00,5762063
5-Feb-15,1510.00,1540.14,1481.82,1538.00,10354322
4-Feb-15,1565.00,1588.50,1515.00,1527.00,10750095
3-Feb-15,1520.00,1564.00,1519.00,1558.50,11631966
2-Feb-15,1457.50,1485.00,1452.50,1484.00,8083368
30-Jan-15,1425.00,1460.50,1420.45,1443.00,8730038
29-Jan-15,1418.00,1429.50,1404.00,1413.50,6495029
28-Jan-15,1432.00,1439.46,1398.50,1422.50,5775258
27-Jan-15,1435.00,1449.38,1400.50,1417.50,6733304
26-Jan-15,1400.00,1431.50,1375.40,1431.50,7527998
23-Jan-15,1458.00,1460.50,1419.50,1425.00,9299884
22-Jan-15,1430.00,1483.00,1426.00,1452.00,10173510
21-Jan-15,1392.50,1428.94,1383.00,1427.00,7082154
20-Jan-15,1378.00,1404.50,1354.00,1392.50,7028312
19-Jan-15,1391.00,1396.20,1358.00,1368.00,5587466
16-Jan-15,1342.50,1394.50,1328.50,1388.00,9122932
15-Jan-15,1318.50,1364.00,1278.00,1348.00,15597453
14-Jan-15,1315.00,1348.65,1247.50,1285.00,13539733
13-Jan-15,1340.00,1377.50,1332.84,1357.00,5251047
12-Jan-15,1377.50,1378.50,1333.50,1355.99,5160387
9-Jan-15,1393.00,1393.00,1366.00,1376.00,6051591
8-Jan-15,1357.50,1390.00,1344.00,1387.50,6871844
7-Jan-15,1333.00,1356.50,1312.50,1341.50,6001243
6-Jan-15,1322.50,1346.50,1296.00,1324.50,6887699
5-Jan-15,1375.00,1394.50,1312.80,1316.50,7301935
31-Dec-14,1385.00,1398.50,1375.00,1388.50,837573
30-Dec-14,1397.50,1404.50,1381.00,1390.00,3663732
29-Dec-14,1415.00,1423.50,1340.08,1407.00,4321124
24-Dec-14,1380.50,1382.50,1362.00,1369.00,990775
23-Dec-14,1362.50,1385.00,1341.17,1382.50,4107619
22-Dec-14,1396.00,1409.50,1363.50,1368.00,6335663
19-Dec-14,1347.50,1384.00,1337.50,1377.50,11659911
18-Dec-14,1350.00,1354.00,1318.50,1330.00,10677623
17-Dec-14,1300.00,1337.50,1283.00,1327.50,10383671
16-Dec-14,1274.50,1318.00,1250.16,1318.00,11634876
15-Dec-14,1318.50,1351.50,1275.50,1276.00,9656251
12-Dec-14,1350.00,1351.00,1323.00,1325.00,8624895
11-Dec-14,1385.00,1406.50,1342.50,1361.00,8066156
10-Dec-14,1422.50,1424.00,1384.00,1386.50,5593965
9-Dec-14,1417.00,1441.00,1381.25,1413.50,9494456
8-Dec-14,1458.50,1464.40,1430.50,1437.00,6317606
5-Dec-14,1501.50,1503.50,1460.81,1474.00,6711513
4-Dec-14,1522.00,1529.00,1490.00,1500.00,6779234
3-Dec-14,1510.50,1527.50,1497.50,1518.50,5070259
2-Dec-14,1503.50,1541.50,1500.50,1516.00,7296726
1-Dec-14,1431.00,1500.50,1418.00,1484.00,11017777
28-Nov-14,1540.50,1543.61,1509.00,1517.00,11515518
27-Nov-14,1599.00,1622.00,1558.00,1567.00,7467960
26-Nov-14,1611.00,1627.00,1593.50,1605.50,5486084
25-Nov-14,1603.50,1614.77,1582.00,1593.50,8331709
24-Nov-14,1655.00,1655.50,1615.00,1621.00,8124912
21-Nov-14,1589.00,1735.68,1578.90,1662.00,15146563
20-Nov-14,1600.00,1603.26,1567.50,1582.50,9244193
19-Nov-14,1643.00,1651.27,1618.00,1625.00,6487822
18-Nov-14,1658.00,1678.95,1648.50,1660.00,4809818
17-Nov-14,1657.00,1687.50,1654.56,1668.50,4369529
14-Nov-14,1658.00,1661.50,1626.00,1658.00,5765456
13-Nov-14,1666.00,1677.10,1644.95,1663.00,3645781
12-Nov-14,1644.50,1669.50,1628.76,1663.00,5106390
11-Nov-14,1666.00,1700.13,1638.55,1655.00,5194611
10-Nov-14,1682.50,1708.50,1611.00,1672.00,6044331
7-Nov-14,1638.00,1684.50,1610.50,1676.00,8292004
6-Nov-14,1610.50,1639.50,1600.39,1628.00,5486086
5-Nov-14,1612.00,1622.00,1593.00,1619.50,5416464
4-Nov-14,1610.00,1632.00,1598.50,1610.50,5392758
3-Nov-14,1608.00,1635.00,1601.50,1610.50,4942877
31-Oct-14,1642.00,1648.70,1601.50,1610.50,9752378
30-Oct-14,1633.50,1635.00,1590.00,1615.50,9086310
29-Oct-14,1647.00,1657.50,1627.50,1630.00,5553093
28-Oct-14,1624.00,1638.00,1613.29,1631.50,7276830
27-Oct-14,1650.00,1655.50,1602.00,1611.00,6966224
24-Oct-14,1652.00,1661.00,1624.00,1627.00,6781956
23-Oct-14,1647.50,1664.00,1622.50,1658.50,6640971
22-Oct-14,1694.50,1698.50,1657.50,1664.50,7539751
21-Oct-14,1665.00,1701.50,1652.50,1689.50,6796385
20-Oct-14,1685.00,1689.50,1655.00,1659.00,6028481
17-Oct-14,1665.00,1691.00,1603.39,1682.50,7974451
16-Oct-14,1694.00,1700.00,1603.41,1658.50,14251795
15-Oct-14,1695.00,1701.00,1640.00,1648.00,10521020
14-Oct-14,1676.00,1697.50,1663.00,1686.50,9078510
13-Oct-14,1638.50,1665.50,1620.00,1660.50,7709812
10-Oct-14,1651.00,1656.00,1609.50,1613.50,9114350
9-Oct-14,1699.00,1707.00,1660.50,1665.50,8282133
8-Oct-14,1663.00,1672.98,1645.67,1657.00,7903514
7-Oct-14,1700.00,1707.00,1661.00,1668.00,10320756
6-Oct-14,1656.00,1695.50,1639.00,1675.50,7607756
3-Oct-14,1685.50,1688.50,1637.50,1650.50,7440051
2-Oct-14,1698.00,1700.00,1667.00,1667.00,8055299
1-Oct-14,1709.50,1718.50,1684.00,1689.75,7464922
30-Sep-14,1728.00,1732.00,1698.50,1715.00,7035410
29-Sep-14,1715.00,1726.00,1704.99,1720.50,4438619
26-Sep-14,1738.00,1754.00,1719.50,1732.00,5659979
25-Sep-14,1782.00,1782.00,1735.00,1746.00,8720148
24-Sep-14,1754.50,1799.50,1735.00,1797.50,10074753
23-Sep-14,1750.50,1756.50,1733.00,1741.50,9432384
22-Sep-14,1766.50,1770.00,1727.00,1733.92,7992906
19-Sep-14,1815.00,1818.50,1787.50,1793.50,10886895
18-Sep-14,1810.50,1822.00,1801.00,1816.50,5297113
17-Sep-14,1848.50,1857.00,1816.50,1817.00,5821352
16-Sep-14,1844.00,1849.00,1825.50,1836.00,3716753
15-Sep-14,1845.00,1854.00,1833.50,1842.00,4643291
12-Sep-14,1844.50,1865.00,1844.50,1848.50,3842265
11-Sep-14,1859.00,1863.50,1839.40,1849.00,4315380
10-Sep-14,1867.00,1888.58,1856.50,1862.00,4648701
9-Sep-14,1897.00,1909.00,1870.21,1872.00,6225614
8-Sep-14,1890.00,1905.50,1884.00,1891.00,3684033
5-Sep-14,1895.50,1901.00,1877.00,1896.50,5315271
4-Sep-14,1891.50,1910.00,1885.50,1905.00,6251165
3-Sep-14,1883.50,1923.00,1876.50,1891.00,5313968
2-Sep-14,1924.00,1938.00,1878.15,1920.00,4711538
1-Sep-14,1907.50,1914.35,1859.89,1904.32,3039834
29-Aug-14,1903.50,1914.50,1888.50,1907.50,4994100
28-Aug-14,1933.50,1937.43,1887.50,1891.00,8027117
27-Aug-14,1949.00,1961.50,1938.76,1945.50,3677730
26-Aug-14,1952.00,1960.27,1927.00,1943.50,5130759
22-Aug-14,1972.00,1975.50,1934.50,1944.00,5164931
21-Aug-14,1968.00,1981.00,1868.00,1971.00,5310403
20-Aug-14,1965.00,1985.85,1943.50,1979.00,7308072
19-Aug-14,2010.00,2065.89,1961.50,1965.00,14928861
18-Aug-14,2078.50,2092.52,2051.00,2067.00,3960338
15-Aug-14,2100.00,2102.53,2015.05,2050.00,8367579
14-Aug-14,2024.50,2034.50,2016.00,2025.50,4288039
13-Aug-14,2035.00,2041.50,2017.41,2039.50,4510442
12-Aug-14,2041.50,2059.26,2022.18,2034.50,2999445
11-Aug-14,2015.00,2059.26,2007.50,2044.00,4066795
8-Aug-14,1989.00,2008.50,1961.50,2006.00,4431967
7-Aug-14,2042.00,2059.00,1991.50,1993.00,5982527
6-Aug-14,2005.50,2036.50,1990.00,2035.00,5322032
5-Aug-14,2013.00,2023.50,1996.00,2013.50,4508168
4-Aug-14,2028.50,2028.50,2003.50,2013.50,4076589
1-Aug-14,2021.50,2021.50,1978.50,2011.50,6095460
31-Jul-14,2053.50,2063.42,2025.00,2029.00,4964061
30-Jul-14,2095.00,2095.00,2040.50,2048.00,4995126
29-Jul-14,2082.00,2102.00,2074.00,2096.00,5035276
28-Jul-14,2085.00,2096.50,2062.50,2075.50,3396407
25-Jul-14,2077.00,2087.50,2063.32,2081.50,3011774
24-Jul-14,2074.00,2083.50,2049.50,2083.00,5714056
23-Jul-14,2065.50,2084.50,2053.50,2066.50,6245461
22-Jul-14,2025.00,2060.00,2023.50,2054.50,4293194
21-Jul-14,2011.00,2016.00,1996.50,2013.00,2881183
18-Jul-14,2001.50,2011.00,1984.50,2011.00,4684375
17-Jul-14,2019.00,2035.48,2000.50,2009.20,4302065
16-Jul-14,2000.50,2036.95,1995.00,2034.00,5155656
15-Jul-14,1998.50,2026.00,1985.00,1992.00,5307638
14-Jul-14,1974.00,2003.00,1968.50,1993.00,3323770
11-Jul-14,1962.00,1962.00,1938.50,1961.00,3970741
10-Jul-14,1971.50,1985.50,1943.00,1951.50,4686926
9-Jul-14,1979.00,1988.40,1969.00,1980.00,3424458
8-Jul-14,1998.00,2008.50,1975.50,1975.50,4504347
7-Jul-14,1998.50,2002.50,1983.26,1995.00,3926978
4-Jul-14,1990.00,2013.00,1981.50,2011.00,3323823
3-Jul-14,1970.50,2000.00,1961.00,2000.00,6543899
2-Jul-14,1950.00,1971.00,1941.10,1959.00,4781189
1-Jul-14,1901.00,1944.50,1843.54,1944.50,5875464
30-Jun-14,1893.00,1904.83,1884.50,1889.31,4352763
27-Jun-14,1901.00,1918.00,1893.50,1913.50,3140753
26-Jun-14,1913.50,1921.50,1886.50,1900.00,3810819
25-Jun-14,1913.00,1914.50,1891.50,1900.00,3898677
24-Jun-14,1942.50,1949.00,1911.50,1921.50,3422992
23-Jun-14,1910.00,1944.00,1910.00,1938.00,6201519
20-Jun-14,1884.00,1905.00,1880.50,1901.50,8063674
19-Jun-14,1904.00,1917.50,1893.00,1893.00,5956425
18-Jun-14,1859.00,1879.00,1851.30,1874.50,4443452
17-Jun-14,1860.00,1872.17,1831.00,1852.50,6311655
16-Jun-14,1851.00,1884.18,1848.00,1865.00,4288668
13-Jun-14,1852.50,1877.00,1833.50,1850.00,4735206
12-Jun-14,1877.00,1889.98,1850.50,1868.00,5304645
11-Jun-14,1881.50,1895.50,1873.50,1892.50,3784099
10-Jun-14,1895.50,1899.00,1878.50,1887.50,3482891
9-Jun-14,1896.00,1918.00,1896.00,1904.00,2804411
6-Jun-14,1886.50,1895.00,1870.34,1892.00,3408173
5-Jun-14,1875.50,1889.00,1862.50,1876.00,3938032
4-Jun-14,1877.50,1899.00,1866.42,1883.00,4478359
3-Jun-14,1869.50,1879.92,1853.50,1876.00,4072196
2-Jun-14,1882.50,1893.50,1872.05,1887.00,3808557
30-May-14,1926.00,1926.00,1860.50,1868.00,7834796
29-May-14,1923.00,1941.50,1919.50,1940.40,2250317
28-May-14,1943.00,1956.50,1915.50,1922.00,4079638
27-May-14,1954.50,1955.00,1936.00,1947.40,3500870
23-May-14,1935.50,1951.37,1921.50,1947.40,2308632
22-May-14,1930.00,1944.50,1923.00,1935.50,3324498
21-May-14,1903.50,1916.60,1892.00,1915.60,3042818
20-May-14,1939.50,1947.00,1909.00,1916.00,3592462
19-May-14,1940.00,1952.00,1923.50,1941.81,3711982
16-May-14,1980.00,1984.50,1937.00,1953.10,5438015
15-May-14,1993.00,2017.50,1973.00,1982.00,4987244
14-May-14,1971.00,2001.50,1962.50,1995.10,4835052
13-May-14,1959.00,1989.50,1953.00,1965.00,6078217
12-May-14,1922.00,1955.19,1917.88,1948.10,7105515
9-May-14,1920.00,1923.00,1895.50,1897.00,3402088
8-May-14,1919.00,1924.00,1910.00,1913.00,2900574
7-May-14,1898.00,1917.10,1881.00,1917.00,3794705
6-May-14,1921.00,1924.50,1890.00,1912.10,4726933
2-May-14,1889.00,1939.54,1881.50,1931.19,5343243
1-May-14,1904.00,1917.00,1888.50,1896.00,2028601
30-Apr-14,1907.50,1929.00,1900.50,1919.10,4564486
29-Apr-14,1905.00,1919.50,1883.00,1918.69,3927189
28-Apr-14,1915.00,1924.13,1892.50,1902.60,4072148
25-Apr-14,1921.00,1940.44,1913.50,1924.10,3012920
24-Apr-14,1924.50,1942.00,1919.50,1928.81,3291947
23-Apr-14,1919.50,1927.24,1907.50,1920.00,2343060
22-Apr-14,1910.50,1928.50,1901.00,1918.69,3591583
17-Apr-14,1914.50,1919.00,1880.00,1913.00,4103002
16-Apr-14,1929.50,1935.50,1892.50,1909.50,3681132
15-Apr-14,1934.50,1942.00,1892.02,1899.00,5283910
14-Apr-14,1907.50,1938.19,1892.11,1938.19,4241840
11-Apr-14,1919.00,1930.91,1894.50,1909.50,5156782
10-Apr-14,1942.50,1957.65,1915.76,1931.00,5202003
9-Apr-14,1943.50,1964.00,1933.00,1942.50,5078813
8-Apr-14,1932.00,1951.82,1909.50,1940.00,6904088
7-Apr-14,1943.00,1952.39,1915.15,1928.00,4406007
4-Apr-14,1925.50,1966.00,1914.89,1961.00,5616863
3-Apr-14,1900.00,1932.50,1899.00,1926.75,6825862
2-Apr-14,1888.50,1926.00,1885.25,1916.81,6387552
1-Apr-14,1876.00,1896.50,1867.96,1888.59,8602264
31-Mar-14,1865.00,1875.42,1837.00,1843.91,6946675
28-Mar-14,1845.50,1870.38,1832.57,1852.00,5046956
27-Mar-14,1823.00,1835.50,1813.62,1832.50,4854696
26-Mar-14,1850.50,1863.00,1826.00,1830.82,6252053
25-Mar-14,1815.00,1845.50,1815.00,1843.50,6603656
24-Mar-14,1818.00,1821.50,1791.50,1802.00,4469539
21-Mar-14,1799.00,1823.00,1799.00,1809.59,7266630
20-Mar-14,1774.00,1797.50,1764.00,1793.00,7252739
19-Mar-14,1819.00,1827.50,1777.00,1778.41,6328771
18-Mar-14,1813.00,1832.00,1793.00,1816.00,4524926
17-Mar-14,1790.50,1826.00,1788.70,1808.50,5571323
14-Mar-14,1776.00,1797.00,1770.00,1786.50,5602005
13-Mar-14,1817.50,1822.00,1788.00,1789.82,7300791
12-Mar-14,1800.00,1802.00,1777.00,1793.00,9127614
11-Mar-14,1830.00,1839.00,1806.00,1811.82,7263382
10-Mar-14,1815.00,1833.00,1802.50,1822.00,9599495
7-Mar-14,1881.00,1891.50,1838.00,1848.50,8043915
6-Mar-14,1887.50,1904.50,1875.50,1888.00,4254890
5-Mar-14,1892.50,1904.00,1874.00,1883.00,4901939
4-Mar-14,1917.50,1935.00,1904.50,1924.19,7317987
3-Mar-14,1892.00,1908.00,1880.50,1904.81,6007630
28-Feb-14,1921.50,1928.50,1910.00,1928.50,6272602
27-Feb-14,1909.50,1929.00,1897.00,1926.00,5987738
26-Feb-14,1923.50,1939.50,1909.50,1917.00,5170486
25-Feb-14,1946.00,1947.50,1912.50,1928.50,10910893
24-Feb-14,1958.00,1970.00,1942.50,1960.20,7441984
21-Feb-14,1985.00,1989.00,1956.00,1970.00,8580558
20-Feb-14,1925.00,1979.00,1925.00,1953.50,10752345
19-Feb-14,1944.50,1972.00,1937.50,1965.00,6685674
18-Feb-14,1948.00,1955.50,1912.50,1949.00,8725134
17-Feb-14,1899.00,1917.00,1890.50,1912.00,5475439
14-Feb-14,1874.00,1906.50,1868.00,1888.50,8005016
13-Feb-14,1866.50,1880.00,1826.00,1871.00,8306140
12-Feb-14,1864.00,1881.00,1857.00,1862.50,6484532
11-Feb-14,1828.00,1852.50,1818.00,1849.00,7050133
10-Feb-14,1814.00,1828.00,1807.00,1815.00,5297791
7-Feb-14,1793.50,1809.00,1775.50,1805.18,6762086
6-Feb-14,1767.00,1789.50,1748.50,1782.50,6819943
5-Feb-14,1758.00,1766.50,1740.00,1759.00,6041364
4-Feb-14,1762.00,1775.50,1742.50,1766.00,7023351
3-Feb-14,1794.00,1815.00,1767.50,1774.50,5162621
31-Jan-14,1803.00,1810.50,1770.50,1795.50,7108505
30-Jan-14,1795.50,1814.00,1782.50,1811.00,6067417
29-Jan-14,1823.50,1841.00,1765.00,1803.50,8862469
28-Jan-14,1798.00,1816.00,1790.50,1802.00,7054133
27-Jan-14,1786.00,1815.00,1771.50,1780.00,7767929
24-Jan-14,1822.00,1822.00,1783.50,1791.50,7544838
23-Jan-14,1814.00,1848.00,1809.00,1824.50,6473594
22-Jan-14,1860.00,1874.00,1824.50,1834.00,6367891
21-Jan-14,1881.50,1886.50,1845.50,1854.50,7011425
20-Jan-14,1875.00,1899.50,1872.00,1886.50,4229793
17-Jan-14,1869.00,1890.00,1869.00,1890.00,10518167
16-Jan-14,1830.00,1866.00,1819.00,1860.00,13782224
15-Jan-14,1775.00,1794.00,1765.50,1791.50,5790898
14-Jan-14,1781.50,1790.00,1767.50,1781.50,3967324
13-Jan-14,1792.50,1801.50,1776.50,1800.00,5883058
10-Jan-14,1783.00,1806.50,1766.50,1780.50,6956836
9-Jan-14,1810.00,1816.00,1768.00,1772.00,6382029
8-Jan-14,1822.00,1836.00,1806.50,1811.00,5120966
7-Jan-14,1828.50,1848.00,1814.50,1828.50,3939774
6-Jan-14,1850.00,1862.00,1824.50,1828.50,4338235
3-Jan-14,1853.00,1861.50,1842.50,1857.50,3092971
2-Jan-14,1877.00,1877.00,1835.00,1852.19,4603037
31-Dec-13,1861.50,1871.00,1857.50,1869.00,680729
30-Dec-13,1870.00,1882.50,1852.50,1865.50,2853885
27-Dec-13,1845.00,1869.00,1825.00,1868.00,2797003
24-Dec-13,1841.50,1849.00,1829.00,1834.00,509607
23-Dec-13,1818.00,1834.50,1810.50,1833.00,3126793
20-Dec-13,1811.00,1824.50,1782.50,1805.50,13751998
19-Dec-13,1809.50,1813.50,1785.50,1801.50,5629205
18-Dec-13,1792.50,1808.00,1784.00,1789.00,5083869
17-Dec-13,1778.00,1799.00,1766.00,1784.50,4886816
16-Dec-13,1750.50,1799.50,1715.00,1793.00,5288500
13-Dec-13,1757.00,1768.00,1743.50,1757.50,4786780
12-Dec-13,1756.00,1784.50,1737.50,1754.50,7444063
11-Dec-13,1799.00,1823.50,1777.50,1785.00,5652587
10-Dec-13,1831.00,1835.50,1807.50,1807.50,6115687
9-Dec-13,1851.00,1851.50,1815.00,1844.00,6100748
6-Dec-13,1820.50,1862.00,1814.50,1845.18,6406568
5-Dec-13,1815.50,1834.00,1806.00,1815.50,5077877
4-Dec-13,1813.50,1837.00,1803.00,1818.50,6017651
3-Dec-13,1805.00,1818.00,1773.50,1801.50,7068299
2-Dec-13,1845.50,1858.00,1819.00,1822.00,5207323
29-Nov-13,1864.00,1883.00,1859.00,1872.42,5425572
28-Nov-13,1844.00,1885.00,1835.50,1875.50,4219244
27-Nov-13,1837.50,1868.50,1830.00,1844.00,4756257
26-Nov-13,1878.00,1883.50,1832.00,1841.00,5876493
25-Nov-13,1880.00,1889.00,1864.50,1875.00,2462711
22-Nov-13,1912.00,1912.50,1860.00,1876.00,5288692
21-Nov-13,1924.00,1924.00,1902.50,1909.50,3790538
20-Nov-13,1912.00,1950.50,1911.50,1936.00,3577149
19-Nov-13,1933.00,1935.50,1912.00,1928.00,3116654
18-Nov-13,1940.00,1946.00,1926.50,1940.50,2782117
15-Nov-13,1920.00,1944.00,1914.50,1932.00,4555287
14-Nov-13,1929.00,1934.00,1892.00,1913.50,4401381
13-Nov-13,1928.00,1935.00,1881.00,1904.00,7143319
12-Nov-13,1952.00,1956.50,1931.50,1940.50,3962311
11-Nov-13,1960.00,1963.00,1940.00,1956.00,3227446
8-Nov-13,1951.00,1973.50,1939.50,1970.00,4180402
7-Nov-13,1978.00,2005.50,1959.00,1968.50,5851512
6-Nov-13,1984.00,2000.00,1972.50,1983.00,4868481
5-Nov-13,1957.00,1996.00,1957.00,1970.00,5991226
4-Nov-13,1927.00,1954.50,1927.00,1949.50,3865728
1-Nov-13,1930.50,1945.50,1909.00,1919.00,5451235
31-Oct-13,1949.50,1957.50,1924.50,1930.50,5594189
30-Oct-13,1955.00,1970.50,1944.00,1952.00,3227507
29-Oct-13,1940.00,1958.00,1918.00,1949.00,3599281
28-Oct-13,1966.50,1970.50,1934.00,1944.50,3488664
25-Oct-13,1936.00,1959.00,1932.00,1953.00,3193887
24-Oct-13,1927.50,1955.00,1922.50,1950.00,4432153
23-Oct-13,1949.50,-,1911.50,1922.50,5557370
22-Oct-13,1908.00,1964.50,1904.00,1950.50,9315617
21-Oct-13,1870.00,1885.00,1867.50,1873.50,3871320
18-Oct-13,1850.00,1872.00,1848.00,1861.50,4419373
17-Oct-13,1842.50,1853.00,1829.50,1861.21,3669053
16-Oct-13,1835.50,1858.50,1817.00,1850.00,5097166
15-Oct-13,1831.00,1859.00,1830.50,1842.50,5594198
14-Oct-13,1815.00,1826.00,1799.00,1816.50,2564378
11-Oct-13,1806.50,1817.50,1793.00,1815.00,3715485
10-Oct-13,1778.50,1801.50,1765.00,1791.50,4530945
9-Oct-13,1775.00,1786.50,1760.00,1771.50,5199876
8-Oct-13,1793.00,1798.00,1762.50,1768.50,4774333
7-Oct-13,1797.50,1803.50,1777.00,1802.00,3861377
4-Oct-13,1800.00,1808.50,1781.50,1804.50,3628514
3-Oct-13,1823.50,1841.50,1796.00,1802.00,3532399
2-Oct-13,1800.00,1832.50,1777.00,1826.00,4670273
1-Oct-13,1817.50,1831.00,1787.50,1805.00,4576476
30-Sep-13,1816.00,1831.00,1806.50,1820.00,4073776
27-Sep-13,1883.00,1883.00,1833.00,1841.00,4273191
26-Sep-13,1868.00,1893.00,1863.00,1883.00,2895208
25-Sep-13,1860.00,1888.00,1854.00,1865.00,4409219
24-Sep-13,1876.00,1878.00,1852.00,1860.00,3986830
20-Sep-13,1911.50,1911.50,1875.00,1875.50,7273976
19-Sep-13,1928.00,1949.00,1906.00,1908.00,6715760
18-Sep-13,1900.00,1903.50,1876.50,1894.34,4207540
17-Sep-13,1905.50,1908.00,1887.50,1895.00,4997413
16-Sep-13,1910.50,1924.00,1905.50,1905.50,3788851
13-Sep-13,1916.50,1917.50,1871.50,1885.00,5701389
12-Sep-13,1937.00,1946.50,1912.00,1923.00,6335144
11-Sep-13,1947.50,1948.00,1920.50,1932.50,4107572
10-Sep-13,1932.00,1952.00,1932.00,1939.00,5378139
9-Sep-13,1927.00,1940.50,1899.50,1907.00,5726844
6-Sep-13,1899.00,1929.00,1889.50,1921.00,4282082
5-Sep-13,1903.50,1913.50,1885.50,1912.50,3702144
4-Sep-13,1902.00,1906.00,1882.00,1902.50,3107893
3-Sep-13,1932.50,1953.50,1913.00,1936.00,4679673
2-Sep-13,1917.00,1947.00,1907.50,1921.00,4670610
30-Aug-13,1888.50,1895.50,1873.00,1878.00,4869903
29-Aug-13,1881.50,1896.00,1870.00,1880.50,4220226
28-Aug-13,1860.00,1882.00,1854.00,1877.00,5303575
27-Aug-13,1895.50,1895.50,1869.50,1883.00,5942609
23-Aug-13,1897.00,1922.50,1886.00,1909.50,4193163
22-Aug-13,1879.50,1922.50,1879.00,1908.50,5085410
21-Aug-13,1894.00,1908.50,1866.50,1878.85,6286059
20-Aug-13,1920.00,1935.50,1886.50,1923.50,7200503
19-Aug-13,1978.00,1980.00,1943.50,1956.00,4475116
16-Aug-13,1970.00,1993.50,1964.00,1987.50,5679083
15-Aug-13,1999.00,2007.00,1952.00,1975.50,5702885
14-Aug-13,1985.00,2013.00,1963.00,1994.50,5621436
13-Aug-13,1985.50,2004.50,1971.00,1990.00,7497044
12-Aug-13,1979.50,1996.00,1940.00,1983.50,6905601
9-Aug-13,1911.50,1974.00,1903.00,1963.50,6610679
8-Aug-13,1851.00,1901.50,1849.00,1899.00,5537599
7-Aug-13,1862.00,1866.00,1835.00,1844.50,5113211
6-Aug-13,1898.00,1898.00,1859.00,1875.00,5184652
5-Aug-13,1894.00,1911.00,1884.00,1901.50,3180943
2-Aug-13,1911.50,1914.50,1885.50,1894.50,5317816
1-Aug-13,1884.50,1920.00,1883.00,1920.00,4729809
31-Jul-13,1882.50,1902.50,1865.50,1879.00,3984665
30-Jul-13,1890.00,1896.00,1877.50,1880.00,3711045
29-Jul-13,1877.00,1900.50,1876.00,1892.50,3211869
26-Jul-13,1887.00,1903.50,1871.50,1878.00,3405611
25-Jul-13,1889.00,1891.50,1850.50,1878.00,5553202
24-Jul-13,1909.00,1943.50,1891.50,1907.00,5570614
23-Jul-13,1893.00,1929.50,1889.00,1913.00,7217694
22-Jul-13,1867.00,1884.00,1856.50,1876.00,3871353
19-Jul-13,1854.82,1892.00,1837.00,1871.30,7086547
18-Jul-13,1852.00,1892.00,1849.50,1881.00,4518328
17-Jul-13,1850.00,1928.50,1845.50,1868.00,7143747
16-Jul-13,1813.50,1851.00,1813.00,1832.00,6257148
15-Jul-13,1797.50,1829.50,1796.00,1807.50,4130238
12-Jul-13,1800.00,1816.00,1782.82,1800.00,5472337
11-Jul-13,1790.00,1809.00,1780.00,1800.00,9235984
10-Jul-13,1726.50,1736.50,1704.00,1721.50,4533578
9-Jul-13,1723.50,1753.00,1719.00,1744.00,5635070
8-Jul-13,1675.00,1701.00,1664.00,1689.00,3867348
5-Jul-13,1733.00,1742.00,1660.50,1666.50,7109392
4-Jul-13,1678.50,1745.50,1678.50,1729.50,5141295
3-Jul-13,1678.50,1688.00,1644.00,1670.50,6364291
2-Jul-13,1726.50,1742.00,1704.50,1711.00,5568832
1-Jul-13,1690.50,1720.00,1668.50,1714.50,5719181
28-Jun-13,1705.00,1720.50,1669.50,1682.00,7288439
27-Jun-13,1682.00,1711.00,1667.00,1694.50,5997331
26-Jun-13,1699.00,1702.50,1667.50,1673.00,6828440
25-Jun-13,1693.00,1703.88,1674.00,1689.50,5869589
24-Jun-13,1693.00,1701.50,1671.00,1674.00,8095750
21-Jun-13,1736.00,1771.00,1703.50,1704.50,11489789
20-Jun-13,1749.00,1760.00,1716.50,1732.50,9712307
19-Jun-13,1824.50,1837.50,1797.00,1812.00,5543016
18-Jun-13,1792.00,1830.50,1783.25,1820.50,6291248
17-Jun-13,1812.50,1828.59,1798.79,1815.50,4846323
14-Jun-13,1808.00,1833.50,1799.00,1818.50,6465219
13-Jun-13,1724.00,1801.00,1717.50,1793.00,8489526
12-Jun-13,1768.50,1798.56,1757.00,1762.00,6366473
11-Jun-13,1780.00,1780.81,1735.00,1778.50,10798278
10-Jun-13,1821.50,1829.50,1790.00,1807.00,7317258
7-Jun-13,1807.45,1835.00,1792.00,1832.50,7401165
6-Jun-13,1845.50,1852.00,1815.00,1821.00,6850156
5-Jun-13,1873.50,1885.50,1827.50,1843.00,7934451
4-Jun-13,1921.00,1924.50,1889.00,1910.00,4279527
3-Jun-13,1909.00,1932.00,1888.50,1903.00,5791324
31-May-13,1947.00,1955.50,1914.94,1915.50,7731440
30-May-13,1923.50,1955.50,1914.50,1944.00,5999123
29-May-13,1935.00,1956.59,1916.50,1930.00,6023955
28-May-13,1914.00,1946.50,1913.00,1938.50,5682803
24-May-13,1941.50,1945.50,1910.50,1923.00,4337625
23-May-13,1921.00,1954.00,1919.00,1942.50,7258909
22-May-13,1990.50,2032.50,1971.00,2001.00,6713204
21-May-13,1932.00,1982.50,1921.50,1982.00,6729767
20-May-13,1921.00,1931.00,1903.00,1923.46,3730709
17-May-13,1916.50,1948.00,1906.25,1928.50,4758546
16-May-13,1895.00,1913.50,1886.50,1911.50,4959707
15-May-13,1901.00,1918.00,1891.00,1905.00,7370385
14-May-13,1921.50,1923.25,1877.50,1920.00,7194151
13-May-13,1915.00,1925.50,1897.50,1911.50,2823750
10-May-13,1934.50,1951.50,1905.00,1917.50,4813454
9-May-13,1912.00,1947.00,1903.50,1927.50,5887528
8-May-13,1907.00,1929.84,1890.00,1908.50,5348167
7-May-13,1873.50,1893.00,1859.00,1883.00,8074709
3-May-13,1789.00,1862.50,1782.50,1847.50,7758665
2-May-13,1769.00,1786.00,1750.50,1782.00,7038632
1-May-13,1805.50,1816.78,1779.00,1790.00,2528913
30-Apr-13,1831.00,1844.00,1778.50,1791.00,8327888
29-Apr-13,1823.00,1838.00,1802.50,1832.00,4473887
26-Apr-13,1834.00,1839.00,1802.00,1815.50,5027528
25-Apr-13,1825.50,1855.00,1805.00,1842.50,5957467
24-Apr-13,1790.50,1885.00,1783.45,1790.50,6562425
23-Apr-13,1755.50,1783.65,1745.00,1780.00,6970175
22-Apr-13,1790.00,1797.50,1750.22,1762.50,5232087
19-Apr-13,1790.50,1809.50,1769.50,1782.50,6456825
18-Apr-13,1767.00,1788.00,1754.50,1771.50,5984367
17-Apr-13,1840.50,1848.50,1761.50,1779.00,7799327
16-Apr-13,1832.50,1868.00,1799.35,1841.50,6077284
15-Apr-13,1886.00,1888.62,1812.50,1824.50,7648167
12-Apr-13,1922.00,1946.00,1883.00,1892.50,6299882
11-Apr-13,1950.00,1953.32,1926.00,1933.00,4691779
10-Apr-13,1953.00,1963.09,1944.00,1951.00,4977931
9-Apr-13,1906.50,1947.50,1896.50,1944.00,7089474
8-Apr-13,1889.50,1907.00,1862.00,1878.00,5127534
5-Apr-13,1898.00,1911.00,1854.21,1879.50,4668011
4-Apr-13,1890.50,1932.51,1884.50,1897.00,5443850
3-Apr-13,1924.00,1924.00,1891.00,1900.00,5658353
2-Apr-13,1907.00,1949.00,1902.50,1939.50,4775019
28-Mar-13,1944.00,1945.44,1913.50,1915.00,5550713
27-Mar-13,1950.50,1965.00,1931.00,1941.50,4337584
26-Mar-13,1928.00,1945.56,1917.00,1938.50,4346902
25-Mar-13,1950.00,1956.00,1910.70,1924.00,5000236
22-Mar-13,1952.50,1966.00,1934.50,1936.00,4384002
21-Mar-13,1967.00,1968.00,1935.00,1961.00,5805096
20-Mar-13,1993.00,2000.50,1951.00,1961.50,6649050
19-Mar-13,2015.50,2035.00,1965.00,1981.50,9073898
18-Mar-13,2027.00,2061.00,2016.50,2054.00,3164456
15-Mar-13,2103.00,2109.00,2058.50,2065.00,8216355
14-Mar-13,2112.00,2112.00,2077.50,2093.00,5201406
13-Mar-13,2126.00,2126.00,2089.32,2107.00,4580910
12-Mar-13,2115.00,2148.18,2111.50,2135.00,4052871
11-Mar-13,2098.50,2127.00,2092.50,2126.00,4153974
8-Mar-13,2105.00,2113.00,2069.50,2097.00,4390489
7-Mar-13,2082.00,2111.50,2081.50,2093.00,4708681
6-Mar-13,2085.00,2093.50,2072.50,2077.50,4785993
5-Mar-13,2050.00,2113.00,2010.00,2107.50,7479481
4-Mar-13,2043.50,2059.00,2007.50,2037.00,6210499
1-Mar-13,2085.00,2085.00,2048.50,2080.00,6725848
28-Feb-13,2119.00,2119.50,2072.00,2089.00,6765685
27-Feb-13,2099.50,2106.00,2060.50,2095.50,5122594
26-Feb-13,2070.50,2098.00,2060.00,2083.00,6259767
25-Feb-13,2120.00,2140.00,2112.50,2123.50,5038601
22-Feb-13,2113.00,2131.50,2090.00,2094.00,4571288
21-Feb-13,2130.00,2159.50,2095.00,2097.00,8062542
20-Feb-13,2220.00,2220.00,2166.00,2183.50,7161502
19-Feb-13,2231.50,2251.50,2214.50,2236.00,4867396
18-Feb-13,2236.00,2238.00,2209.00,2219.50,1993114
15-Feb-13,2213.50,2248.00,2213.00,2230.00,3889066
14-Feb-13,2219.00,2232.14,2191.00,2225.00,5696408
13-Feb-13,2161.00,2212.00,2154.00,2193.00,4655660
12-Feb-13,2151.00,2153.00,2129.00,2151.00,3934911
11-Feb-13,2153.00,2165.56,2145.00,2159.50,1870552
8-Feb-13,2160.50,2175.50,2151.50,2156.00,2900530
7-Feb-13,2165.00,2187.50,2148.00,2155.00,3498918
6-Feb-13,2171.50,2191.50,2156.00,2184.00,3587442
5-Feb-13,2159.50,2177.56,2156.00,2163.00,3582345
4-Feb-13,2212.00,2213.39,2162.50,2168.00,3790272
1-Feb-13,2162.50,2218.00,2162.50,2214.50,4216379
31-Jan-13,2138.00,2178.00,2131.50,2157.00,5411209
30-Jan-13,2165.00,2165.00,2135.50,2149.00,3178499
29-Jan-13,2111.50,2154.00,2102.00,2151.00,3390601
28-Jan-13,2099.00,2116.50,2095.00,2111.50,2731564
25-Jan-13,2124.00,2124.00,2092.50,2104.00,4279626
24-Jan-13,2106.00,2143.50,2100.00,2138.50,4143483
23-Jan-13,2090.00,2122.00,2090.00,2110.00,5294738
22-Jan-13,2088.50,2093.00,2058.50,2081.00,3974179
21-Jan-13,2064.00,2084.00,2056.88,2081.00,2764215
18-Jan-13,2077.00,2086.50,2051.50,2051.50,6463363
17-Jan-13,2064.50,2074.50,2048.00,2061.50,7345869
16-Jan-13,2060.50,2080.00,2043.08,2076.50,5391529
15-Jan-13,2065.00,2098.00,2062.50,2071.50,4029851
14-Jan-13,2079.50,2095.50,2069.00,2074.50,3493619
11-Jan-13,2090.00,2095.50,2064.50,2075.00,6937040
10-Jan-13,2151.00,2167.25,2124.00,2132.00,5637631
9-Jan-13,2152.50,2177.00,2140.50,2155.50,3920076
8-Jan-13,2156.00,2165.50,2141.00,2149.00,4106097
7-Jan-13,2176.50,2189.50,2161.50,2169.00,3912920
4-Jan-13,2192.50,2194.00,2166.50,2182.50,4068496
3-Jan-13,2202.00,2207.50,2174.50,2199.50,4248039
2-Jan-13,2167.00,2225.62,2167.00,2208.50,4310319
31-Dec-12,2135.00,2148.50,2120.50,2129.50,1040479
28-Dec-12,2163.50,2177.50,2142.50,2144.50,2117869
27-Dec-12,2137.00,2181.85,2137.00,2156.50,1977751
24-Dec-12,2133.50,2149.50,2127.00,2138.50,800060
21-Dec-12,2130.00,2141.00,2115.00,2136.50,7171962
20-Dec-12,2138.00,2164.50,2138.00,2149.00,4053328
19-Dec-12,2156.00,2179.50,2142.50,2145.50,4599046
18-Dec-12,2130.00,2166.50,2121.50,2150.50,6156013
17-Dec-12,2100.00,2124.50,2091.39,2124.50,4721053
14-Dec-12,2075.00,2097.00,2060.00,2095.00,4783959
13-Dec-12,2080.00,2080.00,2049.00,2072.00,4067785
12-Dec-12,2062.00,2071.50,2049.00,2068.00,3988835
11-Dec-12,2030.00,2069.37,2027.50,2054.50,4844712
10-Dec-12,2014.00,2024.00,1998.00,2022.00,2676417
7-Dec-12,2012.00,2028.00,2002.00,2018.50,3808189
6-Dec-12,1994.50,2023.50,1985.00,2013.50,4441186
5-Dec-12,1975.00,2003.90,1962.50,1998.00,5568721
4-Dec-12,1954.50,1970.50,1947.50,1951.50,3139601
3-Dec-12,1961.00,1985.00,1953.50,1965.50,2357108
30-Nov-12,1972.00,1984.50,1961.80,1962.00,3831565
29-Nov-12,1950.50,1985.50,1938.00,1970.50,5302530
28-Nov-12,1931.00,1937.50,1910.50,1934.00,3723851
27-Nov-12,1954.00,1972.67,1935.00,1943.50,2659250
26-Nov-12,1947.00,1956.00,1937.50,1946.50,2207462
23-Nov-12,1940.00,1961.50,1933.00,1945.50,2050083
22-Nov-12,1934.50,1949.00,1932.00,1941.00,2781515
21-Nov-12,1923.50,1934.50,1917.37,1930.00,3472723
20-Nov-12,1931.00,1951.50,1929.00,1937.00,3444637
19-Nov-12,1898.50,1946.00,1877.81,1942.00,4302655
16-Nov-12,1891.00,1904.00,1866.50,1873.00,5377906
15-Nov-12,1898.00,1913.00,1890.50,1898.00,3851008
14-Nov-12,1950.00,1954.00,1906.50,1912.50,4350047
13-Nov-12,1926.50,1954.00,1907.50,1953.50,5031872
12-Nov-12,1948.50,1965.00,1935.00,1950.50,2940959
9-Nov-12,1949.00,1962.00,1923.00,1950.50,3831176
8-Nov-12,1966.00,1983.00,1947.50,1953.00,3867341
7-Nov-12,2015.00,2020.50,1954.00,1956.50,5073439
6-Nov-12,1989.50,2008.00,1984.50,1999.00,3441547
5-Nov-12,1993.00,2008.00,1982.50,1991.50,5663393
2-Nov-12,2009.00,2049.10,2004.00,2022.00,5663217
1-Nov-12,1978.50,2014.00,1969.26,2009.00,5153241
31-Oct-12,2010.50,2023.50,1982.50,1985.50,5539017
30-Oct-12,1980.00,2016.50,1978.22,2010.00,2619755
29-Oct-12,1974.50,1993.00,1950.50,1975.00,2367767
26-Oct-12,1971.50,1991.33,1957.50,1981.50,5220447
25-Oct-12,2002.00,2024.50,1992.50,1995.00,4534315
24-Oct-12,1982.00,2008.00,1964.00,1993.00,4721627
23-Oct-12,2035.00,2035.50,1970.50,1981.50,5677733
22-Oct-12,2034.50,2046.00,2012.50,2029.50,3241122
19-Oct-12,2044.00,2053.00,2029.50,2034.00,5240896
18-Oct-12,2021.50,2056.00,1996.85,2048.00,5965975
17-Oct-12,1947.00,2019.00,1937.19,1937.19,9151902
16-Oct-12,1927.50,1953.50,1927.00,1937.19,4913300
15-Oct-12,1918.00,1945.50,1899.50,1926.50,3784800
12-Oct-12,1942.50,1961.50,1935.00,1935.00,4166383
11-Oct-12,1921.00,1960.00,1913.50,1950.50,3950313
10-Oct-12,1934.00,1956.50,1919.50,1920.50,3585539
9-Oct-12,1935.00,1955.50,1912.50,1935.50,4818566
8-Oct-12,1908.50,1926.85,1888.50,1923.00,3882962
5-Oct-12,1918.00,1956.50,1902.00,1929.50,5927790
4-Oct-12,1935.50,1940.00,1897.50,1918.73,5466355
3-Oct-12,1928.00,1956.50,1920.50,1943.00,4390115
2-Oct-12,1959.50,1985.50,1941.00,1944.50,4660988
1-Oct-12,1925.00,1985.00,1922.08,1974.50,4699219
28-Sep-12,1940.00,1957.00,1923.00,1925.00,5750650
27-Sep-12,1925.50,1937.50,1912.00,1932.00,5693076
26-Sep-12,1923.00,1933.50,1889.40,1908.00,6325567
25-Sep-12,1945.00,1959.40,1928.00,1954.00,3877426
24-Sep-12,1944.00,1958.16,1917.50,1948.50,3880099
21-Sep-12,1971.00,1986.00,1950.50,1957.00,9394456
20-Sep-12,1960.00,1966.00,1937.00,1954.50,8071514
19-Sep-12,2003.00,2026.00,1991.50,1995.50,4835151
18-Sep-12,2004.50,2009.00,1976.00,1996.50,5385598
17-Sep-12,2034.00,2053.00,2014.50,2025.50,5460938
14-Sep-12,1999.00,2062.66,1927.00,2049.00,13136883
13-Sep-12,1910.00,1938.00,1888.50,1933.50,4584235
12-Sep-12,1927.00,1947.00,1902.00,1911.00,6111856
11-Sep-12,1894.00,1921.00,1875.50,1919.00,4485595
10-Sep-12,1908.50,1937.87,1898.00,1910.00,4626189
7-Sep-12,1875.00,1914.50,1808.00,1906.00,9661379
6-Sep-12,1792.50,1849.50,1787.50,1843.00,8020197
5-Sep-12,1792.00,1805.00,1746.50,1778.50,6818865
4-Sep-12,1860.00,1863.50,1814.50,1827.00,5879576
3-Sep-12,1835.00,1880.50,1801.50,1855.00,3725476
31-Aug-12,1848.50,1867.50,1825.50,1836.00,7367667
30-Aug-12,1879.50,1889.50,1834.50,1842.00,7499651
29-Aug-12,1911.50,1923.50,1900.50,1904.00,5617155
28-Aug-12,1925.00,1937.50,1910.50,1932.50,4929644
24-Aug-12,1946.50,1947.38,1907.00,1933.00,5598523
23-Aug-12,1953.00,1977.50,1947.50,1960.50,5218051
22-Aug-12,1951.00,1959.70,1937.00,1947.00,5219339
21-Aug-12,1965.00,1994.00,1965.00,1980.00,4529208
20-Aug-12,1961.50,1970.50,1943.50,1950.50,3401759
17-Aug-12,1965.50,1971.50,1940.50,1960.50,4383281
16-Aug-12,1948.00,1971.50,1940.50,1965.00,3842808
15-Aug-12,1969.00,1971.00,1933.50,1936.50,5056683
14-Aug-12,1990.00,1997.75,1968.50,1981.50,3507872
13-Aug-12,1991.00,1992.50,1962.00,1979.50,4778295
10-Aug-12,1977.00,1997.50,1965.50,1991.50,4295754
9-Aug-12,1982.00,1994.50,1962.50,1986.00,3017528
8-Aug-12,1947.00,1978.06,1936.00,1976.00,5207777
7-Aug-12,1939.50,1961.50,1929.50,1960.00,6054149
6-Aug-12,1922.50,1947.50,1907.50,1938.00,4311176
3-Aug-12,1857.00,1928.00,1851.00,1918.00,5340890
2-Aug-12,1891.50,1912.00,1852.00,1857.50,7801033
1-Aug-12,1873.50,1898.10,1859.00,1892.50,3692315
31-Jul-12,1888.00,1897.50,1869.00,1869.00,5437603
30-Jul-12,1856.50,1890.00,1790.50,1880.00,5671535
27-Jul-12,1837.00,1855.00,1811.00,1850.00,5205746
26-Jul-12,1792.50,1832.76,1775.00,1820.00,7309816
25-Jul-12,1765.00,1805.00,1750.00,1782.00,5241226
24-Jul-12,1784.00,1807.46,1765.50,1773.00,5197380
23-Jul-12,1784.50,1790.50,1744.50,1765.50,5806626
20-Jul-12,1849.50,1861.50,1815.50,1816.50,6331100
19-Jul-12,1829.00,1852.00,1821.50,1845.00,5599954
18-Jul-12,1784.50,1824.94,1751.50,1819.00,5746490
17-Jul-12,1799.50,1811.00,1780.50,1783.00,4852669
16-Jul-12,1803.00,1804.00,1782.50,1795.00,3860077
13-Jul-12,1768.00,1809.50,1760.00,1805.50,7052332
12-Jul-12,1775.50,1791.00,1738.00,1751.00,9720209
11-Jul-12,1811.50,1821.00,1795.50,1811.00,4996106
10-Jul-12,1822.00,1863.50,1801.50,1826.00,5618382
9-Jul-12,1834.50,1844.00,1817.62,1823.00,4117268
6-Jul-12,1865.00,1880.50,1832.50,1842.50,4371743
5-Jul-12,1871.00,2000.00,1852.50,1876.50,8824261
4-Jul-12,1868.50,1886.82,1862.00,1865.50,3446868
3-Jul-12,1830.00,1878.00,1820.00,1870.00,5849356
2-Jul-12,1819.50,1845.50,1805.00,1830.00,4002526
29-Jun-12,1800.00,1840.00,1767.53,1806.00,8194503
28-Jun-12,1745.50,1747.68,1708.50,1747.50,4806248
27-Jun-12,1734.50,1744.50,1709.00,1737.00,5442724
26-Jun-12,1733.50,1748.50,1712.50,1724.00,4253095
25-Jun-12,1757.50,1776.50,1719.00,1726.00,5920154
22-Jun-12,1784.50,1794.82,1760.50,1770.00,7756296
21-Jun-12,1832.50,1860.50,1816.00,1819.00,7935946
20-Jun-12,1856.00,1899.50,1846.50,1875.50,7223059
19-Jun-12,1830.50,1877.50,1830.50,1867.75,5431836
18-Jun-12,1839.00,1848.00,1792.00,1829.00,6444322
15-Jun-12,1789.50,1815.50,1781.50,1800.00,12633217
14-Jun-12,1787.50,1790.00,1741.00,1776.50,5475221
13-Jun-12,1802.00,1806.00,1761.50,1790.00,7184374
12-Jun-12,1766.50,1838.00,1754.50,1791.50,6648973
11-Jun-12,1828.00,1893.50,1762.50,1765.00,6425943
8-Jun-12,1781.00,1787.00,1745.50,1767.00,7032898
7-Jun-12,1780.00,1843.50,1759.00,1820.00,12150380
6-Jun-12,1711.50,1779.50,1711.00,1776.00,9289931
1-Jun-12,1700.00,1722.50,1622.16,1694.50,7891275
31-May-12,1712.50,1724.00,1674.44,1694.50,9524174
30-May-12,1734.50,1735.00,1693.00,1707.50,6069575
29-May-12,1748.00,1764.00,1727.50,1751.50,5711406
28-May-12,1729.00,1754.00,1691.58,1716.50,2944216
25-May-12,1703.00,1727.00,1687.00,1703.50,5689261
24-May-12,1705.00,1728.50,1681.00,1718.50,5783704
23-May-12,1715.00,1728.12,1679.00,1681.00,7917473
22-May-12,1737.00,1772.90,1735.50,1758.00,7316881
21-May-12,1701.00,1742.37,1679.64,1717.00,5556022
18-May-12,1690.00,1725.42,1666.00,1704.50,10056906
17-May-12,1760.00,1760.00,1703.50,1725.50,6261791
16-May-12,1724.50,1780.72,1704.08,1750.00,8397804
15-May-12,1809.00,1826.50,1751.00,1766.00,7011816
14-May-12,1831.00,1839.50,1788.00,1798.00,6920596
11-May-12,1857.00,1866.00,1820.95,1864.00,6568056
10-May-12,1876.00,1890.38,1852.00,1871.50,4489244
9-May-12,1875.00,1875.00,1826.00,1864.00,6417979
8-May-12,1898.00,1918.00,1842.50,1860.50,6961838
4-May-12,1987.50,2000.50,1916.00,1918.00,8226931
3-May-12,2015.50,2036.20,1985.50,1996.00,6007145
2-May-12,2028.00,2045.50,2006.50,2017.50,11714776
1-May-12,1980.00,2039.00,1965.50,2039.00,4781878
30-Apr-12,1974.00,1989.00,1963.50,1974.50,6301746
27-Apr-12,1922.50,1986.50,1912.00,1966.00,7058300
26-Apr-12,1939.00,1958.50,1920.50,1950.00,4484119
25-Apr-12,1920.00,1950.00,1893.05,1935.50,5702445
24-Apr-12,1905.00,1917.00,1880.00,1917.00,5890969
23-Apr-12,1934.00,1940.07,1884.00,1898.50,5076594
20-Apr-12,1950.00,1979.00,1932.50,1970.00,5050165
19-Apr-12,1955.00,1983.50,1940.00,1940.00,4938691
18-Apr-12,1940.00,1973.00,1937.00,1943.00,6371602
17-Apr-12,1882.00,1930.50,1868.00,1926.50,4468226
16-Apr-12,1889.00,1916.00,1884.50,1892.50,5161184
13-Apr-12,1907.50,1931.50,1887.50,1889.00,5181220
12-Apr-12,1875.00,1918.00,1854.00,1906.50,6579742
11-Apr-12,1830.00,1872.00,1826.50,1855.50,6278316
10-Apr-12,1877.50,1886.00,1831.50,1831.50,6091834
5-Apr-12,1885.00,1926.50,1849.39,1907.00,5751848
4-Apr-12,1925.00,1925.00,1866.00,1877.00,6707628
3-Apr-12,1955.00,1961.50,1931.00,1934.50,5143414
2-Apr-12,1932.00,1992.60,1910.50,1965.00,6353264
30-Mar-12,1899.00,1931.50,1889.50,1907.50,7961759
29-Mar-12,1880.00,1909.56,1862.50,1877.50,7837830
28-Mar-12,1916.00,1930.00,1882.50,1885.00,6371628
27-Mar-12,1936.50,1958.70,1920.50,1926.00,4971107
26-Mar-12,1928.00,1937.50,1894.50,1928.00,5516469
23-Mar-12,1901.00,1921.50,1873.00,1917.50,5884905
22-Mar-12,1936.00,1950.00,1885.50,1901.00,6505748
21-Mar-12,1973.00,1977.40,1934.50,1947.00,5983210
20-Mar-12,2019.50,2046.21,1959.50,1965.00,7152387
19-Mar-12,2038.00,2054.00,2010.50,2048.00,3673480
16-Mar-12,2022.00,2045.39,2017.50,2035.00,6894648
15-Mar-12,2003.50,2045.00,2003.50,2024.00,6667845
14-Mar-12,2047.00,2059.00,1999.00,2000.50,7999407
13-Mar-12,2028.50,2057.50,2007.80,2047.00,6131826
12-Mar-12,1995.00,2025.50,1990.00,2013.50,5779482
9-Mar-12,2000.50,2032.00,1972.50,2023.50,4862504
8-Mar-12,1977.50,2017.00,1977.50,1988.50,5954742
7-Mar-12,1938.00,1978.82,1938.00,1960.00,6379812
6-Mar-12,1967.00,1967.00,1919.00,1934.00,7044571
5-Mar-12,2012.50,2020.00,1965.50,1971.00,6007716
2-Mar-12,2040.00,2052.50,2029.50,2030.50,3651336
1-Mar-12,2032.00,2062.50,2021.50,2047.00,5255558
29-Feb-12,2087.00,2143.00,2029.35,2037.50,8126129
28-Feb-12,2093.00,2123.00,2058.00,2119.50,4542786
27-Feb-12,2055.50,2097.00,2028.50,2089.00,4256827
24-Feb-12,2089.00,2110.00,2066.00,2073.00,4512995
23-Feb-12,2071.00,2116.50,2071.00,2088.50,4598199
22-Feb-12,2089.50,2097.50,2068.50,2087.00,4542848
21-Feb-12,2087.50,2099.50,2065.00,2080.00,4488432
20-Feb-12,2060.00,2090.50,2048.50,2077.50,4968726
17-Feb-12,2057.00,2065.00,2023.00,2023.00,5683214
16-Feb-12,2034.50,2043.53,2003.00,2039.50,6220160
15-Feb-12,2089.00,2103.50,2052.00,2054.00,5691421
14-Feb-12,2060.50,2083.55,2045.00,2072.00,4552302
13-Feb-12,2082.50,2103.50,2057.50,2082.50,4340080
10-Feb-12,2071.00,2091.81,2033.50,2057.50,7788994
9-Feb-12,2120.00,2136.50,2091.00,2115.00,6841192
8-Feb-12,2172.50,2205.80,2120.50,2130.00,8221729
7-Feb-12,2197.00,2205.50,2153.50,2180.00,5066296
6-Feb-12,2202.00,2214.00,2175.48,2200.00,4871292
3-Feb-12,2175.00,2214.50,2149.50,2206.50,7281835
2-Feb-12,2194.00,2237.50,2169.00,2195.00,9173956
1-Feb-12,2126.00,2175.50,2118.50,2174.50,6771301
31-Jan-12,2167.50,2184.00,2116.50,2123.00,5819187
30-Jan-12,2145.50,2171.00,2132.00,2151.00,7323675
27-Jan-12,2174.00,2207.00,2164.50,2175.00,5519227
26-Jan-12,2157.50,2219.00,2156.50,2199.50,6869723
25-Jan-12,2141.00,2154.00,2106.12,2129.00,5858647
24-Jan-12,2130.00,2137.00,2103.50,2129.00,4872681
23-Jan-12,2120.00,2160.00,2118.00,2159.00,4705441
20-Jan-12,2148.00,2158.50,2124.50,2125.50,7774383
19-Jan-12,2121.50,2167.50,2115.65,2158.50,8428920
18-Jan-12,2109.50,2143.00,2082.00,2137.50,6221543
17-Jan-12,2118.00,2145.00,2101.50,2120.50,20411997
16-Jan-12,2027.50,2089.00,2017.00,2080.00,4311684
13-Jan-12,2075.00,2098.65,2014.50,2045.00,6464847
12-Jan-12,2035.00,2093.50,2030.00,2055.00,7112758
11-Jan-12,2010.50,2043.00,2010.00,2031.00,4566346
10-Jan-12,1981.50,2032.00,1976.50,2014.00,6910896
9-Jan-12,1949.00,1970.60,1930.57,1947.50,5386661
6-Jan-12,1948.00,1982.50,1946.50,1949.00,5338680
5-Jan-12,1976.50,1985.50,1936.00,1951.00,6654619
4-Jan-12,1992.00,2008.00,1956.00,1975.00,6403669
3-Jan-12,1937.50,1999.00,1891.50,1993.00,6003138
30-Dec-11,1883.00,1885.00,1861.00,1877.50,1060238
29-Dec-11,1868.00,1879.50,1839.74,1873.00,2525282
28-Dec-11,1869.00,1885.00,1846.00,1847.50,2698330
23-Dec-11,-,-,-,1874.00,0
22-Dec-11,1842.00,1878.50,1829.50,1850.00,3522724
21-Dec-11,1868.00,1888.50,1826.50,1834.50,4542753
20-Dec-11,1808.50,1854.00,1799.50,1838.00,4825058
19-Dec-11,1819.00,1854.50,1801.00,1816.50,4307429
16-Dec-11,1859.00,1888.00,1841.50,1843.50,7489842
15-Dec-11,1848.50,1867.50,1819.50,1836.00,5886248
14-Dec-11,1881.00,1893.50,1832.11,1835.50,7181332
13-Dec-11,1904.00,1922.00,1867.50,1901.50,6622287
12-Dec-11,1955.00,1957.50,1889.00,1897.00,4450878
9-Dec-11,1905.00,1968.00,1901.00,1961.00,5078681
8-Dec-11,2003.50,2013.50,1934.00,1934.00,6149182
7-Dec-11,2029.50,2049.00,1972.00,1985.50,6258918
6-Dec-11,1964.00,2021.00,1964.00,2004.00,6006913
5-Dec-11,2025.00,2034.00,1989.00,2012.00,3874517
2-Dec-11,1970.50,2022.50,1936.00,2000.50,10703178
1-Dec-11,1954.00,1972.00,1919.50,1923.00,8509480
30-Nov-11,1816.00,1969.50,1790.00,1949.00,13191891
29-Nov-11,1830.50,1853.00,1802.00,1836.00,5331943
28-Nov-11,1790.00,1854.40,1786.00,1836.50,5385699
25-Nov-11,1740.50,1767.71,1724.50,1759.50,5157357
24-Nov-11,1755.00,1808.79,1755.00,1756.50,5474172
23-Nov-11,1725.00,1763.05,1730.00,1730.00,5758726
22-Nov-11,1805.00,1818.18,1766.98,1765.50,5910509
21-Nov-11,1859.50,1854.00,1774.20,1780.00,6636495
18-Nov-11,1880.00,1883.66,1859.50,1865.00,6790427
17-Nov-11,1947.50,1930.19,1898.88,1906.50,7143140
16-Nov-11,1944.00,1971.00,1930.00,1961.00,6582471
15-Nov-11,1946.00,1984.00,1930.00,1961.00,6255644
14-Nov-11,1990.50,1998.31,1970.50,1970.50,5788480
11-Nov-11,1965.50,1993.00,1945.00,1992.00,4602626
10-Nov-11,1909.00,1987.00,1877.00,1956.50,5861944
9-Nov-11,2049.00,2053.01,1946.00,1967.50,7786768
8-Nov-11,1976.00,2040.00,1966.00,2017.00,5847588
7-Nov-11,1964.00,2007.50,1932.00,1983.50,4106298
4-Nov-11,2012.00,2028.00,1962.00,1987.50,7277073
3-Nov-11,1900.00,1992.00,1890.00,1986.00,7999051
2-Nov-11,1945.00,1974.50,1901.50,1952.00,7171562
1-Nov-11,1910.00,1995.21,1878.50,1915.00,8062111
31-Oct-11,2034.50,2049.14,1967.50,1967.50,10281955
28-Oct-11,2088.00,2131.00,2071.00,2102.00,7861719
27-Oct-11,2050.00,2110.00,2025.00,2109.00,9936477
26-Oct-11,1944.00,1993.50,1931.00,1968.50,7124084
25-Oct-11,1975.00,2000.00,1906.50,1960.50,8379430
24-Oct-11,1930.00,2001.50,1918.00,2001.50,8349518
21-Oct-11,1840.00,1901.50,1821.50,1897.00,7641306
20-Oct-11,1855.50,1877.00,1822.50,1833.00,7402620
19-Oct-11,1922.50,1926.00,1869.00,1890.00,6071439
18-Oct-11,1868.00,1898.00,1832.50,1894.00,11576080
17-Oct-11,1972.50,2000.00,1890.00,1910.00,6663198
14-Oct-11,1916.50,1979.50,1890.00,1947.00,6377072
13-Oct-11,1950.00,1979.50,1889.00,1910.00,6552625
12-Oct-11,1900.00,1975.00,1879.50,1964.50,6436579
11-Oct-11,1910.00,1922.00,1867.50,1912.00,5838690
10-Oct-11,1886.50,1936.00,1853.50,1920.50,7320816
7-Oct-11,1890.00,1911.50,1853.00,1867.50,7853206
6-Oct-11,1806.50,1882.00,1799.50,1882.00,9398412
5-Oct-11,1733.50,1788.50,1705.00,1753.00,9365450
4-Oct-11,1679.50,1695.00,1624.50,1667.00,9760332
3-Oct-11,1675.00,1751.75,1661.50,1710.00,7917524
30-Sep-11,1752.00,1778.00,1707.00,1738.00,7076569
29-Sep-11,1775.00,1863.00,1751.00,1765.00,7689244
28-Sep-11,1867.00,1870.00,1788.00,1799.00,7471982
27-Sep-11,1810.00,1875.50,1780.00,1875.50,9642313
26-Sep-11,1706.00,1788.58,1689.50,1764.99,12020513
23-Sep-11,1753.00,1766.00,1680.00,1761.50,8936637
22-Sep-11,1810.00,1832.50,1720.00,1731.50,12099752
21-Sep-11,1953.50,1965.50,1878.00,1888.50,5520305
20-Sep-11,1949.50,1976.00,0.00,1965.00,5103848
19-Sep-11,1944.00,1968.50,1914.00,1935.00,4693783
16-Sep-11,2022.50,2029.00,1982.50,2002.00,8837184
15-Sep-11,1958.00,2019.50,1938.50,1986.00,6343242
14-Sep-11,1921.50,1983.00,1920.00,1949.00,7114294
13-Sep-11,1959.50,1962.00,1883.50,1952.00,6489807
12-Sep-11,1908.00,1949.00,1881.00,1933.50,6440690
9-Sep-11,2026.50,2039.50,1950.50,1961.00,5671339
8-Sep-11,2024.50,2061.08,1991.00,2039.00,5625319
7-Sep-11,2018.00,2041.50,1988.00,2036.00,5641521
6-Sep-11,1943.00,2088.00,1917.50,1977.50,6598108
5-Sep-11,1977.50,1997.00,1937.00,1954.00,4528811
2-Sep-11,2068.00,2085.00,2019.00,2032.00,5680183
1-Sep-11,2120.00,2120.00,2058.00,2101.00,5846790
31-Aug-11,2056.00,2112.50,2028.05,2106.00,10462051
30-Aug-11,2043.50,2056.00,2010.00,2042.50,8087379
26-Aug-11,-,-,-,1959.00,0
25-Aug-11,1960.00,1996.00,1879.80,1965.00,7090069
24-Aug-11,1908.00,1955.50,1872.00,1932.50,7394433
23-Aug-11,1917.00,1942.50,1859.50,1890.00,8264141
22-Aug-11,1840.00,1918.66,1838.16,1878.50,2705928
19-Aug-11,1889.50,1893.97,1796.50,1860.00,10836697
18-Aug-11,1985.50,1990.00,1875.50,1890.00,9515253
17-Aug-11,2003.00,2045.00,1985.50,2003.00,6382256
16-Aug-11,2026.00,2040.32,1972.00,1986.00,6895387
15-Aug-11,2056.50,2064.00,2031.00,2039.50,4555138
12-Aug-11,1978.00,2027.50,1923.50,1965.00,8694886
11-Aug-11,1940.00,1966.00,1868.50,1966.00,13139419
10-Aug-11,1975.50,1990.50,1858.50,1866.00,13752808
9-Aug-11,1851.00,1917.50,1743.74,1911.00,16276054
8-Aug-11,1889.50,1957.50,1829.50,1846.00,13197001
5-Aug-11,1935.00,2039.00,1914.50,1945.00,12242082
4-Aug-11,2148.00,2149.00,2000.00,2040.50,15077585
3-Aug-11,2160.00,2177.00,2102.00,2121.00,9579385
2-Aug-11,2250.00,2254.00,2202.00,2214.50,7810374
1-Aug-11,2314.00,2330.00,2258.00,2258.00,6160785
29-Jul-11,2290.00,2370.65,2253.00,2273.00,7185609
28-Jul-11,2305.00,2346.50,2290.00,2327.50,5617738
27-Jul-11,2347.00,2381.50,2321.00,2334.00,7043178
26-Jul-11,2372.00,2382.99,2331.50,2338.50,5591085
25-Jul-11,2346.00,2373.00,2336.00,2359.00,4287361
22-Jul-11,2375.50,3344.05,2361.00,2373.00,4451306
21-Jul-11,2369.50,2381.00,2301.39,2359.50,6786631
20-Jul-11,2367.00,2398.50,2349.50,2364.50,5914461
19-Jul-11,2310.00,2340.00,2310.00,2326.00,5679173
18-Jul-11,2322.50,2326.00,2287.50,2287.50,6110704
15-Jul-11,2335.00,2353.00,2325.00,2340.00,8757955
14-Jul-11,2408.50,2437.63,2381.00,2386.00,5294327
13-Jul-11,2397.50,2453.00,2380.50,2441.00,8117650
12-Jul-11,2392.50,2420.50,2360.00,2402.00,6135637
11-Jul-11,2450.00,2471.50,2421.00,2437.00,6931467
8-Jul-11,2524.00,2528.00,2446.50,2454.00,6655308
7-Jul-11,2498.00,2530.50,2476.00,2521.50,5949692
6-Jul-11,2461.50,2474.00,2441.50,2471.00,4640387
5-Jul-11,2458.50,2475.00,2445.50,2461.00,5098835
4-Jul-11,2464.00,2485.00,2444.25,2473.00,3851148
1-Jul-11,2439.00,2466.50,2427.50,2459.50,6672829
30-Jun-11,2417.50,2452.24,2406.00,2447.00,8479687
29-Jun-11,2379.00,2412.00,2368.50,2404.50,8062020
28-Jun-11,2310.00,2356.50,2249.95,2355.50,7887923
27-Jun-11,2292.50,2322.00,2279.50,2313.00,5385529
24-Jun-11,2294.00,2323.00,2288.00,2300.50,7893601
23-Jun-11,2299.00,2299.00,2240.00,2244.00,8064394
22-Jun-11,2310.00,2327.00,2289.00,2317.50,7479852
21-Jun-11,2269.00,2317.00,2267.00,2315.00,7051907
20-Jun-11,2230.00,2270.50,2223.69,2258.50,6547870
17-Jun-11,2255.50,2297.50,2239.50,2264.00,15064054
16-Jun-11,2258.50,2350.00,2237.00,2275.00,9850751
15-Jun-11,2308.50,2336.50,2280.50,2283.50,9449727
14-Jun-11,2294.00,2325.50,2287.00,2310.00,7919785
13-Jun-11,2278.00,2301.00,2270.00,2280.00,4104926
10-Jun-11,2314.50,2332.50,2272.50,2279.50,7157512
9-Jun-11,2285.00,2333.90,2284.50,2324.50,6314552
8-Jun-11,2313.00,2320.00,2277.00,2295.00,9464789
7-Jun-11,2322.00,2355.50,2317.00,2340.75,7670204
6-Jun-11,2308.00,2335.00,2280.50,2326.00,4901306
3-Jun-11,2340.00,2343.00,2280.50,2305.50,8392250
2-Jun-11,2357.50,2360.00,2326.00,2327.00,7315470
1-Jun-11,2411.00,2432.00,2377.50,2392.00,7072314
31-May-11,2390.00,2420.00,2390.00,2403.00,8637120
27-May-11,2361.50,2402.00,2361.50,2390.00,6560063
26-May-11,2364.00,2374.50,2341.50,2361.50,7162815
25-May-11,2312.00,2345.50,2300.00,2344.00,8452267
24-May-11,2320.00,2368.00,2311.40,2345.00,8229865
23-May-11,2320.00,2321.25,2275.50,2304.00,8673596
20-May-11,2388.50,2402.50,2342.00,2370.00,8897998
19-May-11,2408.00,2429.50,2367.14,2371.00,10845561
18-May-11,2380.00,2400.00,2369.50,2379.50,7635468
17-May-11,2379.00,2410.50,2344.00,2344.00,7106052
16-May-11,2325.00,2404.00,2314.50,2392.00,8345952
13-May-11,2377.50,2405.50,2338.00,2340.00,8093328
12-May-11,2364.00,2370.00,2316.00,2363.50,12466720
11-May-11,2465.00,2471.50,2388.50,2406.00,8626612
10-May-11,2418.00,2459.00,2414.50,2449.00,6407626
9-May-11,2414.50,2463.50,2390.00,2406.00,6319547
6-May-11,2391.00,2441.08,2351.00,2430.00,9532604
5-May-11,2447.50,2462.87,2379.50,2385.50,11981467
4-May-11,2460.00,2479.00,2416.00,2421.50,9118845
3-May-11,2490.00,2524.50,2463.00,2487.00,7144863
28-Apr-11,-,-,-,2524.50,0
27-Apr-11,2536.00,2538.50,2495.00,2505.00,5669065
26-Apr-11,2529.50,2560.26,2522.50,2560.00,3906930
21-Apr-11,-,-,-,2549.50,0
20-Apr-11,2512.50,2539.50,2509.00,2534.00,7066407
19-Apr-11,2470.50,2508.50,2463.50,2471.00,7752962
18-Apr-11,2527.00,2538.00,2445.50,2454.50,10796689
15-Apr-11,2520.00,2532.00,2487.00,2515.50,9170043
14-Apr-11,2540.00,2540.00,2486.26,2518.50,10383851
13-Apr-11,2585.50,2592.50,2538.94,2540.00,10458184
12-Apr-11,2576.00,2589.56,2542.00,2544.00,9591409
11-Apr-11,2645.00,2653.50,2625.00,2631.50,9966162
8-Apr-11,2544.50,2587.00,2539.50,2585.50,5610910
7-Apr-11,2543.00,2549.00,2500.00,2517.00,6405905
6-Apr-11,2543.00,2552.00,2527.50,2537.00,4513348
5-Apr-11,2530.00,2540.30,2499.50,2527.00,4354236
4-Apr-11,2503.00,2552.50,2492.00,2532.00,4891064
1-Apr-11,2485.00,2512.00,2462.00,2512.00,7793444
31-Mar-11,2480.50,2495.00,2460.00,2460.00,8603387
30-Mar-11,2452.50,2490.00,2447.00,2449.00,8488136
29-Mar-11,2374.50,2415.50,2366.00,2414.50,7216825
28-Mar-11,2348.50,2374.00,2344.00,2363.50,5696770
25-Mar-11,2373.00,2381.00,2332.66,2348.00,9797544
24-Mar-11,2326.50,2363.50,2322.50,2358.00,9000935
23-Mar-11,2290.00,2331.50,2272.00,2325.00,10922889
22-Mar-11,2315.00,2340.00,2264.00,2275.00,8821323
21-Mar-11,2328.00,2346.50,2301.00,2304.50,5154984
18-Mar-11,2300.00,2344.50,2283.00,2321.12,16122997
17-Mar-11,2243.00,2296.50,2233.50,2281.00,11995163
16-Mar-11,2300.50,2300.50,2209.00,2213.50,12861370
15-Mar-11,2221.00,2296.91,2164.00,2250.50,14401041
14-Mar-11,2294.00,2336.00,2276.00,2289.00,9237737
11-Mar-11,2272.00,2323.00,2262.00,2316.50,9663961
10-Mar-11,2333.00,2333.00,1733.00,2300.00,1866235
9-Mar-11,2427.00,2427.00,2370.50,2383.00,6578455
8-Mar-11,2486.00,2500.00,2406.94,2443.00,593177
7-Mar-11,2474.00,2523.50,2459.00,2470.50,6997263
4-Mar-11,2494.50,2522.50,2473.00,2491.50,7299325
3-Mar-11,2453.00,2493.00,2433.00,2484.00,5892992
2-Mar-11,2393.00,2451.00,2366.50,2431.00,3057927
1-Mar-11,2469.50,2470.00,2405.00,2427.50,3122936
28-Feb-11,2439.50,2465.00,2412.50,2433.50,3271821
25-Feb-11,2396.50,2444.50,2370.00,2432.50,10106616
24-Feb-11,2340.00,2392.50,2324.50,2360.50,86564988
23-Feb-11,2410.00,2418.50,2335.63,2337.50,18460957
22-Feb-11,2362.00,2435.00,2336.00,2413.00,9250495
21-Feb-11,2400.00,2426.70,2371.50,2374.50,6644113
18-Feb-11,2466.00,2470.16,2373.00,2391.00,18268899
17-Feb-11,2490.00,2490.00,2410.00,2444.50,7766191
16-Feb-11,2480.00,2489.40,2438.00,2464.00,10008033
15-Feb-11,2530.00,2535.63,2485.50,2500.00,7845765
14-Feb-11,2547.00,2568.00,2518.19,2555.00,9301180
11-Feb-11,2475.00,2534.00,2446.50,2525.00,5677670
10-Feb-11,2501.00,2518.50,2469.00,2484.00,10339805
9-Feb-11,2529.00,2542.50,2497.50,2508.00,6837501
8-Feb-11,2536.00,2561.00,2501.50,2561.00,8519402
7-Feb-11,2505.00,2548.00,2491.50,2541.50,7730450
4-Feb-11,2516.50,2543.50,2502.00,2520.50,8068777
3-Feb-11,2524.00,2529.50,2483.50,2505.00,6437611
2-Feb-11,2464.50,2519.50,2455.50,2513.50,7565385
1-Feb-11,2414.50,2445.00,2406.00,2430.00,8587963
31-Jan-11,2380.00,2399.00,2354.00,2380.00,6434859
28-Jan-11,2401.00,2412.00,2370.00,2379.00,9186408
27-Jan-11,2452.00,2480.00,2437.00,2437.50,6645183
26-Jan-11,2412.00,2465.00,2410.00,2446.00,6105638
25-Jan-11,2441.00,2453.50,2392.00,2394.00,7321548
24-Jan-11,2411.00,2445.50,2381.50,2432.50,6718099
21-Jan-11,2396.00,2426.00,2375.50,2393.00,5993808
20-Jan-11,2450.00,2455.00,2378.00,2382.00,10383810
19-Jan-11,2519.00,2525.00,2466.00,2470.00,7713877
18-Jan-11,2494.00,2525.50,2494.00,2502.00,6774646
17-Jan-11,2471.00,2478.00,2435.50,2467.00,3745705
14-Jan-11,2520.00,2525.50,2457.50,2478.00,6472130
13-Jan-11,2566.50,2567.50,2507.00,2522.50,4836944
12-Jan-11,2516.00,2558.50,2516.00,2550.00,5674369
11-Jan-11,2483.00,2525.50,2483.00,2519.00,5631395
10-Jan-11,2475.00,2482.50,2448.00,2474.00,3577410
7-Jan-11,2506.50,2510.50,2469.00,2492.50,4249312
6-Jan-11,2521.50,2557.50,2503.00,2517.00,5477707
5-Jan-11,2534.50,2538.00,2485.50,2534.00,6335809
4-Jan-11,2624.50,2624.50,2545.00,2553.50,6126013
31-Dec-10,2620.00,2622.00,2551.00,2551.00,1422880
30-Dec-10,2611.50,2647.00,2611.00,2614.00,2217388
29-Dec-10,2591.00,2617.50,2590.50,2616.00,2187560
24-Dec-10,-,-,-,2610.00,0
23-Dec-10,2623.00,2630.00,2583.50,2587.50,4969639
22-Dec-10,2580.00,2609.50,2568.50,2606.00,3363734
21-Dec-10,2537.00,2584.00,2536.50,2584.00,4557346
20-Dec-10,2492.00,2521.50,2489.50,2512.00,2476366
17-Dec-10,2510.00,2538.50,2490.00,2500.00,8566321
16-Dec-10,2525.50,2538.00,2480.50,2505.00,6663237
15-Dec-10,2513.00,2537.50,2498.50,2524.50,5043808
14-Dec-10,2515.50,2520.00,2487.00,2520.00,4156583
13-Dec-10,2479.00,2524.00,2472.00,2524.00,6027917
10-Dec-10,2461.00,2481.50,2439.50,2468.00,5400476
9-Dec-10,2460.50,2480.00,2442.00,2462.48,6087489
8-Dec-10,2443.00,2488.00,2421.00,2428.00,7767589
7-Dec-10,2440.00,2533.00,2439.50,2481.73,9544015
6-Dec-10,2432.00,2453.50,2402.00,2439.50,5118429
3-Dec-10,2440.00,2464.00,2409.50,2423.50,5869848
2-Dec-10,2393.00,2457.50,2375.50,2450.00,6109067
1-Dec-10,2299.50,2372.00,2295.50,2365.00,7455320
30-Nov-10,2295.00,2302.50,2253.50,2278.45,9229429
29-Nov-10,2327.00,2351.00,2265.50,2265.50,6574390
26-Nov-10,2312.00,2333.50,2267.50,2315.00,5461146
25-Nov-10,2310.50,2358.50,2300.00,2353.00,3221446
24-Nov-10,2288.00,2316.50,2256.50,2308.50,7596379
23-Nov-10,2285.00,2304.00,2260.00,2268.00,6723723
22-Nov-10,2365.50,2367.50,2303.00,2319.50,5256110
19-Nov-10,2359.00,2365.00,2297.00,2332.50,8589977
18-Nov-10,2360.00,2375.50,2343.00,2365.00,8539252
17-Nov-10,2309.00,2343.00,2291.00,2335.50,7516617
16-Nov-10,2377.00,2384.50,2313.00,2318.00,10842348
15-Nov-10,2340.00,2416.50,2332.00,2406.00,9407778
12-Nov-10,2346.00,2393.00,2310.50,2362.50,8683824
11-Nov-10,2450.00,2500.00,2393.50,2413.00,7755908
10-Nov-10,2437.50,2439.00,2386.50,2410.00,7986600
9-Nov-10,2428.00,2489.00,2413.50,2469.00,7756683
8-Nov-10,2448.00,2449.00,2407.00,2425.23,4625990
5-Nov-10,2458.50,2466.00,2404.00,2450.00,10028663
4-Nov-10,2372.00,2432.00,2363.00,2430.00,17387404
3-Nov-10,2291.50,2291.50,2257.00,2280.00,9921421
2-Nov-10,2233.00,2285.00,2233.00,2277.00,5634014
1-Nov-10,2249.50,2255.00,2221.50,2235.00,6343655
29-Oct-10,2207.50,2227.50,2180.50,2213.50,7114261
28-Oct-10,2205.00,2229.00,2187.50,2221.00,7698178
27-Oct-10,2168.00,2184.00,2146.00,2163.50,6366049
26-Oct-10,2235.00,2243.50,2193.00,2196.50,7603215
25-Oct-10,2245.00,2268.50,2235.00,2252.50,5506607
22-Oct-10,2200.00,2211.50,2183.50,2199.00,6048042
21-Oct-10,2180.00,2248.00,2177.00,2212.00,8349147
20-Oct-10,2128.50,2199.00,2128.50,2192.50,5965636
19-Oct-10,2170.50,2210.50,2129.50,2139.00,10159838
18-Oct-10,2160.50,2188.00,2144.50,2185.50,4363617
15-Oct-10,2209.50,2226.00,2165.00,2199.50,7311754
14-Oct-10,2217.50,2239.50,2194.00,2215.00,9342173
13-Oct-10,2152.00,2220.00,2147.50,2216.00,8994246
12-Oct-10,2116.00,2138.00,2091.50,2127.50,5142429
11-Oct-10,2162.50,2179.00,2142.00,2149.00,4419092
8-Oct-10,2127.00,2170.50,2106.50,2160.50,8822339
7-Oct-10,2137.50,2178.00,2114.00,2122.50,9947026
6-Oct-10,2086.00,2140.00,2086.00,2137.50,9355171
5-Oct-10,2016.00,2077.00,2010.00,2074.50,7712455
4-Oct-10,2060.00,2070.00,2024.00,2026.50,6555760
1-Oct-10,2038.50,2068.50,2037.00,2058.00,7157268
30-Sep-10,2000.00,2067.00,1997.00,2025.00,11750066
29-Sep-10,2031.00,2046.50,2009.00,2022.00,6062286
28-Sep-10,1992.00,2033.50,1977.50,2030.00,7301519
27-Sep-10,2024.00,2035.00,2000.00,2010.00,4486930
24-Sep-10,1979.50,2026.50,1974.00,2009.50,7128625
23-Sep-10,1994.50,2015.50,1957.00,2000.00,7372691
22-Sep-10,1977.00,2020.00,1962.50,2000.00,9155266
21-Sep-10,1965.50,1990.00,1959.00,1959.00,5299850
20-Sep-10,1947.00,1982.50,1947.00,1980.00,5366294
17-Sep-10,1979.00,1991.00,1936.00,1946.05,13209766
16-Sep-10,1940.50,1971.50,1929.50,1963.50,5648627
15-Sep-10,1991.50,1993.00,1959.50,1963.00,8072188
14-Sep-10,1975.50,1991.50,1960.50,1981.00,6484362
13-Sep-10,1950.00,1972.50,1944.00,1970.00,5562122
10-Sep-10,1923.00,1927.50,1901.00,1921.50,4740820
9-Sep-10,1890.50,1941.50,1885.50,1926.00,8326802
8-Sep-10,1866.00,1898.00,1851.50,1890.00,6857077
7-Sep-10,1917.50,1924.00,1881.50,1892.50,9986284
6-Sep-10,1951.50,1961.00,1910.50,1920.00,4665046
3-Sep-10,1910.00,1952.50,1900.00,1936.00,8594225
2-Sep-10,1896.50,1921.00,1884.00,1901.00,8624878
1-Sep-10,1853.50,1909.00,1837.50,1903.00,10914097
31-Aug-10,1777.50,1833.00,1750.00,1831.50,8562123
27-Aug-10,1797.50,1809.50,1758.50,1798.00,8752737
26-Aug-10,1794.50,1813.00,1776.50,1802.50,9293601
25-Aug-10,1808.50,1827.50,1751.00,1767.00,9066406
24-Aug-10,1806.50,1823.00,1775.50,1803.00,7546264
23-Aug-10,1844.50,1861.50,1820.00,1830.00,5906432
20-Aug-10,1814.00,1842.00,1799.00,1821.00,10263622
19-Aug-10,1858.50,1879.50,1810.00,1810.00,13448733
18-Aug-10,1883.00,1911.00,1850.00,1850.00,20768547
17-Aug-10,1978.50,2001.00,1900.00,1916.00,26821273
16-Aug-10,1940.00,1971.50,1932.50,1962.50,5560716
13-Aug-10,1972.50,1992.50,1933.50,1943.00,8745046
12-Aug-10,1918.00,1944.50,1898.50,1940.00,6433899
11-Aug-10,1957.50,1963.00,1919.00,1925.00,8418988
10-Aug-10,2015.00,2019.50,1976.50,1991.50,5961918
9-Aug-10,2047.00,2077.00,2024.50,2038.50,4643724
6-Aug-10,2032.50,2079.50,2002.00,2022.00,9979039
5-Aug-10,2017.50,2047.00,2000.50,2026.25,7913324
4-Aug-10,2000.00,2018.00,1979.00,2009.00,6561500
3-Aug-10,2010.00,2025.50,1996.50,2019.50,6408053
2-Aug-10,1987.50,2036.50,1974.50,2034.50,9318677
30-Jul-10,1959.00,1973.50,1935.50,1951.50,9063475
29-Jul-10,1993.00,2018.00,1974.50,2008.81,8624364
28-Jul-10,1975.00,2012.00,1974.50,1991.50,10691980
27-Jul-10,1967.00,2014.50,1957.00,1968.50,11229837
26-Jul-10,1969.00,1985.00,1944.50,1976.00,9491026
23-Jul-10,1961.50,1995.50,1945.50,1964.50,7555372
22-Jul-10,1900.00,1976.00,1897.50,1964.50,8554219
21-Jul-10,1881.50,1939.00,1881.00,1890.00,10186766
20-Jul-10,1850.00,1876.50,1814.50,1872.00,10353077
19-Jul-10,1787.50,1843.00,1787.50,1816.50,6348473
16-Jul-10,1825.00,1878.50,1803.00,1811.50,11630886
15-Jul-10,1825.00,1859.50,1807.00,1824.50,10807384
14-Jul-10,1868.50,1880.50,1822.50,1831.91,4627242
13-Jul-10,1821.50,1868.50,1805.50,1856.00,6237610
12-Jul-10,1861.00,1866.50,1818.50,1825.00,4783106
9-Jul-10,1849.50,1869.50,1829.50,1852.50,6088876
8-Jul-10,1818.50,1848.00,1806.50,1819.00,6804172
7-Jul-10,1747.00,1790.00,1729.50,1789.00,6968658
6-Jul-10,1705.00,1778.00,1701.50,1777.00,8160702
5-Jul-10,1723.50,1727.50,1683.00,1684.50,4285182
2-Jul-10,1721.00,1748.50,1707.50,1723.00,11703792
1-Jul-10,1728.50,1748.00,1678.00,1694.00,12815882
30-Jun-10,1781.00,1797.50,1726.00,1754.50,15032189
29-Jun-10,1840.00,1841.50,1769.00,1772.00,10920644
28-Jun-10,1884.50,1898.00,1854.00,1881.50,6348089
25-Jun-10,1909.50,1925.50,1858.00,1867.00,7344251
24-Jun-10,1975.00,1990.00,1907.00,1920.00,8150162
23-Jun-10,1948.50,2010.00,1939.00,1951.00,11736738
22-Jun-10,1988.00,2007.50,1971.50,1988.00,7275239
21-Jun-10,2007.00,2039.00,2001.00,2031.50,9828185
18-Jun-10,1930.50,1954.00,1922.00,1940.00,14445571
17-Jun-10,1919.00,1949.00,1906.50,1920.50,7858633
16-Jun-10,1943.00,1948.00,1902.00,1930.00,7322398
15-Jun-10,1884.50,1929.00,1881.00,1919.00,7001742
14-Jun-10,1900.00,1930.50,1896.00,1921.00,7048750
11-Jun-10,1885.00,1907.50,1845.50,1871.00,11823915
10-Jun-10,1807.50,1894.50,1801.00,1875.50,13203635
9-Jun-10,1791.50,1820.00,1769.00,1817.50,9630380
8-Jun-10,1762.50,1776.50,1716.00,1768.00,12741489
7-Jun-10,1734.00,1762.50,1718.50,1735.00,10693066
4-Jun-10,1830.00,1846.00,1746.50,1771.00,16518575
3-Jun-10,1886.00,1905.00,1837.00,1839.50,10039877
2-Jun-10,1825.00,1860.50,1816.00,1856.00,8689691
1-Jun-10,1900.00,1900.00,1839.50,1874.50,12176049
28-May-10,1949.00,1968.50,1903.00,1913.00,11206382
27-May-10,1885.00,1943.50,1885.00,1922.95,12865994
26-May-10,1799.50,1892.50,1799.00,1857.50,14966729
25-May-10,1743.00,1781.00,1723.50,1763.50,13057894
24-May-10,1835.00,1847.00,1785.50,1813.50,9642658
21-May-10,1774.00,1826.00,1760.00,1817.50,18699275
20-May-10,1806.00,1843.00,1721.50,1768.50,19835990
19-May-10,1880.00,1887.50,1822.00,1828.00,14580190
18-May-10,1918.00,1955.50,1911.50,1932.50,10428759
17-May-10,1893.00,1946.00,1878.00,1895.50,9748147
14-May-10,1997.00,1997.00,1902.50,1914.50,12000923
13-May-10,1974.00,2012.50,1970.00,1979.52,9793315
11-May-10,1945.00,1953.50,1908.00,1948.50,11736659
10-May-10,1985.00,1997.50,1957.50,1983.00,17010411
7-May-10,1850.00,1954.00,1815.00,1942.73,26089606
6-May-10,1853.00,1934.50,1850.50,1872.50,13749319
5-May-10,1906.50,1923.00,1860.50,1886.00,19006109
4-May-10,1951.50,1970.50,1859.50,1865.00,28740698
30-Apr-10,2089.00,2119.50,2008.50,2025.50,16270146
29-Apr-10,2075.50,2101.00,2051.00,2089.50,9245019
28-Apr-10,2060.00,2094.50,2028.00,2058.50,17213667
27-Apr-10,2130.00,2142.00,2061.00,2061.00,10324214
26-Apr-10,2146.50,2160.00,2123.00,2151.00,8497312
23-Apr-10,2112.50,2133.00,2090.00,2109.00,7335349
22-Apr-10,2121.00,2145.00,2080.50,2098.00,11137016
21-Apr-10,2163.50,2180.00,2118.00,2118.00,9964775
16-Apr-10,2249.50,2262.50,2185.00,2196.00,11660232
15-Apr-10,2275.00,2280.50,2240.00,2266.50,5942152
14-Apr-10,2266.00,2288.50,2255.00,2286.00,6469840
13-Apr-10,2250.50,2273.00,2232.50,2243.50,6956035
12-Apr-10,2315.00,2315.00,2253.50,2270.50,4556243
9-Apr-10,2266.50,2291.50,2266.50,2287.00,4920734
8-Apr-10,2252.50,2259.50,2224.00,2252.50,7159208
7-Apr-10,2325.50,2335.00,2267.50,2275.00,7771988
6-Apr-10,2311.50,2346.00,2305.00,2334.50,5531864
1-Apr-10,2269.00,2315.00,2264.50,2301.00,7064762
31-Mar-10,2252.50,2278.00,2239.00,2260.00,8835150
30-Mar-10,2318.00,2340.00,2260.00,2268.50,8051385
29-Mar-10,2244.00,2281.50,2244.00,2267.50,6397709
26-Mar-10,2237.00,2259.00,2227.00,2237.00,6066385
25-Mar-10,2235.00,2254.00,2225.00,2248.50,5713747
24-Mar-10,2242.00,2266.00,2197.50,2234.00,7030090
23-Mar-10,2218.00,2254.00,2210.00,2236.50,8576528
22-Mar-10,2178.00,2201.50,2148.50,2201.50,7164360
19-Mar-10,2208.50,2230.00,2169.50,2185.00,13731551
18-Mar-10,2198.00,2235.50,2197.00,2206.50,9533110
17-Mar-10,2205.00,2229.50,2187.50,2220.00,9210413
16-Mar-10,2177.00,2201.50,2170.00,2185.50,7191401
15-Mar-10,2182.50,2200.00,2156.00,2165.50,5653233
12-Mar-10,2210.00,2216.50,2177.50,2198.00,8481381
11-Mar-10,2220.00,2229.50,2180.50,2200.00,10274196
10-Mar-10,2212.50,2248.50,2204.50,2247.50,6788324
9-Mar-10,2219.00,2230.50,2179.50,2222.50,10615851
8-Mar-10,2240.00,2249.50,2217.00,2233.00,10892962
5-Mar-10,2146.00,2212.50,2140.00,2207.00,15210745
4-Mar-10,2121.00,2152.00,2110.00,2126.50,9053985
3-Mar-10,2100.00,2155.00,2080.50,2149.00,10929755
2-Mar-10,2079.00,2122.50,2062.00,2117.00,8840111
1-Mar-10,2056.00,2077.50,2041.00,2072.00,9887276
26-Feb-10,1998.00,2014.50,1974.00,2007.00,11898342
25-Feb-10,1982.00,2011.00,1938.50,1961.00,10052489
24-Feb-10,1986.00,2010.50,1964.00,2003.50,9815685
23-Feb-10,2038.00,2069.00,1988.50,2000.00,9533291
22-Feb-10,2050.00,2060.00,2017.50,2024.50,6732475
19-Feb-10,1983.50,2034.00,1978.00,2029.00,12224577
18-Feb-10,1958.00,2021.00,1950.00,2016.00,8876181
17-Feb-10,1989.50,2010.00,1977.00,1978.00,10624548
16-Feb-10,1950.00,1982.00,1930.00,1973.50,9165434
15-Feb-10,1920.00,1938.50,1910.00,1913.50,6054141
12-Feb-10,1922.00,1941.50,1865.00,1898.00,14491802
11-Feb-10,1905.00,1928.00,1868.50,1901.50,15311971
10-Feb-10,1874.00,1914.00,1841.50,1856.50,15765638
9-Feb-10,1880.00,1902.50,1866.50,1891.00,8995819
8-Feb-10,1850.00,1880.50,1818.00,1857.00,10125692
5-Feb-10,1838.00,1845.00,1800.00,1824.50,13342602
4-Feb-10,1905.00,1923.00,1841.50,1853.50,12754887
3-Feb-10,1969.00,1971.50,1920.00,1931.50,7628633
2-Feb-10,1930.00,1955.00,1896.50,1947.00,12400316
1-Feb-10,1838.00,1900.50,1838.00,1896.00,9153682
29-Jan-10,1845.00,1896.50,1840.00,1866.00,10324967
28-Jan-10,1910.00,1926.00,1842.50,1842.50,10849318
27-Jan-10,1867.00,1905.50,1849.00,1888.00,12550054
26-Jan-10,1885.00,1903.00,1863.00,1896.00,12473152
25-Jan-10,1915.50,1966.50,1903.50,1914.50,11277280
22-Jan-10,1947.50,1966.50,1900.50,1934.50,14822076
21-Jan-10,2020.50,2038.00,1934.50,1942.50,15734122
20-Jan-10,2060.00,2060.00,1990.00,2005.00,11972482
19-Jan-10,2064.50,2092.50,2047.00,2074.00,8056977
18-Jan-10,2059.50,2084.50,2051.50,2074.50,4674784
15-Jan-10,2066.00,2092.00,2030.00,2044.50,10492194
14-Jan-10,2100.00,2109.50,2060.50,2066.00,9409984
13-Jan-10,2052.00,2091.50,2026.00,2042.50,9192015
12-Jan-10,2095.50,2114.50,2020.00,2056.00,9566572
11-Jan-10,2150.00,2171.50,2095.50,2104.50,7782245
8-Jan-10,2093.00,2116.50,2063.00,2115.50,6163486
7-Jan-10,2090.00,2102.00,2069.00,2091.00,7025666
6-Jan-10,2088.50,2104.00,2055.00,2100.00,7246606
5-Jan-10,2063.00,2084.50,2045.00,2080.00,7626636
4-Jan-10,2004.00,2064.00,2000.50,2064.00,5870500
