8-Nov-16,931.50,937.00,919.00,920.00,236506
7-Nov-16,947.00,948.00,931.50,933.00,141795
4-Nov-16,935.50,943.15,928.00,932.50,203978
3-Nov-16,938.50,966.00,933.02,941.50,202216
2-Nov-16,947.50,954.00,938.76,943.00,273702
1-Nov-16,949.00,965.50,943.58,953.00,140381
31-Oct-16,961.00,961.00,949.50,955.50,188031
28-Oct-16,951.00,965.35,943.57,960.50,161676
27-Oct-16,959.00,965.00,949.50,957.50,248000
26-Oct-16,962.00,974.34,946.24,963.00,198928
25-Oct-16,978.50,981.00,960.00,969.50,309623
24-Oct-16,985.50,988.06,973.00,980.50,167082
21-Oct-16,958.00,984.00,958.00,984.00,249419
20-Oct-16,976.50,986.56,976.50,978.50,174576
19-Oct-16,972.00,983.79,972.00,980.00,226849
18-Oct-16,988.50,988.50,972.50,977.50,243729
17-Oct-16,987.50,988.19,975.00,981.00,198368
14-Oct-16,994.00,1002.00,984.50,989.00,246075
13-Oct-16,990.00,1003.00,975.95,995.00,245521
12-Oct-16,999.00,1013.00,983.00,1000.00,146203
11-Oct-16,1000.00,1018.00,999.00,1008.00,108682
10-Oct-16,996.00,1008.00,984.50,1006.00,260636
7-Oct-16,1036.00,1042.00,1001.43,1004.00,263761
6-Oct-16,1044.00,1050.28,1029.00,1042.00,183055
5-Oct-16,1050.00,1056.00,1034.64,1045.00,198168
4-Oct-16,1058.00,1090.00,1039.69,1051.00,422212
3-Oct-16,1020.00,1051.00,1015.00,1046.00,162453
30-Sep-16,1003.00,1018.00,994.50,1014.00,138824
29-Sep-16,1020.00,1020.00,1006.30,1012.00,141040
28-Sep-16,1009.00,1028.00,1001.00,1014.00,170627
27-Sep-16,1015.00,1015.00,987.50,1005.00,241524
26-Sep-16,1030.00,1030.00,1009.00,1014.00,132648
23-Sep-16,1032.00,1036.00,1013.00,1032.00,117002
22-Sep-16,1035.00,1036.40,1027.00,1030.00,79992
21-Sep-16,1050.00,1060.00,1032.00,1033.00,84608
20-Sep-16,1043.00,1053.00,1035.00,1050.00,77925
19-Sep-16,1070.00,1081.50,1037.00,1071.30,216632
16-Sep-16,1044.00,1066.00,1032.60,1066.00,354692
15-Sep-16,1024.00,1049.00,1010.00,1032.76,177484
14-Sep-16,1018.00,1031.00,1018.00,1025.00,176796
13-Sep-16,1024.00,1034.00,1013.76,1018.00,217059
12-Sep-16,1001.00,1023.00,999.11,1018.00,94355
9-Sep-16,1056.00,1056.00,1018.00,1019.00,165438
8-Sep-16,1053.00,1069.00,1043.00,1059.00,122887
7-Sep-16,1057.00,1082.00,1057.00,1072.00,109526
6-Sep-16,1072.00,1088.00,1071.33,1075.00,126153
5-Sep-16,1068.00,1084.00,1065.00,1073.00,110889
2-Sep-16,1061.00,1085.00,1044.00,1078.00,184524
1-Sep-16,1049.00,1083.00,1045.00,1070.00,143216
31-Aug-16,1040.00,1047.00,1034.00,1037.00,174945
30-Aug-16,1058.00,1058.00,1039.84,1042.00,118248
26-Aug-16,1051.00,1064.00,1040.00,1042.00,145405
25-Aug-16,1038.00,1048.00,1030.00,1046.00,118744
24-Aug-16,1043.00,1055.00,1030.00,1047.00,86216
23-Aug-16,1040.00,1051.00,1032.00,1046.00,117443
22-Aug-16,1022.00,1043.09,1022.00,1040.00,81135
19-Aug-16,1038.00,1041.17,1019.00,1038.00,107986
18-Aug-16,1031.00,1041.00,1000.20,1036.00,145588
17-Aug-16,1056.00,1056.00,1028.00,1028.00,159598
16-Aug-16,1039.00,1056.00,1039.00,1044.00,135213
15-Aug-16,1060.00,1061.00,1045.00,1052.00,95589
12-Aug-16,1047.00,1058.00,1044.00,1055.00,145858
11-Aug-16,1047.00,1062.00,1034.90,1051.00,112883
10-Aug-16,1037.00,1059.00,1037.00,1053.00,129053
9-Aug-16,1033.00,1058.00,1033.00,1050.00,144338
8-Aug-16,1046.00,1055.29,1032.00,1048.00,152007
5-Aug-16,1049.00,1049.00,1021.00,1035.00,179264
4-Aug-16,1039.00,1048.00,1014.36,1038.00,198697
3-Aug-16,1057.00,1057.00,1034.00,1034.00,215241
2-Aug-16,1070.00,1078.10,1018.00,1049.00,337075
1-Aug-16,1054.00,1062.00,1030.00,1052.00,269535
29-Jul-16,1030.00,1042.00,1024.87,1034.00,172824
28-Jul-16,1041.00,1067.00,1037.00,1037.00,139584
27-Jul-16,1026.00,1066.00,1026.00,1051.00,197753
26-Jul-16,1021.00,1032.00,1008.00,1025.00,137977
25-Jul-16,1011.00,1024.00,1006.00,1016.00,147769
22-Jul-16,1021.00,1021.00,999.50,1010.00,130712
21-Jul-16,1008.00,1017.06,983.00,1013.00,145071
20-Jul-16,994.50,1012.00,983.50,1003.00,181198
19-Jul-16,991.00,1007.00,981.50,995.00,213772
18-Jul-16,968.00,996.50,968.00,988.00,136454
15-Jul-16,969.50,980.00,954.50,976.50,132255
14-Jul-16,982.50,982.50,953.52,976.00,159805
13-Jul-16,984.50,990.50,972.50,979.50,190180
12-Jul-16,982.50,997.00,969.42,984.50,108362
11-Jul-16,953.00,982.50,939.00,974.00,141281
8-Jul-16,918.50,962.50,918.00,951.50,177621
7-Jul-16,909.00,935.48,901.11,924.00,192161
6-Jul-16,916.00,922.50,888.00,897.00,303567
5-Jul-16,965.00,986.50,916.50,927.00,229178
4-Jul-16,997.50,999.24,957.00,964.00,111376
1-Jul-16,960.50,992.50,960.50,987.00,150461
30-Jun-16,947.00,973.50,933.60,970.00,205053
29-Jun-16,957.00,963.52,937.00,947.50,273441
28-Jun-16,904.50,947.00,893.64,940.00,282739
27-Jun-16,935.00,948.22,869.00,884.00,497147
24-Jun-16,1030.00,1030.00,929.50,930.50,637006
23-Jun-16,1088.00,1108.00,1077.00,1088.00,106560
22-Jun-16,1080.00,1085.00,1047.00,1078.00,224653
21-Jun-16,1076.00,1092.00,1062.00,1083.00,159979
20-Jun-16,1043.00,1093.00,1037.00,1086.00,180543
17-Jun-16,1012.00,1035.00,1011.00,1021.00,255120
16-Jun-16,1029.00,1029.00,996.33,1017.00,225703
15-Jun-16,1060.00,1060.00,1022.00,1024.00,174289
14-Jun-16,1033.00,1053.00,1029.69,1032.00,120017
13-Jun-16,1078.00,1078.00,1048.00,1053.00,160304
10-Jun-16,1099.00,1103.00,1068.00,1072.00,127373
9-Jun-16,1113.00,1114.00,1091.20,1108.00,113507
3-Jun-16,1120.00,1123.00,1098.64,1114.00,124498
2-Jun-16,1119.00,1134.00,1109.00,1124.00,124908
1-Jun-16,1118.00,1138.00,1118.00,1129.00,135313
31-May-16,1141.00,1142.00,1111.00,1127.00,168474
27-May-16,1128.00,1145.00,1128.00,1139.00,109332
26-May-16,1123.00,1149.00,1123.00,1135.00,107347
25-May-16,1125.00,1135.00,1111.00,1128.00,93591
24-May-16,1108.00,1133.00,1105.20,1123.00,103535
23-May-16,1110.00,1124.00,1109.00,1119.00,168945
20-May-16,1097.00,1121.00,1096.00,1115.00,201428
19-May-16,1090.00,1104.00,1077.00,1099.00,205268
18-May-16,1094.00,1108.00,1085.00,1098.00,133900
17-May-16,1104.00,1115.00,1089.00,1099.00,103695
16-May-16,1102.00,1106.59,1090.15,1098.00,91323
13-May-16,1109.00,1109.00,1082.00,1098.00,118728
12-May-16,1101.00,1111.70,1085.00,1101.00,182132
11-May-16,1092.00,1112.00,1090.00,1093.00,145138
10-May-16,1112.00,1113.00,1083.00,1089.00,159957
9-May-16,1063.00,1130.00,1062.80,1097.00,370863
6-May-16,1089.00,1097.59,1058.00,1068.00,281428
5-May-16,1071.00,1120.00,1071.00,1094.00,229620
4-May-16,1069.00,1076.00,1044.00,1048.00,209897
3-May-16,1039.00,1070.00,1024.00,1070.00,208371
29-Apr-16,1056.00,1061.00,1032.00,1033.00,111435
28-Apr-16,1051.00,1064.00,1042.70,1055.00,109524
27-Apr-16,1032.00,1068.00,1032.00,1061.00,150132
26-Apr-16,1070.00,1082.00,1036.00,1040.00,195329
25-Apr-16,1040.00,1089.00,1029.99,1074.00,271321
22-Apr-16,1038.00,1070.00,1036.00,1037.00,143446
21-Apr-16,1054.00,1064.00,1035.00,1046.00,148005
20-Apr-16,1095.00,1103.00,1071.64,1074.00,226510
19-Apr-16,1096.00,1120.00,1088.50,1101.00,154668
18-Apr-16,1074.00,1098.00,1074.00,1095.00,159722
15-Apr-16,1083.00,1097.00,1078.00,1084.00,93269
14-Apr-16,1094.00,1102.40,1076.00,1076.00,91460
13-Apr-16,1078.00,1111.00,1069.00,1095.00,192793
12-Apr-16,1067.00,1072.00,1058.00,1066.00,90127
11-Apr-16,1093.00,1097.84,1067.00,1078.00,73282
8-Apr-16,1071.00,1091.00,1067.00,1084.00,196698
7-Apr-16,1090.00,1090.00,1071.00,1080.00,114923
6-Apr-16,1069.00,1083.00,1062.63,1082.00,86061
5-Apr-16,1083.00,1084.74,1059.00,1075.00,90422
4-Apr-16,1089.00,1101.06,1077.63,1087.00,95002
1-Apr-16,1076.00,1087.00,1054.54,1085.00,154321
31-Mar-16,1094.00,1103.00,1082.00,1087.00,125953
30-Mar-16,1085.00,1107.00,1085.00,1093.00,190020
29-Mar-16,1096.00,1096.00,1067.00,1077.00,97796
24-Mar-16,1090.00,1100.00,1085.00,1090.00,112370
23-Mar-16,1108.00,1114.00,1097.00,1097.00,124638
22-Mar-16,1103.00,1117.00,1097.00,1104.00,201095
21-Mar-16,1088.00,1105.65,1077.40,1102.00,171607
18-Mar-16,1100.00,1103.00,1083.00,1087.00,240271
17-Mar-16,1100.00,1110.00,1085.00,1090.00,176612
16-Mar-16,1084.00,1113.00,1080.00,1082.00,236424
15-Mar-16,1073.00,1083.50,1061.70,1072.00,136341
14-Mar-16,1087.00,1091.00,1077.00,1078.00,85479
11-Mar-16,1066.00,1078.00,1054.00,1078.00,134028
10-Mar-16,1061.00,1090.00,1058.92,1065.00,171225
9-Mar-16,1100.00,1104.55,1068.00,1096.00,164894
8-Mar-16,1132.00,1132.00,1098.00,1102.00,146138
7-Mar-16,1161.00,1189.00,1125.00,1149.00,134689
4-Mar-16,1165.00,1166.74,1143.00,1147.00,154541
3-Mar-16,1153.00,1175.73,1144.20,1170.00,224841
2-Mar-16,1197.00,1210.94,1135.00,1146.00,336642
1-Mar-16,1056.00,1210.00,1052.50,1200.00,493748
29-Feb-16,1030.00,1045.76,1023.00,1035.00,140542
26-Feb-16,1056.00,1075.32,1045.00,1045.00,81911
25-Feb-16,1042.00,1054.20,1039.00,1045.00,224566
24-Feb-16,1040.00,1067.00,1024.00,1027.00,162055
23-Feb-16,1040.00,1071.00,1017.99,1021.00,103891
22-Feb-16,1022.00,1051.00,1022.00,1040.00,167860
19-Feb-16,1039.00,1048.00,1017.00,1018.00,106948
18-Feb-16,1026.00,1047.00,1026.00,1039.00,147143
17-Feb-16,1000.00,1034.00,1000.00,1023.00,120022
16-Feb-16,1019.00,1028.00,994.50,995.00,225923
15-Feb-16,995.50,1026.00,995.50,1008.00,129438
12-Feb-16,985.00,995.92,977.00,988.00,201055
11-Feb-16,977.00,986.50,962.50,983.00,203478
10-Feb-16,976.50,994.50,976.00,986.00,257491
9-Feb-16,974.00,980.50,959.50,977.50,295620
8-Feb-16,997.50,997.50,957.41,962.60,378582
5-Feb-16,1019.00,1027.00,981.00,991.50,218143
4-Feb-16,1037.00,1045.00,1010.00,1019.00,126144
3-Feb-16,1049.00,1058.00,1021.00,1056.10,217952
2-Feb-16,1043.00,1059.00,1040.00,1048.00,171195
1-Feb-16,1040.00,1050.00,1028.00,1040.00,256379
29-Jan-16,1055.00,1055.00,1034.00,1042.00,196383
28-Jan-16,1030.00,1072.00,1028.00,1065.00,340212
27-Jan-16,997.00,1052.00,984.66,1020.00,309833
26-Jan-16,977.00,996.50,970.00,995.00,271018
25-Jan-16,1006.00,1006.00,981.27,990.50,180314
22-Jan-16,1005.00,1008.20,973.50,994.50,280668
21-Jan-16,984.00,992.00,957.50,991.50,325908
20-Jan-16,989.00,989.00,952.50,970.00,490852
19-Jan-16,1012.00,1022.00,988.50,1011.00,387539
18-Jan-16,1003.00,1009.00,985.50,995.00,212285
15-Jan-16,1028.00,1034.00,984.00,1011.00,592312
14-Jan-16,1035.00,1040.00,987.00,1021.00,430044
13-Jan-16,1048.00,1090.00,1014.17,1033.00,619537
12-Jan-16,1198.00,1198.76,1040.90,1091.75,918052
11-Jan-16,1270.00,1270.00,1213.00,1225.00,253904
8-Jan-16,1245.00,1266.00,1241.00,1246.00,181138
7-Jan-16,1263.00,1263.00,1227.34,1243.00,191152
6-Jan-16,1288.00,1288.00,1249.00,1276.00,154408
5-Jan-16,1277.00,1277.00,1249.00,1272.00,243439
4-Jan-16,1305.00,1310.00,1267.00,1274.00,125777
31-Dec-15,1318.00,1335.00,1303.00,1314.00,61347
30-Dec-15,1305.00,1310.72,1294.73,1306.00,200179
29-Dec-15,1300.00,1319.00,1292.00,1304.00,89554
24-Dec-15,1289.00,1298.00,1275.00,1298.00,13005
23-Dec-15,1312.00,1312.00,1280.15,1296.00,74022
22-Dec-15,1289.00,1306.00,1275.00,1288.00,89933
21-Dec-15,1280.00,1305.00,1272.54,1287.00,125561
18-Dec-15,1294.00,1294.00,1272.00,1280.00,198138
16-Dec-15,1295.00,1301.00,1281.00,1291.00,156735
15-Dec-15,1268.00,1291.00,1268.00,1275.00,124572
14-Dec-15,1242.00,1281.00,1242.00,1270.00,188367
11-Dec-15,1289.00,1289.00,1250.00,1254.00,104696
10-Dec-15,1270.00,1292.00,1245.00,1250.00,158089
9-Dec-15,1282.00,1309.00,1273.00,1300.00,202915
8-Dec-15,1300.00,1312.00,1295.00,1300.00,182739
7-Dec-15,1301.00,1312.00,1296.74,1302.00,118965
4-Dec-15,1320.00,1323.84,1287.00,1298.00,135860
3-Dec-15,1278.00,1325.88,1278.00,1310.42,214531
2-Dec-15,1268.00,1297.00,1248.00,1265.00,183585
1-Dec-15,1236.00,1267.00,1236.00,1244.00,160137
30-Nov-15,1211.00,1244.00,1211.00,1243.00,143285
27-Nov-15,1205.00,1223.00,1205.00,1216.00,101540
26-Nov-15,1192.00,1219.00,1192.00,1210.00,59765
25-Nov-15,1186.00,1199.00,1178.00,1195.00,78984
24-Nov-15,1199.00,1199.00,1167.00,1181.00,97333
23-Nov-15,1182.00,1205.00,1182.00,1196.00,77722
20-Nov-15,1196.00,1211.00,1193.00,1208.00,73740
19-Nov-15,1196.00,1212.00,1188.16,1200.00,171373
18-Nov-15,1177.00,1193.00,1171.00,1185.00,79962
17-Nov-15,1173.00,1193.00,1171.00,1181.00,69334
16-Nov-15,1150.00,1180.00,1149.10,1175.00,91480
13-Nov-15,1155.00,1174.00,1155.00,1163.00,79661
12-Nov-15,1169.00,1189.00,1159.00,1166.00,159978
11-Nov-15,1176.00,1190.00,1163.00,1176.00,119112
10-Nov-15,1177.00,1177.00,1142.00,1161.00,125197
9-Nov-15,1175.00,1175.56,1159.00,1165.00,95507
6-Nov-15,1187.00,1200.00,1169.00,1175.00,181025
5-Nov-15,1181.00,1194.00,1167.00,1191.00,129182
4-Nov-15,1187.00,1194.00,1177.00,1181.00,114149
3-Nov-15,1192.00,1199.00,1180.00,1187.00,95496
2-Nov-15,1188.00,1206.00,1185.00,1188.00,111043
30-Oct-15,1185.00,1193.44,1179.00,1189.00,125943
29-Oct-15,1184.00,1197.00,1178.00,1185.00,126940
28-Oct-15,1155.00,1190.00,1153.00,1184.12,191971
27-Oct-15,1152.00,1166.00,1150.60,1153.00,74623
26-Oct-15,1145.00,1163.00,1145.00,1155.00,71740
23-Oct-15,1139.00,1158.00,1130.00,1154.00,110312
22-Oct-15,1134.00,1147.00,1134.00,1136.00,150051
21-Oct-15,1134.00,1143.87,1117.00,1138.00,183196
20-Oct-15,1124.00,1142.80,1123.00,1128.00,133883
19-Oct-15,1121.00,1144.00,1112.00,1129.00,103891
16-Oct-15,1108.00,1129.00,1108.00,1122.00,139093
15-Oct-15,1099.00,1103.00,1087.00,1103.00,100068
14-Oct-15,1095.00,1116.00,1088.00,1093.00,146729
13-Oct-15,1102.00,1109.00,1091.00,1099.00,172242
12-Oct-15,1103.00,1120.00,1097.00,1104.00,167407
9-Oct-15,1135.00,1135.00,1096.00,1102.00,153566
8-Oct-15,1137.00,1138.84,1106.00,1119.00,214268
7-Oct-15,1163.00,1173.00,1123.00,1130.00,326943
6-Oct-15,1118.00,1192.00,1115.00,1165.00,571412
5-Oct-15,1090.00,1090.00,1069.00,1076.00,100342
2-Oct-15,1092.00,1092.00,1054.00,1091.00,93998
1-Oct-15,1098.00,1098.00,1077.00,1081.00,121846
30-Sep-15,1090.00,1095.00,1079.00,1085.00,147162
29-Sep-15,1080.00,1089.00,1066.00,1072.00,126403
28-Sep-15,1091.00,1103.00,1085.00,1085.00,85641
25-Sep-15,1095.00,1117.00,1093.00,1106.00,162892
24-Sep-15,1090.00,1105.00,1075.00,1080.00,153937
23-Sep-15,1093.00,1098.00,1079.72,1089.00,105540
22-Sep-15,1109.00,1115.00,1082.00,1087.00,103484
21-Sep-15,1122.00,1127.00,1109.74,1110.00,146134
18-Sep-15,1122.00,1128.00,1114.00,1125.00,226392
17-Sep-15,1123.00,1132.00,1122.00,1125.00,101803
16-Sep-15,1114.00,1129.00,1106.32,1125.00,164648
15-Sep-15,1134.00,1134.00,1095.00,1103.00,131648
14-Sep-15,1127.00,1136.00,1108.44,1121.00,87257
11-Sep-15,1127.00,1128.00,1113.00,1119.00,84635
10-Sep-15,1140.00,1151.00,1117.00,1126.00,134197
9-Sep-15,1140.00,1159.00,1136.00,1147.00,145938
8-Sep-15,1128.00,1128.00,1114.94,1121.00,65235
7-Sep-15,1116.00,1127.00,1100.90,1111.00,118773
4-Sep-15,1112.00,1125.00,1104.00,1122.45,105555
3-Sep-15,1127.00,1130.00,1114.00,1125.60,207395
2-Sep-15,1127.00,1138.46,1119.00,1130.00,99298
1-Sep-15,1117.00,1128.00,1098.00,1120.75,173896
28-Aug-15,1161.00,1161.64,1122.00,1140.00,156074
27-Aug-15,1157.00,1175.00,1144.00,1157.00,188005
26-Aug-15,1146.00,1159.00,1118.72,1139.00,232015
25-Aug-15,1107.00,1157.00,1101.00,1153.00,234168
24-Aug-15,1122.00,1129.00,1062.87,1095.00,246317
21-Aug-15,1167.00,1183.00,1141.00,1146.00,144205
20-Aug-15,1184.00,1200.00,1177.00,1186.90,82962
19-Aug-15,1208.00,1208.00,1188.75,1189.00,85666
18-Aug-15,1202.00,1217.00,1202.00,1211.00,70707
17-Aug-15,1222.00,1229.00,1202.00,1211.00,57336
14-Aug-15,1223.00,1232.00,1202.00,1220.00,112903
13-Aug-15,1222.00,1229.00,1199.00,1217.00,119879
12-Aug-15,1229.00,1229.16,1195.00,1218.00,158671
11-Aug-15,1247.00,1253.00,1240.00,1243.00,151424
10-Aug-15,1256.00,1259.00,1230.00,1241.50,248818
7-Aug-15,1267.00,1267.00,1222.00,1245.00,201572
6-Aug-15,1282.00,1288.25,1251.72,1259.00,230923
5-Aug-15,1329.00,1329.54,1275.00,1285.00,250657
4-Aug-15,1325.00,1331.00,1312.00,1327.00,216983
3-Aug-15,1358.00,1359.00,1312.00,1320.00,240163
31-Jul-15,1349.00,1369.00,1334.00,1355.00,246903
30-Jul-15,1289.00,1343.00,1289.00,1299.00,327252
29-Jul-15,1217.00,1293.00,1191.20,1285.00,407684
28-Jul-15,1165.00,1190.00,1160.00,1184.00,124072
27-Jul-15,1186.00,1186.00,1159.00,1168.00,83546
24-Jul-15,1194.00,1194.00,1178.00,1183.00,75221
23-Jul-15,1200.00,1200.00,1188.00,1190.00,139210
22-Jul-15,1192.00,1198.00,1185.00,1197.00,76485
21-Jul-15,1192.00,1199.00,1175.72,1193.00,118902
20-Jul-15,1188.00,1196.00,1163.00,1193.00,118215
17-Jul-15,1188.00,1188.00,1167.00,1183.50,98604
16-Jul-15,1185.00,1198.00,1176.00,1178.00,136731
15-Jul-15,1158.00,1178.00,1146.00,1176.00,227519
14-Jul-15,1136.00,1158.64,1128.16,1154.00,203850
13-Jul-15,1140.00,1144.00,1127.00,1132.73,208026
10-Jul-15,1160.00,1161.00,1124.20,1135.00,191555
9-Jul-15,1138.00,1152.00,1138.00,1150.00,95285
8-Jul-15,1144.00,1157.50,1133.00,1137.00,168856
7-Jul-15,1167.00,1167.00,1142.09,1148.00,119991
6-Jul-15,1150.00,1170.00,1150.00,1158.00,137098
3-Jul-15,1174.00,1175.00,1157.63,1165.00,105707
2-Jul-15,1210.00,1212.00,1168.00,1171.00,131560
1-Jul-15,1199.00,1210.00,1182.01,1206.00,84878
30-Jun-15,1190.00,1204.00,1183.00,1183.00,133342
29-Jun-15,1186.00,1215.00,1178.62,1202.00,135349
26-Jun-15,1208.00,1216.00,1193.42,1207.00,141985
25-Jun-15,1190.00,1208.00,1180.00,1205.00,189636
24-Jun-15,1191.00,1194.00,1179.55,1185.00,129417
23-Jun-15,1205.00,1205.00,1181.00,1186.00,141676
22-Jun-15,1171.00,1192.00,1159.88,1186.00,180519
19-Jun-15,1169.00,1174.00,1146.00,1169.00,499347
18-Jun-15,1161.00,1166.00,1143.00,1156.00,168481
17-Jun-15,1189.00,1189.00,1149.00,1165.00,164063
16-Jun-15,1172.00,1187.00,1163.00,1182.00,152159
15-Jun-15,1168.00,1176.00,1161.78,1170.00,99650
12-Jun-15,1190.00,1197.00,1170.00,1176.50,180221
11-Jun-15,1190.00,1208.00,1186.54,1198.00,162907
10-Jun-15,1177.00,1197.28,1177.00,1191.00,141032
9-Jun-15,1191.00,1200.00,1178.00,1187.00,177574
8-Jun-15,1182.00,1194.00,1176.44,1185.00,115813
5-Jun-15,1187.00,1189.20,1168.54,1178.00,136644
4-Jun-15,1197.00,1199.92,1184.00,1188.00,133375
3-Jun-15,1195.00,1202.00,1185.00,1191.00,233451
2-Jun-15,1206.00,1206.00,1189.00,1189.00,108346
1-Jun-15,1201.00,1210.00,1184.00,1198.00,142962
29-May-15,1206.00,1217.00,1186.00,1189.00,189843
28-May-15,1209.00,1215.00,1195.48,1208.00,276339
27-May-15,1162.00,1218.00,1162.00,1211.00,253258
26-May-15,1181.00,1194.00,1165.00,1178.00,85395
22-May-15,1180.00,1206.03,1170.00,1175.00,201129
21-May-15,1169.00,1185.00,1156.00,1180.00,271264
20-May-15,1157.00,1169.92,1148.00,1168.00,141517
19-May-15,1165.00,1171.00,1147.00,1164.00,101896
18-May-15,1141.00,1155.00,1138.00,1155.00,186607
15-May-15,1143.00,1152.00,1136.00,1150.00,135251
14-May-15,1144.00,1144.00,1125.77,1131.00,117987
13-May-15,1138.00,1152.00,1129.80,1144.00,122450
12-May-15,1174.00,1189.00,1140.19,1142.00,212897
11-May-15,1162.00,1192.00,1149.34,1183.00,183208
8-May-15,1150.00,1177.00,1147.00,1158.00,211142
7-May-15,1125.00,1151.28,1119.00,1148.00,235219
6-May-15,1146.00,1152.00,1130.00,1136.00,163866
5-May-15,1168.00,1174.00,1133.00,1144.00,339316
1-May-15,1190.00,1193.28,1153.00,1156.00,153536
30-Apr-15,1162.00,1197.00,1133.42,1189.00,278565
29-Apr-15,1101.00,1160.00,1085.00,1115.39,433340
28-Apr-15,1106.00,1114.40,1074.00,1076.00,221960
27-Apr-15,1092.00,1126.40,1085.00,1111.00,136977
24-Apr-15,1080.00,1097.00,1080.00,1095.00,80428
23-Apr-15,1076.00,1095.00,1076.00,1086.00,115002
22-Apr-15,1082.00,1089.50,1069.36,1084.50,164977
21-Apr-15,1070.00,1090.00,1067.00,1083.00,137625
20-Apr-15,1069.00,1074.28,1062.00,1066.00,84866
17-Apr-15,1068.00,1079.00,1059.00,1059.00,111975
16-Apr-15,1082.00,1087.00,1064.00,1072.00,257984
15-Apr-15,1055.00,1087.13,1048.00,1083.00,207562
14-Apr-15,1067.00,1067.00,1040.00,1049.00,108329
13-Apr-15,1080.00,1080.00,1043.00,1056.00,140565
10-Apr-15,1069.00,1078.00,1053.00,1065.00,211527
9-Apr-15,1036.00,1071.00,1028.00,1070.00,272826
8-Apr-15,1044.00,1044.28,1020.10,1033.00,252277
7-Apr-15,1033.00,1040.00,1022.00,1037.00,199717
2-Apr-15,1023.00,1045.00,999.00,1038.00,137763
1-Apr-15,1015.00,1027.00,1000.00,1019.00,178718
31-Mar-15,1032.00,1044.00,1018.00,1022.00,118166
30-Mar-15,1027.00,1052.00,1026.00,1043.00,104909
27-Mar-15,1036.00,1051.00,1016.00,1022.00,140451
26-Mar-15,1010.00,1038.00,1004.00,1035.00,198440
25-Mar-15,1017.00,1027.00,1016.00,1020.00,136016
24-Mar-15,1030.00,1042.05,1015.94,1025.00,110257
23-Mar-15,1040.00,1040.00,1013.63,1025.00,276962
20-Mar-15,1018.00,1037.00,1010.05,1035.00,322949
19-Mar-15,1000.00,1020.00,1000.00,1012.00,195230
18-Mar-15,1012.00,1029.00,1009.00,1020.00,217933
17-Mar-15,1015.00,1019.00,1001.76,1010.00,128935
16-Mar-15,1015.00,1016.55,999.98,1015.00,221889
13-Mar-15,987.00,1014.00,987.00,1010.00,153198
12-Mar-15,1005.00,1025.00,988.10,993.98,173411
11-Mar-15,976.50,1023.00,963.85,1013.00,319152
10-Mar-15,965.50,993.50,963.00,967.00,205596
9-Mar-15,980.00,980.00,956.50,971.00,202686
6-Mar-15,1000.00,1001.56,970.50,973.50,229855
5-Mar-15,968.50,1019.00,950.00,1001.00,295617
4-Mar-15,896.00,975.50,876.00,963.00,618761
3-Mar-15,885.00,898.00,870.50,870.50,174396
2-Mar-15,871.50,899.00,871.50,887.50,129165
27-Feb-15,863.50,886.00,861.88,877.00,172533
26-Feb-15,859.50,864.42,837.50,860.00,151514
25-Feb-15,849.00,866.00,841.44,865.50,126432
24-Feb-15,868.50,868.50,833.00,842.50,230480
23-Feb-15,860.50,871.00,852.19,862.50,99658
20-Feb-15,852.50,861.00,851.00,852.50,76267
19-Feb-15,846.00,865.00,846.00,862.50,93502
18-Feb-15,853.50,858.50,842.00,846.50,127232
17-Feb-15,851.50,853.50,841.50,847.00,120287
16-Feb-15,850.50,851.00,842.00,847.00,67379
13-Feb-15,867.50,867.50,847.50,850.50,176014
12-Feb-15,840.50,867.50,836.81,859.00,246288
11-Feb-15,836.50,840.00,830.00,835.50,107060
10-Feb-15,830.00,843.00,829.00,834.00,116828
9-Feb-15,835.50,835.50,825.00,832.50,136133
6-Feb-15,830.00,841.50,830.00,835.50,127776
5-Feb-15,834.50,842.50,832.00,839.50,122534
4-Feb-15,828.00,843.00,828.00,841.00,123218
3-Feb-15,834.00,841.50,827.00,831.00,163861
2-Feb-15,825.50,845.50,811.00,830.00,212148
30-Jan-15,830.00,830.00,801.00,821.00,201144
29-Jan-15,821.50,835.00,821.50,830.00,153603
28-Jan-15,835.00,835.00,820.50,827.00,238873
27-Jan-15,846.00,853.00,822.50,829.50,141047
26-Jan-15,860.00,860.00,843.00,843.00,164111
23-Jan-15,846.00,874.00,840.31,859.50,251595
22-Jan-15,847.00,849.78,835.91,841.00,172253
21-Jan-15,839.00,851.50,828.06,840.50,158915
20-Jan-15,839.00,839.50,826.00,832.00,149619
19-Jan-15,830.00,838.00,815.00,835.50,215897
16-Jan-15,844.00,852.00,823.50,838.50,249875
15-Jan-15,821.00,843.50,814.50,841.50,224993
14-Jan-15,814.50,842.00,804.00,823.31,310312
13-Jan-15,781.00,821.00,780.00,820.50,384930
12-Jan-15,729.00,750.00,727.35,749.50,147178
9-Jan-15,733.00,739.06,714.00,738.00,199144
8-Jan-15,740.00,740.00,728.41,729.00,98073
7-Jan-15,726.00,738.50,726.00,732.50,119949
6-Jan-15,715.00,734.50,715.00,725.00,84001
5-Jan-15,721.00,729.00,717.00,722.50,108058
31-Dec-14,719.00,733.90,717.90,732.00,17572
30-Dec-14,729.50,729.50,720.00,727.50,41755
29-Dec-14,739.00,739.00,722.00,727.00,79394
24-Dec-14,730.00,737.50,718.28,734.50,53757
23-Dec-14,736.00,736.00,710.00,724.00,183643
22-Dec-14,703.00,737.50,697.00,737.50,207303
19-Dec-14,700.00,712.50,690.00,696.09,1219458
18-Dec-14,705.00,705.00,688.00,693.00,91938
17-Dec-14,686.50,707.12,686.50,693.37,124530
16-Dec-14,705.00,705.00,683.50,690.00,218326
15-Dec-14,680.50,704.50,675.62,692.50,161397
12-Dec-14,665.00,665.00,650.00,656.50,72902
11-Dec-14,661.00,664.00,651.50,663.00,73379
10-Dec-14,658.00,663.50,648.09,662.00,91341
9-Dec-14,646.00,664.00,646.00,650.00,70884
8-Dec-14,641.00,661.50,640.90,661.00,40841
5-Dec-14,631.50,648.25,625.25,646.00,87196
4-Dec-14,632.00,632.00,618.00,627.00,51600
3-Dec-14,628.50,631.50,623.50,628.63,117142
2-Dec-14,615.50,627.00,615.50,625.00,134519
1-Dec-14,629.50,637.70,617.50,621.20,57914
28-Nov-14,636.50,640.00,631.50,636.00,64504
27-Nov-14,636.50,642.44,633.50,636.00,36701
26-Nov-14,640.00,646.50,635.00,639.00,76450
25-Nov-14,636.50,649.15,632.14,643.00,69966
24-Nov-14,641.00,641.00,628.30,633.00,76663
21-Nov-14,632.50,643.00,632.50,636.50,54320
20-Nov-14,644.50,644.50,627.88,636.60,66067
19-Nov-14,635.50,640.88,631.00,638.50,73595
18-Nov-14,631.50,639.02,626.50,633.50,99055
17-Nov-14,630.50,632.00,619.84,627.50,65634
14-Nov-14,630.00,632.50,621.38,631.50,79251
13-Nov-14,626.50,630.00,618.00,630.00,74103
12-Nov-14,625.00,625.00,618.00,622.50,201280
11-Nov-14,612.50,624.50,612.50,621.50,68354
10-Nov-14,606.50,618.50,598.85,618.50,127199
7-Nov-14,625.50,625.50,600.00,605.50,148534
6-Nov-14,615.00,625.00,611.50,618.50,81572
5-Nov-14,605.50,620.00,605.50,615.50,121637
4-Nov-14,612.50,620.00,600.97,607.00,397058
3-Nov-14,601.50,613.50,601.50,609.00,160596
31-Oct-14,574.50,610.00,574.50,605.00,284633
30-Oct-14,570.50,578.50,564.00,575.00,176765
29-Oct-14,574.50,586.50,567.00,577.00,176895
28-Oct-14,580.00,580.00,576.00,577.50,84169
27-Oct-14,575.50,580.00,574.00,577.00,84697
24-Oct-14,579.00,580.12,572.00,580.12,78480
23-Oct-14,584.00,585.00,568.38,580.00,130934
22-Oct-14,577.00,582.00,577.00,579.00,142031
21-Oct-14,569.50,584.00,569.50,579.50,114425
20-Oct-14,583.00,586.00,571.90,578.00,52410
17-Oct-14,569.50,581.75,566.00,573.50,68821
16-Oct-14,562.00,571.35,547.80,565.50,78722
15-Oct-14,579.00,582.12,563.00,567.00,69015
14-Oct-14,569.00,582.00,569.00,577.00,77870
13-Oct-14,574.50,582.15,567.05,576.50,74311
10-Oct-14,590.00,591.00,579.00,580.00,84139
9-Oct-14,599.50,600.00,589.50,590.00,63858
8-Oct-14,600.00,604.00,589.25,591.00,74025
7-Oct-14,602.00,610.00,597.00,607.00,167911
6-Oct-14,594.50,610.00,593.50,595.00,72919
3-Oct-14,598.50,605.38,588.38,604.00,70149
2-Oct-14,604.50,610.00,589.00,592.25,80963
1-Oct-14,590.00,604.50,590.00,598.00,94189
30-Sep-14,594.50,599.50,586.75,592.00,69406
29-Sep-14,589.00,601.50,589.00,594.50,55617
26-Sep-14,595.50,597.12,585.50,589.50,69206
25-Sep-14,605.00,605.75,590.00,592.50,74106
24-Sep-14,611.50,611.50,597.00,598.00,99816
23-Sep-14,592.00,649.00,590.50,604.00,189939
22-Sep-14,595.00,598.38,590.00,590.00,86744
19-Sep-14,598.00,600.00,590.00,595.50,102540
18-Sep-14,598.00,599.50,593.39,595.00,57031
17-Sep-14,609.00,609.00,593.00,595.00,88817
16-Sep-14,602.00,607.38,588.42,595.00,108505
15-Sep-14,560.00,617.00,560.00,602.00,468180
12-Sep-14,531.50,538.00,527.72,536.00,30776
11-Sep-14,540.00,540.00,530.42,536.00,55324
10-Sep-14,532.00,537.50,529.80,536.50,50837
9-Sep-14,533.50,540.00,533.50,539.50,54921
8-Sep-14,539.00,539.00,526.50,536.00,42022
5-Sep-14,540.00,540.00,532.65,538.00,73058
4-Sep-14,545.00,545.50,535.33,540.00,42608
3-Sep-14,547.50,547.50,535.00,539.00,49859
2-Sep-14,544.00,548.05,541.74,547.00,53921
1-Sep-14,550.00,550.00,540.50,542.50,13258
29-Aug-14,549.00,549.00,540.54,547.00,63446
28-Aug-14,548.00,552.50,541.50,547.00,82380
27-Aug-14,548.50,551.00,540.00,548.00,91923
26-Aug-14,545.00,550.50,544.22,546.00,110192
22-Aug-14,554.00,555.50,545.00,550.00,63972
21-Aug-14,558.00,560.30,552.50,555.00,36427
20-Aug-14,561.50,565.00,553.30,558.00,70986
19-Aug-14,561.00,561.00,554.00,559.00,52288
18-Aug-14,557.00,565.00,541.50,560.00,89716
15-Aug-14,563.50,564.50,551.00,556.50,81453
14-Aug-14,550.50,559.50,545.60,557.00,78185
13-Aug-14,541.50,555.00,541.50,547.50,63568
12-Aug-14,548.50,551.50,540.37,545.50,78927
11-Aug-14,539.00,550.50,533.50,547.00,81960
8-Aug-14,525.00,545.00,525.00,540.00,164563
7-Aug-14,525.50,533.50,520.50,533.50,60254
6-Aug-14,531.00,531.00,519.00,523.50,56073
5-Aug-14,520.50,537.00,520.00,532.00,91721
4-Aug-14,519.00,527.50,515.92,520.00,76621
1-Aug-14,521.00,524.66,514.50,523.00,81316
31-Jul-14,528.50,529.00,511.50,523.50,103275
30-Jul-14,510.00,528.50,503.00,520.50,114297
29-Jul-14,510.50,511.00,497.50,500.00,120019
28-Jul-14,510.50,513.50,507.00,507.00,39689
25-Jul-14,520.50,523.12,510.00,511.00,70144
24-Jul-14,518.00,520.50,509.00,516.50,66105
23-Jul-14,512.50,520.00,509.00,513.50,78388
22-Jul-14,506.00,515.50,504.00,510.00,94085
21-Jul-14,505.00,516.00,505.00,510.00,78763
18-Jul-14,525.50,525.50,502.50,504.00,181309
17-Jul-14,525.50,534.00,520.00,525.00,65993
16-Jul-14,522.00,528.50,520.00,522.50,140694
15-Jul-14,530.50,531.00,518.92,520.00,38253
14-Jul-14,531.00,534.00,524.00,528.00,46278
11-Jul-14,528.50,536.50,525.00,529.74,69296
10-Jul-14,533.50,535.50,520.50,526.00,90531
9-Jul-14,543.50,543.50,524.00,532.50,99748
8-Jul-14,549.00,553.00,530.50,532.50,111705
7-Jul-14,569.00,569.00,559.50,564.50,43748
4-Jul-14,562.00,570.50,562.00,568.00,41098
3-Jul-14,572.00,574.00,560.45,567.00,84233
2-Jul-14,553.00,579.50,553.00,572.00,94121
1-Jul-14,534.50,565.00,533.70,559.50,174922
30-Jun-14,525.00,538.00,524.50,536.00,46418
27-Jun-14,523.00,528.00,521.50,525.50,71987
26-Jun-14,520.50,530.00,520.50,526.00,62451
25-Jun-14,529.50,529.50,518.50,521.50,57022
24-Jun-14,526.50,533.00,520.10,532.00,94215
23-Jun-14,537.00,537.00,525.50,527.00,65810
20-Jun-14,522.00,544.00,522.00,538.00,174346
19-Jun-14,524.00,529.50,511.50,521.00,148828
18-Jun-14,518.00,525.50,517.50,521.00,27395
17-Jun-14,518.50,525.50,516.00,516.50,41668
16-Jun-14,525.50,525.50,513.49,522.50,211962
13-Jun-14,518.50,526.50,518.50,526.50,41691
12-Jun-14,525.50,527.75,520.25,526.00,52864
11-Jun-14,524.00,530.50,519.50,527.00,72973
10-Jun-14,527.00,534.62,520.50,522.50,48246
9-Jun-14,525.00,529.50,522.01,522.50,40364
6-Jun-14,526.50,526.50,518.00,522.00,55045
5-Jun-14,525.50,532.00,518.00,526.50,57476
4-Jun-14,525.00,529.00,521.00,528.00,40149
3-Jun-14,528.50,533.00,523.50,527.00,58399
2-Jun-14,524.00,533.00,521.38,531.00,81908
30-May-14,525.00,527.00,519.00,520.00,76570
29-May-14,518.00,529.00,518.00,525.76,111346
28-May-14,520.00,521.80,515.12,520.00,48217
27-May-14,514.00,527.00,514.00,522.50,83725
23-May-14,515.00,518.50,510.92,517.00,49445
22-May-14,517.00,522.50,513.82,516.00,123901
21-May-14,515.50,530.12,515.50,525.00,58162
20-May-14,527.00,527.00,519.10,525.00,42216
19-May-14,524.50,535.00,514.62,525.50,95608
16-May-14,526.00,531.50,519.00,521.00,44329
15-May-14,530.50,543.00,527.00,530.50,47988
14-May-14,536.00,544.50,528.38,533.50,51432
13-May-14,539.50,542.25,532.00,536.50,47040
12-May-14,542.50,545.88,536.50,540.00,37476
9-May-14,545.00,549.00,537.98,543.50,127175
8-May-14,550.00,550.00,538.50,543.50,124223
7-May-14,549.00,550.38,539.00,544.00,73071
6-May-14,547.50,554.00,536.00,548.00,65428
2-May-14,549.50,551.50,537.00,550.00,102285
1-May-14,536.50,562.88,533.80,551.00,121464
30-Apr-14,518.50,538.00,507.85,535.00,216158
29-Apr-14,504.50,517.50,504.50,517.50,76511
28-Apr-14,506.50,509.00,500.85,505.00,29358
25-Apr-14,504.00,510.00,504.00,507.00,27798
24-Apr-14,501.50,514.50,501.50,508.50,59659
23-Apr-14,506.00,513.00,504.27,507.00,39361
22-Apr-14,518.00,518.50,505.00,508.00,75394
17-Apr-14,502.50,515.00,500.80,510.00,68343
16-Apr-14,494.00,510.00,492.92,505.00,155173
15-Apr-14,492.75,501.50,483.00,489.75,135539
14-Apr-14,497.00,499.75,491.50,495.25,52035
11-Apr-14,509.50,509.50,494.00,502.50,65253
10-Apr-14,500.00,508.50,492.85,505.50,79491
9-Apr-14,509.50,509.50,491.61,501.50,74886
8-Apr-14,522.00,524.00,512.50,518.00,93264
7-Apr-14,512.00,525.50,512.00,521.10,111332
4-Apr-14,519.50,527.63,516.62,519.00,121966
3-Apr-14,514.50,521.00,507.00,519.00,153062
2-Apr-14,515.00,522.50,509.62,511.50,54758
1-Apr-14,503.50,515.00,503.20,511.00,59014
31-Mar-14,505.50,507.00,501.00,505.50,50152
28-Mar-14,499.00,511.50,495.00,501.50,63945
27-Mar-14,497.25,499.75,491.00,499.75,76339
26-Mar-14,502.00,504.00,495.00,498.50,61307
25-Mar-14,495.25,505.50,495.25,499.75,50714
24-Mar-14,499.00,501.00,490.38,497.25,109860
21-Mar-14,499.75,506.00,497.00,497.50,125611
20-Mar-14,501.50,509.50,497.86,502.50,73333
19-Mar-14,499.00,508.00,498.50,505.50,52095
18-Mar-14,492.25,501.88,490.25,498.00,44172
17-Mar-14,491.25,495.75,488.42,494.25,42227
14-Mar-14,486.00,495.00,484.25,492.50,45106
13-Mar-14,499.00,499.25,486.50,490.00,111568
12-Mar-14,508.00,508.00,497.75,500.00,87775
11-Mar-14,509.00,509.50,501.00,503.50,75897
10-Mar-14,506.50,509.50,503.00,507.50,70339
7-Mar-14,512.00,518.00,506.00,508.50,96875
6-Mar-14,512.00,516.50,509.50,509.50,115592
5-Mar-14,502.00,512.50,497.75,512.00,86932
4-Mar-14,498.00,504.00,495.00,502.00,120296
3-Mar-14,493.50,497.50,490.00,494.75,121445
28-Feb-14,489.25,503.50,486.50,503.50,134625
27-Feb-14,477.75,489.75,477.75,488.00,209106
26-Feb-14,524.50,525.00,476.75,509.00,426312
25-Feb-14,535.00,535.00,524.50,530.00,166889
24-Feb-14,520.50,538.00,520.50,533.50,123876
21-Feb-14,521.00,524.50,516.00,524.00,75843
20-Feb-14,515.00,523.00,513.00,522.50,59882
19-Feb-14,509.00,521.50,509.00,518.00,179426
18-Feb-14,509.50,515.00,506.00,514.00,73991
17-Feb-14,507.00,518.50,506.00,510.00,47148
14-Feb-14,506.00,511.50,505.00,509.50,52771
13-Feb-14,507.00,508.50,500.50,507.00,62701
12-Feb-14,507.00,510.50,505.50,509.00,61302
11-Feb-14,503.00,507.00,503.00,507.00,43464
10-Feb-14,508.00,508.50,502.50,507.00,44192
7-Feb-14,512.00,518.50,505.50,508.00,75299
6-Feb-14,502.00,512.50,498.50,509.50,75347
5-Feb-14,495.00,500.50,493.75,500.00,77628
4-Feb-14,496.00,498.00,488.25,495.50,71216
3-Feb-14,505.00,505.50,496.25,498.50,84633
31-Jan-14,501.00,505.50,499.00,505.50,124957
30-Jan-14,505.00,505.00,497.50,499.75,68224
29-Jan-14,505.00,509.50,498.25,504.50,78580
28-Jan-14,505.50,505.50,490.75,501.50,106059
27-Jan-14,504.50,507.50,493.50,500.00,209407
24-Jan-14,508.50,512.00,501.00,506.50,71503
23-Jan-14,500.00,513.50,499.50,507.00,126824
22-Jan-14,508.50,508.50,497.00,501.00,186513
21-Jan-14,505.00,506.50,494.75,506.00,85194
20-Jan-14,496.00,508.50,496.00,505.00,144843
17-Jan-14,504.50,505.00,498.75,503.00,113285
16-Jan-14,505.00,509.00,498.00,499.25,97853
15-Jan-14,504.00,509.00,500.00,504.00,122208
14-Jan-14,498.00,503.50,494.00,503.50,100672
13-Jan-14,491.25,506.50,485.00,499.00,168030
10-Jan-14,496.75,500.50,483.75,492.50,258085
9-Jan-14,458.00,497.00,455.00,493.00,629437
8-Jan-14,447.00,450.00,444.00,445.50,96887
7-Jan-14,442.00,447.75,442.00,445.00,148271
6-Jan-14,439.75,442.25,437.75,442.25,97130
3-Jan-14,433.00,440.00,433.00,439.00,84841
2-Jan-14,432.75,434.50,427.75,434.50,114127
31-Dec-13,435.25,435.50,425.00,430.50,42841
30-Dec-13,430.50,439.00,427.00,436.25,75935
27-Dec-13,433.75,441.50,431.00,439.00,151794
24-Dec-13,425.25,432.25,425.00,429.25,50210
23-Dec-13,418.25,435.00,418.25,429.00,196026
20-Dec-13,433.80,437.70,415.00,415.00,1378853
19-Dec-13,442.00,442.30,430.10,434.50,74684
18-Dec-13,423.60,436.70,423.60,433.80,50851
17-Dec-13,431.70,437.80,431.70,433.00,66654
16-Dec-13,430.00,436.30,428.50,433.30,83757
13-Dec-13,434.80,436.00,425.80,426.73,78706
12-Dec-13,433.80,438.10,433.20,434.80,76222
11-Dec-13,437.00,437.70,431.10,433.50,82019
10-Dec-13,435.00,436.00,429.10,429.60,74318
9-Dec-13,441.00,442.40,433.60,434.30,72388
6-Dec-13,440.50,442.00,428.80,439.20,91949
5-Dec-13,429.60,434.10,426.90,429.70,53226
4-Dec-13,435.00,435.00,426.70,431.30,65140
3-Dec-13,436.10,440.70,430.70,430.70,56356
2-Dec-13,443.10,443.10,437.20,437.70,43263
29-Nov-13,445.40,446.80,442.10,442.10,53739
28-Nov-13,442.40,447.00,442.40,446.40,54356
27-Nov-13,441.80,443.40,439.80,442.90,47686
26-Nov-13,436.60,441.50,434.80,439.60,72228
25-Nov-13,438.00,440.50,436.10,438.00,112960
22-Nov-13,430.60,438.50,429.00,435.70,78772
21-Nov-13,437.30,437.30,427.90,428.80,64329
20-Nov-13,441.10,442.00,437.10,438.80,72079
19-Nov-13,445.80,445.80,432.70,442.50,75904
18-Nov-13,447.70,451.30,443.70,446.40,71570
15-Nov-13,451.90,453.20,446.00,448.10,38826
14-Nov-13,455.30,458.10,445.50,452.00,29058
13-Nov-13,452.90,456.60,450.80,452.20,92258
12-Nov-13,456.00,456.00,452.50,452.50,33339
11-Nov-13,451.10,459.20,451.10,455.50,54927
8-Nov-13,450.50,450.60,446.50,450.60,51322
7-Nov-13,449.90,455.80,446.80,450.90,88155
6-Nov-13,449.60,450.60,446.50,448.30,45695
5-Nov-13,456.00,457.20,446.70,448.00,83750
4-Nov-13,459.60,461.30,449.50,455.00,82551
1-Nov-13,460.00,460.90,457.30,459.30,77839
31-Oct-13,459.10,460.10,453.00,460.00,88173
30-Oct-13,452.30,456.80,452.30,456.70,77343
29-Oct-13,453.00,455.50,451.40,452.90,83989
28-Oct-13,447.50,453.80,443.50,452.60,124126
25-Oct-13,443.50,448.70,442.30,447.40,105166
24-Oct-13,442.50,446.00,438.50,443.50,104045
23-Oct-13,440.00,445.40,-,442.00,83030
22-Oct-13,442.60,444.50,436.70,438.30,99973
21-Oct-13,442.00,446.50,435.50,443.50,79453
18-Oct-13,438.00,441.50,438.00,441.30,75567
17-Oct-13,435.50,439.00,429.30,436.30,81758
16-Oct-13,432.40,439.00,425.90,439.00,99885
15-Oct-13,438.20,438.20,431.30,433.00,101270
14-Oct-13,437.10,437.10,431.80,435.00,57920
11-Oct-13,437.40,439.80,433.10,436.70,127783
10-Oct-13,439.80,442.70,432.00,436.73,167977
9-Oct-13,434.00,441.80,425.00,437.48,241674
8-Oct-13,424.20,428.80,422.60,427.30,123837
7-Oct-13,426.10,427.90,420.30,425.10,156473
4-Oct-13,416.00,430.80,416.00,428.00,185521
3-Oct-13,416.60,417.90,415.50,416.10,151094
2-Oct-13,420.50,421.10,413.70,416.40,181948
1-Oct-13,426.30,426.80,418.40,421.30,155814
30-Sep-13,430.10,434.30,419.30,423.60,177124
27-Sep-13,438.80,441.50,431.80,436.80,58487
26-Sep-13,439.30,440.90,430.90,437.40,116314
25-Sep-13,437.90,439.80,433.60,438.10,177585
24-Sep-13,443.80,443.80,435.30,437.40,171059
20-Sep-13,440.70,442.30,435.70,438.60,247309
19-Sep-13,440.00,443.00,432.80,440.00,313016
18-Sep-13,437.50,442.10,432.00,433.90,118915
17-Sep-13,440.90,441.70,433.80,438.40,85326
16-Sep-13,440.00,446.30,437.00,442.10,153954
13-Sep-13,440.60,442.40,437.10,438.30,77432
12-Sep-13,438.90,444.80,437.70,442.70,111882
11-Sep-13,440.00,440.00,434.60,436.40,124467
10-Sep-13,426.50,438.70,424.80,438.70,268789
9-Sep-13,424.10,425.50,419.90,421.20,161162
6-Sep-13,412.50,424.70,412.50,421.70,167902
5-Sep-13,419.10,422.00,416.60,421.20,92475
4-Sep-13,416.40,423.90,415.30,419.30,198645
3-Sep-13,424.00,424.60,420.40,422.60,236973
2-Sep-13,416.50,424.00,415.20,423.00,205634
30-Aug-13,415.00,418.40,411.50,416.50,219312
29-Aug-13,413.70,413.70,409.00,413.50,140897
28-Aug-13,415.10,415.10,406.00,413.50,248069
27-Aug-13,406.70,410.00,406.70,409.00,355919
23-Aug-13,406.00,413.80,405.00,407.10,306853
22-Aug-13,406.60,409.10,403.80,408.00,350960
21-Aug-13,406.60,406.60,397.10,401.20,412033
20-Aug-13,398.90,403.20,395.40,399.00,338077
19-Aug-13,399.50,403.30,396.00,399.50,312714
16-Aug-13,399.50,399.50,393.50,398.90,375367
15-Aug-13,405.00,405.00,395.00,398.70,519012
14-Aug-13,399.10,405.00,396.40,404.90,395097
13-Aug-13,397.90,405.20,397.90,399.50,241172
12-Aug-13,400.00,400.10,394.60,397.40,461277
9-Aug-13,397.20,398.30,394.70,396.80,344978
8-Aug-13,393.50,399.30,388.40,393.80,362837
7-Aug-13,406.00,406.00,388.80,392.10,499264
6-Aug-13,420.00,423.80,397.50,410.00,853031
5-Aug-13,443.00,443.00,435.00,441.60,195555
2-Aug-13,434.70,445.10,432.20,441.50,176171
1-Aug-13,432.30,441.10,432.30,440.00,168045
31-Jul-13,433.60,435.20,429.70,432.80,75696
30-Jul-13,429.60,434.10,427.20,433.00,105864
29-Jul-13,432.00,432.00,428.30,430.40,90211
26-Jul-13,438.40,438.40,431.90,432.10,46233
25-Jul-13,438.90,438.90,432.50,433.80,65042
24-Jul-13,438.70,440.80,435.70,437.92,102581
23-Jul-13,441.70,442.70,436.90,439.33,76782
22-Jul-13,435.70,442.60,434.00,438.50,108683
19-Jul-13,438.20,439.00,435.10,437.36,139552
18-Jul-13,436.50,444.18,432.97,438.12,75038
17-Jul-13,437.10,439.40,431.60,434.90,69079
16-Jul-13,435.60,438.60,432.68,437.60,56839
15-Jul-13,438.00,442.62,436.20,437.60,45724
12-Jul-13,436.50,441.00,432.90,437.40,96135
11-Jul-13,435.00,439.10,431.92,435.90,161160
10-Jul-13,433.50,434.74,428.32,432.90,107684
9-Jul-13,432.00,436.30,429.90,433.00,136603
8-Jul-13,426.00,434.00,424.00,432.30,119152
5-Jul-13,423.70,428.90,421.80,423.00,126915
4-Jul-13,415.20,425.84,413.07,425.20,200144
3-Jul-13,409.90,415.04,409.30,414.70,64601
2-Jul-13,417.30,417.50,410.00,411.10,87734
1-Jul-13,418.90,418.90,411.41,416.60,96977
28-Jun-13,411.90,417.40,410.30,417.40,118649
27-Jun-13,404.70,412.40,404.32,411.00,67991
26-Jun-13,403.40,405.00,398.80,403.90,134760
25-Jun-13,402.90,406.20,400.00,402.90,141505
24-Jun-13,409.20,409.20,399.70,401.30,155805
21-Jun-13,409.70,414.10,402.20,410.10,370924
20-Jun-13,415.70,417.10,409.48,410.20,219666
19-Jun-13,410.10,421.60,409.90,418.80,293163
18-Jun-13,410.10,413.76,407.48,411.20,84099
17-Jun-13,398.60,411.00,398.60,411.00,243924
14-Jun-13,402.00,405.02,398.60,400.30,183661
13-Jun-13,399.10,401.60,394.45,400.40,165117
12-Jun-13,398.50,405.70,398.50,400.90,204043
11-Jun-13,408.60,408.60,397.40,399.30,152688
10-Jun-13,401.00,404.90,400.30,403.60,76980
7-Jun-13,399.94,402.88,395.47,400.30,154238
6-Jun-13,403.10,404.10,398.30,398.30,87212
5-Jun-13,404.20,404.20,399.08,399.20,148579
4-Jun-13,405.00,408.90,404.64,405.70,105196
3-Jun-13,409.20,409.70,403.20,405.40,151059
31-May-13,407.80,409.48,404.50,407.20,168520
30-May-13,408.70,410.90,405.42,407.20,114175
29-May-13,413.30,413.40,406.60,408.20,167403
28-May-13,410.00,415.50,402.80,413.83,225855
24-May-13,413.30,414.94,408.20,410.00,248032
23-May-13,415.00,416.10,407.50,412.00,208155
22-May-13,408.00,418.30,408.00,415.60,200489
21-May-13,411.40,415.10,408.10,412.00,290830
20-May-13,405.50,412.08,405.50,410.10,265264
17-May-13,399.00,406.20,398.20,406.20,315271
16-May-13,398.70,403.00,398.20,399.10,288028
15-May-13,402.40,402.40,398.00,400.00,205463
14-May-13,403.30,405.90,398.00,398.00,644926
13-May-13,396.30,408.98,396.30,402.00,475494
10-May-13,401.90,406.10,398.67,402.00,346372
9-May-13,400.00,403.50,397.21,400.10,150347
8-May-13,397.80,403.30,397.50,400.00,657350
7-May-13,399.50,410.93,398.60,400.00,519530
3-May-13,403.20,403.48,396.80,399.80,754734
2-May-13,408.60,414.25,397.00,398.50,655928
1-May-13,414.50,418.35,408.50,410.28,275522
30-Apr-13,425.90,428.76,410.50,414.50,607229
29-Apr-13,439.28,439.71,421.50,422.70,790453
26-Apr-13,468.20,470.00,460.00,462.50,79023
25-Apr-13,465.60,479.50,463.80,467.90,197632
24-Apr-13,463.60,468.50,459.30,466.70,103264
23-Apr-13,461.80,471.00,460.96,471.00,102217
22-Apr-13,466.10,466.61,460.60,462.00,48719
19-Apr-13,451.50,464.50,451.50,464.50,145831
18-Apr-13,459.60,460.01,451.72,455.30,70150
17-Apr-13,469.10,470.51,455.30,457.00,178173
16-Apr-13,472.50,474.60,465.50,467.30,97819
15-Apr-13,478.80,479.40,473.30,475.00,116257
12-Apr-13,475.60,478.49,469.60,477.40,66361
11-Apr-13,472.50,475.00,467.91,474.00,54583
10-Apr-13,461.50,471.40,460.60,470.00,69459
9-Apr-13,460.00,463.00,457.08,461.80,147710
8-Apr-13,476.50,476.50,459.58,460.00,208099
5-Apr-13,474.90,479.60,471.90,474.70,118554
4-Apr-13,473.10,480.56,469.30,473.00,97733
3-Apr-13,480.00,480.00,468.20,471.50,83634
2-Apr-13,478.70,480.95,476.08,480.00,121604
28-Mar-13,474.60,481.40,467.00,476.80,128624
27-Mar-13,479.20,479.20,466.30,473.50,134929
26-Mar-13,480.80,482.90,475.60,478.00,139604
25-Mar-13,472.70,482.04,472.70,479.50,117454
22-Mar-13,482.30,484.90,478.70,480.00,129016
21-Mar-13,485.00,485.46,476.50,481.00,156590
20-Mar-13,502.75,510.00,480.00,480.00,441858
19-Mar-13,516.50,523.50,504.91,523.50,159052
18-Mar-13,496.50,518.00,496.50,518.00,93651
15-Mar-13,502.00,504.50,498.45,504.50,201767
14-Mar-13,503.00,504.00,496.90,502.50,151329
13-Mar-13,503.00,503.55,496.82,500.00,66527
12-Mar-13,505.00,507.14,501.00,501.00,95164
11-Mar-13,505.00,505.64,500.50,504.50,64783
8-Mar-13,506.50,510.00,505.00,506.00,50953
7-Mar-13,512.00,512.50,507.50,508.00,76611
6-Mar-13,509.00,515.00,506.50,509.50,65616
5-Mar-13,506.50,511.50,506.50,510.00,50592
4-Mar-13,500.00,508.50,500.00,508.50,57326
1-Mar-13,501.50,506.50,496.67,503.00,80941
28-Feb-13,498.00,504.00,495.61,500.50,82901
27-Feb-13,498.00,499.20,494.80,497.60,76011
26-Feb-13,490.10,496.00,486.09,496.00,41288
25-Feb-13,500.00,500.00,493.63,498.90,72252
22-Feb-13,498.60,500.00,495.10,497.80,93808
21-Feb-13,498.00,498.75,493.70,497.10,100234
20-Feb-13,496.00,501.82,495.30,500.00,103935
19-Feb-13,500.00,500.00,489.06,496.00,77752
18-Feb-13,489.90,491.10,486.46,491.10,95974
15-Feb-13,487.30,496.20,484.01,488.10,113994
14-Feb-13,480.90,491.20,480.10,486.00,116117
13-Feb-13,478.40,482.44,476.10,478.70,141464
12-Feb-13,483.10,483.23,467.26,480.00,84695
11-Feb-13,482.70,487.40,480.62,484.00,118405
8-Feb-13,481.70,486.40,478.50,484.00,98045
7-Feb-13,486.90,492.12,482.30,482.30,135811
6-Feb-13,483.10,488.50,480.29,488.20,117254
5-Feb-13,478.20,486.10,477.90,483.20,211050
4-Feb-13,479.50,482.70,478.00,478.20,112926
1-Feb-13,478.70,481.40,475.10,481.20,85390
31-Jan-13,476.70,482.54,475.90,478.00,75485
30-Jan-13,483.90,483.90,471.84,480.00,123317
29-Jan-13,487.20,488.06,473.49,481.50,106141
28-Jan-13,480.00,485.10,479.52,482.40,102991
25-Jan-13,483.90,484.40,474.93,480.00,88003
24-Jan-13,481.10,482.10,476.85,480.00,102494
23-Jan-13,475.00,479.70,473.46,475.00,139020
22-Jan-13,470.00,474.60,468.90,474.40,95894
21-Jan-13,464.30,475.64,463.31,471.50,88900
18-Jan-13,463.30,465.90,453.21,463.10,178063
17-Jan-13,455.10,458.30,454.00,457.10,133809
16-Jan-13,456.08,456.19,453.20,455.00,104605
15-Jan-13,450.30,454.70,449.96,453.10,118027
14-Jan-13,454.00,454.00,449.50,451.00,121154
11-Jan-13,454.20,455.50,446.10,452.50,172040
10-Jan-13,448.50,452.64,441.80,452.60,133247
9-Jan-13,444.70,454.27,444.51,449.00,338507
8-Jan-13,456.70,458.00,450.80,451.00,164503
7-Jan-13,458.80,462.80,456.66,458.00,136748
4-Jan-13,457.80,459.40,456.19,459.30,42488
3-Jan-13,458.00,462.34,451.90,458.50,124729
2-Jan-13,460.00,462.88,456.80,457.30,112870
31-Dec-12,458.90,458.90,452.61,454.00,23731
28-Dec-12,458.30,458.30,455.00,455.80,36821
27-Dec-12,462.00,462.47,452.10,457.30,49852
24-Dec-12,458.20,460.31,452.20,455.60,39025
21-Dec-12,461.10,466.00,456.30,461.60,308207
20-Dec-12,467.00,467.80,461.10,461.10,157614
19-Dec-12,462.00,468.29,460.20,466.00,52688
18-Dec-12,464.30,464.86,456.91,459.80,86705
17-Dec-12,464.30,464.30,452.42,461.60,96162
14-Dec-12,461.00,465.16,458.10,460.90,64506
13-Dec-12,463.30,469.20,459.10,460.00,232292
12-Dec-12,463.20,464.70,460.10,462.80,96237
11-Dec-12,474.50,476.00,461.50,461.70,171873
10-Dec-12,478.78,479.00,468.81,473.20,114399
7-Dec-12,485.00,488.66,478.30,486.50,65616
6-Dec-12,484.20,488.00,473.58,487.00,46859
5-Dec-12,484.00,489.70,481.00,483.10,69124
4-Dec-12,479.00,484.20,479.00,481.50,37082
3-Dec-12,483.40,484.63,478.24,479.90,49687
30-Nov-12,482.00,484.70,480.67,480.80,61004
29-Nov-12,480.30,482.71,476.86,481.00,72472
28-Nov-12,479.50,482.60,476.10,482.40,51092
27-Nov-12,478.50,479.60,475.10,478.00,61964
26-Nov-12,483.10,483.10,472.50,474.50,70228
23-Nov-12,475.70,481.80,470.78,480.60,50451
22-Nov-12,473.20,477.80,470.40,477.10,35087
21-Nov-12,467.90,476.00,466.50,470.30,60365
20-Nov-12,463.80,470.30,463.80,466.50,32805
19-Nov-12,462.00,465.50,462.00,463.40,115981
16-Nov-12,464.00,469.10,461.20,462.50,55074
15-Nov-12,466.50,468.28,463.19,465.90,119373
14-Nov-12,467.40,472.36,464.20,467.00,42303
13-Nov-12,466.20,469.10,462.00,467.40,66343
12-Nov-12,466.50,472.62,465.80,468.50,39160
9-Nov-12,471.40,473.00,463.94,468.10,74230
8-Nov-12,469.40,478.32,464.70,473.50,171757
7-Nov-12,469.70,472.00,460.40,467.40,54605
6-Nov-12,466.00,475.17,464.20,468.00,53017
5-Nov-12,468.70,470.00,464.00,468.20,71936
2-Nov-12,464.70,468.45,462.99,464.53,94100
1-Nov-12,467.90,475.08,461.00,465.10,216060
31-Oct-12,462.00,469.40,462.00,467.90,99005
30-Oct-12,473.00,475.02,468.00,469.50,76447
29-Oct-12,472.00,472.00,466.20,471.80,78655
26-Oct-12,489.90,489.90,465.70,470.90,214421
25-Oct-12,470.20,478.30,468.80,473.20,113274
24-Oct-12,467.80,470.20,458.57,468.60,163264
23-Oct-12,481.00,482.00,465.57,468.20,157866
22-Oct-12,483.00,483.29,474.69,479.50,144873
19-Oct-12,483.80,486.20,477.30,484.40,114457
18-Oct-12,486.20,488.70,485.00,486.75,111196
17-Oct-12,484.60,493.70,483.20,486.30,180772
16-Oct-12,492.90,492.90,484.50,486.10,140361
15-Oct-12,492.80,494.58,486.90,490.80,145468
12-Oct-12,496.00,497.28,490.79,494.20,210342
11-Oct-12,493.97,504.00,483.91,495.50,223526
10-Oct-12,516.00,525.00,516.00,516.50,52595
9-Oct-12,519.00,522.35,516.22,520.00,44200
8-Oct-12,512.50,523.50,512.50,521.00,63900
5-Oct-12,513.00,523.00,503.50,520.50,98752
4-Oct-12,507.00,517.50,506.96,513.00,103152
3-Oct-12,505.50,513.50,503.50,508.50,57405
2-Oct-12,505.50,511.00,500.02,504.01,71346
1-Oct-12,501.50,505.50,501.50,504.50,57045
28-Sep-12,503.00,504.17,493.10,502.00,47391
27-Sep-12,503.50,504.61,499.86,502.50,18293
26-Sep-12,500.50,504.00,499.20,502.00,60912
25-Sep-12,508.00,508.00,503.50,504.00,94838
24-Sep-12,504.00,509.00,504.00,507.00,80665
21-Sep-12,506.00,506.50,502.00,503.50,158387
20-Sep-12,504.00,510.64,502.82,507.50,70160
19-Sep-12,505.00,506.28,498.74,505.50,83703
18-Sep-12,498.40,508.20,496.50,505.00,126882
17-Sep-12,493.60,502.50,493.60,501.00,105865
14-Sep-12,497.60,506.40,494.14,500.00,151323
13-Sep-12,495.00,499.80,491.00,494.60,90124
12-Sep-12,491.60,506.00,491.60,495.80,186276
11-Sep-12,486.70,490.90,484.30,490.60,87850
10-Sep-12,489.74,492.00,485.00,486.70,77588
7-Sep-12,493.00,519.50,487.30,490.10,106505
6-Sep-12,485.90,495.00,485.90,493.70,82361
5-Sep-12,482.00,491.00,481.00,490.50,329008
4-Sep-12,495.60,500.73,487.60,488.70,101272
3-Sep-12,500.00,500.00,486.87,493.00,103783
31-Aug-12,489.80,495.70,489.40,490.80,62797
30-Aug-12,490.50,495.50,489.10,490.50,89422
29-Aug-12,492.30,494.88,486.44,490.00,113964
28-Aug-12,495.30,495.30,489.15,492.00,137761
24-Aug-12,494.20,502.00,493.60,494.50,82900
23-Aug-12,499.00,501.50,491.26,495.30,54862
22-Aug-12,502.00,506.00,494.60,498.70,35183
21-Aug-12,496.00,506.00,496.00,505.00,70142
20-Aug-12,503.50,504.59,497.00,499.10,53505
17-Aug-12,504.50,508.00,491.70,503.50,82977
16-Aug-12,504.50,506.74,496.60,503.00,112715
15-Aug-12,502.00,507.00,502.00,506.00,104005
14-Aug-12,495.50,504.10,494.80,504.00,120296
13-Aug-12,490.00,496.00,490.00,493.90,103617
10-Aug-12,491.70,495.00,489.50,494.20,84134
9-Aug-12,489.70,493.00,484.57,492.00,79445
8-Aug-12,489.00,495.80,489.00,490.00,149258
7-Aug-12,494.10,500.78,486.50,491.50,226654
6-Aug-12,511.50,514.19,502.36,505.00,145243
3-Aug-12,510.00,511.02,508.00,509.50,79956
2-Aug-12,512.00,521.50,504.06,509.50,75536
1-Aug-12,516.00,518.50,508.03,514.00,67624
31-Jul-12,515.00,526.00,511.50,515.00,52983
30-Jul-12,520.00,520.00,506.94,516.50,13098
27-Jul-12,513.00,518.00,511.50,517.50,62288
26-Jul-12,510.50,519.00,507.22,512.50,110994
25-Jul-12,512.00,518.00,503.06,508.00,94241
24-Jul-12,512.50,520.00,509.98,510.50,52834
23-Jul-12,518.50,521.50,509.50,509.50,67393
20-Jul-12,524.50,524.50,516.50,518.50,43713
19-Jul-12,519.50,523.00,509.79,521.50,94550
18-Jul-12,514.00,523.00,514.00,521.00,72466
17-Jul-12,513.00,520.00,509.00,520.00,76073
16-Jul-12,513.00,518.50,507.50,514.00,80916
13-Jul-12,508.50,515.50,505.00,515.50,98425
12-Jul-12,508.00,508.00,505.00,509.50,47294
11-Jul-12,506.50,511.00,505.44,511.00,68020
10-Jul-12,505.50,514.00,505.50,509.50,57654
9-Jul-12,506.00,509.00,503.50,506.50,73016
6-Jul-12,508.00,510.00,499.42,507.50,65413
5-Jul-12,510.00,511.50,505.00,505.50,51606
4-Jul-12,507.00,510.50,499.31,510.00,121193
3-Jul-12,505.00,507.50,501.50,504.50,75443
2-Jul-12,502.50,506.00,498.50,503.00,93456
29-Jun-12,498.00,509.00,498.00,504.00,138348
28-Jun-12,490.00,499.00,489.80,494.60,142715
27-Jun-12,491.00,491.74,486.30,490.00,77636
26-Jun-12,484.60,489.90,484.10,487.00,79865
25-Jun-12,489.20,490.00,479.07,486.70,57568
22-Jun-12,488.20,493.84,487.60,490.50,62714
21-Jun-12,491.30,493.70,489.90,493.70,67187
20-Jun-12,492.40,494.00,487.50,493.30,106093
19-Jun-12,496.50,498.10,488.64,493.30,154243
18-Jun-12,499.00,499.00,490.40,493.70,217960
15-Jun-12,490.60,496.50,487.80,493.90,333732
14-Jun-12,495.00,495.00,485.80,490.00,223965
13-Jun-12,493.30,497.50,488.10,492.50,224899
12-Jun-12,498.70,498.70,487.00,488.30,100101
11-Jun-12,501.00,506.00,494.40,497.30,65901
8-Jun-12,497.00,501.50,494.20,495.99,234976
7-Jun-12,502.50,502.50,497.50,500.32,252188
6-Jun-12,500.00,505.60,493.40,500.10,145497
1-Jun-12,504.00,504.00,494.59,495.00,126839
31-May-12,498.80,505.11,497.50,502.50,212078
30-May-12,501.50,506.50,492.30,498.60,240296
29-May-12,500.00,511.48,485.00,504.50,514539
28-May-12,463.50,471.34,463.50,466.60,136431
25-May-12,459.30,464.90,455.00,464.90,174063
24-May-12,465.20,469.37,457.90,460.00,215302
23-May-12,456.60,469.35,453.74,464.00,315406
22-May-12,463.30,467.83,451.00,457.00,197837
21-May-12,464.80,466.30,459.60,462.50,104696
18-May-12,470.00,470.70,459.71,467.00,176589
17-May-12,476.00,479.36,468.60,473.20,122848
16-May-12,483.70,488.00,470.38,476.40,313167
15-May-12,485.80,497.50,485.80,496.00,275168
14-May-12,486.20,488.00,481.50,486.30,68017
11-May-12,485.30,489.04,484.10,487.00,206371
10-May-12,487.50,494.30,484.00,487.70,227396
9-May-12,486.00,491.80,483.80,488.50,166705
8-May-12,492.00,497.70,485.20,485.20,143087
4-May-12,499.80,503.50,491.60,493.00,113795
3-May-12,504.00,504.99,500.19,502.00,65786
2-May-12,507.00,510.50,493.70,505.00,125690
1-May-12,497.40,512.00,497.40,504.00,41036
30-Apr-12,499.30,501.50,496.66,501.50,112216
27-Apr-12,499.00,502.50,492.16,500.00,77941
26-Apr-12,500.00,509.44,497.00,499.50,139112
25-Apr-12,502.00,504.00,496.30,498.00,219117
24-Apr-12,509.50,518.00,507.50,514.50,105665
23-Apr-12,520.50,520.50,507.00,510.50,137810
20-Apr-12,516.00,528.50,513.65,521.00,152379
19-Apr-12,517.50,520.00,511.00,514.50,98536
18-Apr-12,517.50,519.00,512.50,519.00,197881
17-Apr-12,517.50,520.82,512.50,516.00,166854
16-Apr-12,513.50,523.00,513.08,516.50,107244
13-Apr-12,515.00,520.09,513.50,515.50,112651
12-Apr-12,512.00,525.00,510.79,517.50,135615
11-Apr-12,508.50,515.00,503.40,512.50,133955
10-Apr-12,515.00,517.50,510.00,510.50,168250
5-Apr-12,519.00,522.21,514.50,517.00,95798
4-Apr-12,523.50,526.36,516.50,517.50,198646
3-Apr-12,521.50,526.00,518.96,526.00,99830
2-Apr-12,520.00,523.00,515.50,523.00,104890
30-Mar-12,518.50,522.50,513.36,520.50,86993
29-Mar-12,515.00,521.00,512.50,518.37,290038
28-Mar-12,516.00,522.00,512.48,514.00,184648
27-Mar-12,523.00,526.00,514.00,518.00,122782
26-Mar-12,516.50,523.82,514.00,520.00,136153
23-Mar-12,522.00,522.64,513.00,519.00,189909
22-Mar-12,547.00,548.50,518.22,520.00,264733
21-Mar-12,545.00,549.56,534.90,549.50,118457
20-Mar-12,540.50,550.06,538.50,545.50,135731
19-Mar-12,541.50,548.00,535.00,544.00,144003
16-Mar-12,534.00,544.00,520.97,543.50,333095
15-Mar-12,534.00,543.50,525.47,535.00,269293
14-Mar-12,555.00,563.00,536.50,548.00,271943
13-Mar-12,556.00,562.00,547.00,558.00,211231
12-Mar-12,553.50,557.00,549.00,555.00,129365
9-Mar-12,554.00,556.95,544.30,555.50,47360
8-Mar-12,551.00,558.00,546.52,555.50,119683
7-Mar-12,542.00,551.00,539.00,551.00,89396
6-Mar-12,542.00,544.50,532.58,544.00,95252
5-Mar-12,545.00,547.90,536.26,545.00,114193
2-Mar-12,546.50,556.00,535.83,547.00,110299
1-Mar-12,545.00,552.50,542.74,548.50,53750
29-Feb-12,546.00,561.00,543.50,547.00,51000
28-Feb-12,545.00,555.00,539.00,546.00,39135
27-Feb-12,547.50,549.83,543.00,546.00,59444
24-Feb-12,552.50,555.00,548.50,548.50,86211
23-Feb-12,550.50,558.84,550.50,552.50,54229
22-Feb-12,551.50,557.00,550.00,552.00,46557
21-Feb-12,554.00,565.64,548.00,552.00,96308
20-Feb-12,540.00,567.33,532.44,556.00,128867
17-Feb-12,536.00,540.00,525.00,540.00,78690
16-Feb-12,532.50,535.00,521.11,535.00,53191
15-Feb-12,539.00,539.00,530.70,535.00,127307
14-Feb-12,540.50,544.00,537.00,538.50,88471
13-Feb-12,536.50,543.50,532.00,543.50,71259
10-Feb-12,536.50,541.00,527.09,535.50,192827
9-Feb-12,535.50,543.00,533.50,536.50,104494
8-Feb-12,539.50,541.48,527.07,537.50,100903
7-Feb-12,525.00,540.50,525.00,540.00,277745
6-Feb-12,520.00,530.50,515.00,525.50,121185
3-Feb-12,520.00,527.67,516.00,522.00,154465
2-Feb-12,520.00,521.34,507.50,520.00,86980
1-Feb-12,510.50,523.40,506.50,520.00,185373
31-Jan-12,512.50,513.00,508.50,510.00,95334
30-Jan-12,503.50,520.50,498.61,512.00,110575
27-Jan-12,507.50,509.50,501.00,506.00,104949
26-Jan-12,509.00,516.91,504.04,510.00,70107
25-Jan-12,510.00,514.00,506.00,510.00,55852
24-Jan-12,509.00,513.00,499.60,511.00,96189
23-Jan-12,509.50,514.50,506.50,511.50,122315
20-Jan-12,509.00,514.50,508.00,511.00,96759
19-Jan-12,509.00,515.05,503.32,509.50,118968
18-Jan-12,508.50,513.00,505.00,511.00,78133
17-Jan-12,515.00,515.00,509.00,509.50,68740
16-Jan-12,509.50,514.50,492.77,513.00,97099
13-Jan-12,515.50,521.50,510.50,510.50,101847
12-Jan-12,517.50,518.00,508.50,514.50,174212
11-Jan-12,520.00,524.50,514.33,517.50,417535
10-Jan-12,518.50,522.42,508.88,518.50,134625
9-Jan-12,513.50,525.94,512.50,515.00,104048
6-Jan-12,514.50,520.50,509.56,515.50,242191
5-Jan-12,518.50,518.50,507.50,515.50,127201
4-Jan-12,526.00,526.00,514.68,519.00,120458
3-Jan-12,510.00,527.50,501.56,526.00,165407
30-Dec-11,510.50,512.00,503.50,506.00,29036
29-Dec-11,511.00,514.00,507.50,513.50,45959
28-Dec-11,502.50,518.00,502.43,511.50,57532
23-Dec-11,-,-,-,505.00,0
22-Dec-11,493.80,502.00,493.80,502.00,74339
21-Dec-11,500.50,505.50,494.90,494.90,49769
20-Dec-11,492.00,499.65,488.60,498.10,55115
19-Dec-11,494.80,497.87,488.00,496.50,47191
16-Dec-11,500.00,512.17,497.30,497.30,155832
15-Dec-11,498.00,504.50,490.00,500.50,103150
14-Dec-11,496.80,502.00,495.80,498.40,68510
13-Dec-11,499.40,501.50,494.18,500.00,74879
12-Dec-11,503.50,505.00,498.00,499.40,104464
9-Dec-11,499.40,514.00,479.26,505.50,304155
8-Dec-11,503.50,511.91,496.37,502.00,133976
7-Dec-11,490.00,501.00,485.72,499.50,216468
6-Dec-11,490.50,492.60,484.24,488.50,67842
5-Dec-11,495.80,500.00,490.14,494.90,52187
2-Dec-11,496.00,498.28,488.00,492.50,81756
1-Dec-11,496.90,501.00,491.92,493.00,157702
30-Nov-11,492.00,496.21,484.30,496.00,219619
29-Nov-11,494.90,500.00,489.00,495.20,67222
28-Nov-11,488.50,497.54,485.82,494.30,158719
25-Nov-11,484.00,487.00,479.80,486.60,82174
24-Nov-11,489.90,491.00,477.60,487.70,103785
23-Nov-11,485.80,493.70,474.75,491.60,134339
22-Nov-11,492.80,505.50,486.66,488.70,185590
21-Nov-11,496.60,499.74,490.00,490.40,120425
18-Nov-11,502.00,508.00,500.50,500.50,248603
17-Nov-11,504.00,509.50,502.00,509.50,79687
16-Nov-11,506.50,513.00,499.00,506.50,87270
15-Nov-11,507.00,511.50,503.14,509.50,130857
14-Nov-11,512.50,515.00,507.50,509.00,186154
11-Nov-11,511.00,514.00,508.00,512.50,76965
10-Nov-11,505.50,515.00,499.30,512.00,216434
9-Nov-11,517.00,518.50,509.50,512.00,97441
8-Nov-11,508.50,520.50,508.50,519.00,192365
7-Nov-11,506.50,511.50,497.40,511.50,115758
4-Nov-11,511.00,514.00,508.80,511.00,98239
3-Nov-11,500.50,510.75,500.50,510.50,306842
2-Nov-11,507.00,507.50,500.50,507.50,296035
1-Nov-11,503.50,511.13,499.10,506.50,126021
31-Oct-11,506.50,519.00,506.50,512.50,257310
28-Oct-11,506.50,510.50,505.00,509.50,63199
27-Oct-11,513.00,513.00,504.00,508.00,71922
26-Oct-11,505.00,510.00,501.00,505.00,73085
25-Oct-11,507.50,508.00,500.50,501.00,67886
24-Oct-11,503.00,509.50,503.00,508.00,102110
21-Oct-11,497.30,503.50,496.10,502.00,76013
20-Oct-11,496.00,501.50,493.50,497.00,110673
19-Oct-11,500.00,500.00,488.20,499.10,116051
18-Oct-11,493.00,498.00,490.21,496.80,200296
17-Oct-11,501.50,502.00,493.20,495.40,145185
14-Oct-11,502.50,504.50,489.67,501.50,196542
13-Oct-11,500.50,505.00,498.00,500.00,240359
12-Oct-11,503.00,509.50,501.00,502.00,134752
11-Oct-11,507.00,514.10,501.00,506.06,208757
10-Oct-11,501.00,511.00,497.90,509.78,327198
7-Oct-11,484.90,503.00,477.58,502.00,538602
6-Oct-11,455.00,489.00,455.00,483.20,342233
5-Oct-11,473.90,473.90,455.50,461.10,138266
4-Oct-11,467.60,469.60,459.50,468.50,155290
3-Oct-11,455.30,464.80,453.00,464.80,145355
30-Sep-11,458.90,462.70,455.70,462.70,103373
29-Sep-11,462.70,466.20,458.90,462.90,94927
28-Sep-11,466.00,467.80,459.80,462.20,45725
27-Sep-11,471.30,471.30,458.40,465.30,77598
26-Sep-11,455.00,464.80,451.80,462.00,93109
23-Sep-11,457.40,461.22,452.60,458.80,525526
22-Sep-11,459.40,463.60,455.83,462.02,166636
21-Sep-11,471.80,478.00,468.20,469.40,123521
20-Sep-11,471.20,476.30,0.00,473.20,113956
19-Sep-11,468.00,470.75,463.60,466.80,225856
16-Sep-11,472.40,474.10,468.10,473.00,154481
15-Sep-11,468.20,478.00,468.20,472.70,98406
14-Sep-11,470.00,475.20,465.00,467.40,238432
13-Sep-11,472.10,479.37,465.00,471.90,184794
12-Sep-11,465.00,476.00,465.00,472.40,148010
9-Sep-11,491.10,491.10,471.80,476.00,161335
8-Sep-11,477.90,485.00,469.30,482.50,95682
7-Sep-11,488.50,488.50,476.46,481.20,108589
6-Sep-11,483.80,489.00,475.00,483.90,163837
5-Sep-11,486.00,489.41,482.80,489.30,103214
2-Sep-11,487.20,499.00,487.20,495.00,146181
1-Sep-11,495.00,496.50,486.10,496.30,97764
31-Aug-11,486.00,498.18,479.02,492.00,156269
30-Aug-11,485.00,491.70,485.00,489.90,119333
26-Aug-11,-,-,-,481.90,0
25-Aug-11,486.00,501.50,474.40,481.70,316516
24-Aug-11,481.20,491.78,477.60,484.60,69476
23-Aug-11,482.80,0.00,0.00,482.00,143162
22-Aug-11,465.00,483.00,460.50,475.90,49061
19-Aug-11,473.50,478.70,460.80,472.80,169412
18-Aug-11,482.80,491.00,475.10,477.00,168999
17-Aug-11,482.60,491.94,474.30,489.30,164799
16-Aug-11,475.20,482.50,471.30,481.10,120832
15-Aug-11,470.00,489.90,468.84,482.30,408195
12-Aug-11,448.50,465.50,439.51,463.60,432184
11-Aug-11,448.00,450.10,437.80,446.00,276336
10-Aug-11,464.10,467.00,445.00,445.00,390419
9-Aug-11,463.00,466.90,420.10,454.50,741470
8-Aug-11,485.00,498.00,480.80,482.00,147348
5-Aug-11,492.50,505.50,486.00,492.00,161488
4-Aug-11,508.00,519.50,501.00,503.00,162212
3-Aug-11,508.00,511.50,505.00,506.50,89318
2-Aug-11,513.00,521.50,512.00,515.50,313121
1-Aug-11,516.50,533.50,510.23,518.00,215993
29-Jul-11,510.50,516.00,507.50,510.00,121118
28-Jul-11,513.00,513.00,501.00,512.00,330266
27-Jul-11,528.00,528.00,512.00,513.50,335178
26-Jul-11,529.50,533.50,511.37,531.50,154508
25-Jul-11,525.00,531.50,517.00,525.00,101539
22-Jul-11,530.00,534.00,519.58,525.00,176097
21-Jul-11,529.00,530.00,520.79,524.50,110359
20-Jul-11,534.50,541.00,524.50,529.50,110389
19-Jul-11,529.50,539.00,526.00,534.50,68047
18-Jul-11,530.00,535.63,525.73,531.00,65315
15-Jul-11,537.50,537.50,525.50,534.00,81635
14-Jul-11,535.00,538.50,525.00,535.00,90350
13-Jul-11,536.50,545.00,533.50,535.00,61108
12-Jul-11,540.00,551.50,533.50,542.00,94258
11-Jul-11,543.50,552.05,542.00,548.00,89269
8-Jul-11,553.00,555.17,548.50,550.00,72031
7-Jul-11,549.50,554.50,540.00,550.50,113923
6-Jul-11,546.00,548.00,541.50,545.50,238722
5-Jul-11,544.00,547.50,540.00,545.00,108344
4-Jul-11,545.00,553.42,544.50,546.00,159334
1-Jul-11,531.50,548.00,531.50,547.50,463717
30-Jun-11,525.50,530.55,522.50,530.50,103256
29-Jun-11,524.00,531.00,520.00,524.00,168799
28-Jun-11,514.50,523.50,513.00,520.00,128594
27-Jun-11,508.00,516.50,507.16,516.00,133469
24-Jun-11,515.00,515.00,506.00,507.00,133826
23-Jun-11,510.00,514.50,503.20,508.00,262368
22-Jun-11,506.00,516.50,504.00,516.00,130435
21-Jun-11,505.00,514.50,503.56,507.50,60203
20-Jun-11,505.50,511.44,504.00,507.50,99967
17-Jun-11,504.00,513.05,503.00,513.00,332606
16-Jun-11,506.00,509.50,491.70,508.50,112911
15-Jun-11,513.50,513.50,498.90,510.00,141269
14-Jun-11,516.50,522.50,508.02,515.50,223236
13-Jun-11,512.00,522.00,512.00,518.50,124590
10-Jun-11,528.00,530.50,518.50,520.50,151738
9-Jun-11,533.00,533.00,526.42,528.00,191353
8-Jun-11,539.00,539.50,532.00,534.50,196817
7-Jun-11,533.50,545.50,531.38,542.00,170778
6-Jun-11,531.00,543.50,530.00,535.50,87221
3-Jun-11,532.50,536.23,525.00,536.00,96595
2-Jun-11,527.50,533.00,511.50,530.00,167096
1-Jun-11,530.00,530.00,515.00,529.50,1076319
31-May-11,527.50,533.00,514.14,526.00,197899
27-May-11,533.50,535.50,525.50,525.50,71040
26-May-11,521.50,535.00,518.18,532.50,169123
25-May-11,527.00,527.00,520.00,521.00,176749
24-May-11,530.00,530.89,527.00,529.50,111806
23-May-11,524.00,529.90,521.00,525.00,148827
20-May-11,524.00,533.00,522.00,530.50,137208
19-May-11,516.00,526.50,516.00,522.50,122480
18-May-11,515.00,524.00,513.89,515.50,112495
17-May-11,512.50,514.50,508.50,510.00,139956
16-May-11,522.00,522.00,505.50,512.00,268804
13-May-11,521.50,529.50,521.50,522.00,133586
12-May-11,523.50,529.00,520.50,520.50,174621
11-May-11,525.00,529.50,521.38,524.50,295534
10-May-11,513.50,531.00,513.50,523.50,329688
9-May-11,514.50,517.00,510.01,513.00,119981
6-May-11,504.50,517.00,503.00,517.00,203551
5-May-11,518.50,519.00,505.50,510.00,198043
4-May-11,514.00,519.50,511.50,516.00,129190
3-May-11,519.50,523.00,508.38,515.50,124341
28-Apr-11,-,-,-,515.00,0
27-Apr-11,512.00,519.50,512.00,515.00,130477
26-Apr-11,503.00,519.20,503.00,515.00,187512
21-Apr-11,-,-,-,508.00,0
20-Apr-11,505.00,511.00,503.00,505.00,149091
19-Apr-11,510.00,514.92,506.00,514.00,124786
18-Apr-11,514.00,515.15,502.56,509.50,103810
15-Apr-11,511.50,513.50,506.00,513.00,143358
14-Apr-11,510.50,521.50,506.00,510.00,174832
13-Apr-11,503.00,511.90,503.00,509.00,195131
12-Apr-11,513.00,514.00,503.00,507.00,178505
11-Apr-11,513.00,515.50,510.00,513.00,85516
8-Apr-11,514.00,517.00,512.00,512.50,155650
7-Apr-11,512.50,514.50,506.46,511.00,151218
6-Apr-11,521.00,524.50,504.50,512.00,285088
5-Apr-11,511.00,521.45,508.70,519.50,192732
4-Apr-11,524.50,529.52,504.50,510.00,349404
1-Apr-11,513.50,529.50,512.50,528.00,203109
31-Mar-11,520.00,524.34,506.00,509.50,187903
30-Mar-11,523.00,529.50,515.00,519.00,140927
29-Mar-11,518.50,527.00,517.59,523.00,127733
28-Mar-11,518.00,521.12,514.14,516.50,119382
25-Mar-11,522.00,534.00,518.50,521.00,287305
24-Mar-11,507.00,522.00,500.00,517.50,1474724
23-Mar-11,508.50,508.50,500.00,504.00,1124296
22-Mar-11,515.00,516.00,506.50,507.00,348848
21-Mar-11,515.00,515.00,509.50,514.00,183033
18-Mar-11,490.10,513.42,490.10,509.00,783145
17-Mar-11,475.00,505.42,468.60,499.60,322596
16-Mar-11,479.70,491.70,464.65,466.30,292307
15-Mar-11,474.90,474.90,457.30,465.90,169879
14-Mar-11,480.00,487.40,470.90,475.00,267163
11-Mar-11,496.80,496.80,481.60,484.00,61531
10-Mar-11,488.20,498.60,488.20,495.00,164577
9-Mar-11,495.30,495.60,485.10,493.80,148759
8-Mar-11,492.80,496.70,488.40,494.00,62705
7-Mar-11,496.00,496.00,490.80,493.00,67760
4-Mar-11,492.90,502.00,492.90,495.90,422498
3-Mar-11,496.10,496.10,486.70,494.00,62770
2-Mar-11,484.80,496.00,476.20,492.00,455246
1-Mar-11,491.10,491.10,484.20,485.80,97551
28-Feb-11,485.00,490.00,479.46,485.00,94593
25-Feb-11,497.60,497.60,480.20,487.00,1445796
24-Feb-11,486.20,488.50,482.18,484.60,812574
23-Feb-11,492.00,494.76,489.18,491.20,64124
22-Feb-11,487.60,495.20,484.00,493.20,159915
21-Feb-11,489.00,493.30,488.60,491.00,89074
18-Feb-11,493.60,495.00,488.80,490.70,88025
17-Feb-11,490.80,497.27,490.51,494.60,131424
16-Feb-11,0.00,494.40,487.90,493.20,80892
15-Feb-11,488.50,491.45,483.30,489.20,66153
14-Feb-11,496.10,496.10,489.10,491.00,100903
11-Feb-11,497.80,497.80,490.40,494.20,273133
10-Feb-11,488.30,491.90,485.10,486.80,117316
9-Feb-11,488.90,497.10,488.90,491.00,151772
8-Feb-11,488.40,494.00,488.40,491.10,141048
7-Feb-11,482.30,493.70,481.60,490.70,138992
4-Feb-11,472.50,485.70,472.20,479.50,550353
3-Feb-11,474.10,474.10,467.00,471.60,83941
2-Feb-11,471.00,479.50,469.50,472.90,107292
1-Feb-11,465.90,470.10,465.50,470.10,115772
31-Jan-11,465.70,469.20,465.70,466.00,135169
28-Jan-11,470.90,472.20,466.40,468.00,316593
27-Jan-11,466.90,470.40,466.90,467.60,81439
26-Jan-11,471.50,471.50,468.50,468.50,618859
25-Jan-11,470.10,470.70,468.00,468.70,92171
24-Jan-11,472.00,472.00,468.10,471.30,299862
21-Jan-11,471.80,476.60,466.50,468.60,220699
20-Jan-11,474.80,480.90,471.40,472.50,85577
19-Jan-11,478.80,484.00,478.30,479.60,92306
18-Jan-11,477.00,481.00,469.80,481.00,191473
17-Jan-11,479.40,479.40,473.70,476.50,147463
14-Jan-11,475.70,478.00,471.30,475.50,225832
13-Jan-11,463.70,479.50,463.70,464.90,344948
12-Jan-11,450.90,469.90,450.00,466.88,2090890
11-Jan-11,455.00,455.00,446.00,449.60,252621
10-Jan-11,453.00,453.00,440.10,449.50,141741
7-Jan-11,450.30,454.00,448.50,451.10,116564
6-Jan-11,460.50,461.60,449.70,450.00,483552
5-Jan-11,477.00,477.00,460.10,460.20,463216
4-Jan-11,464.40,478.10,464.40,474.20,139218
31-Dec-10,473.30,475.00,465.00,465.00,17578
30-Dec-10,473.50,473.90,468.40,471.90,42787
29-Dec-10,467.20,479.10,466.00,470.40,67906
24-Dec-10,-,-,-,466.00,0
23-Dec-10,465.00,467.90,459.40,467.90,97806
22-Dec-10,463.60,465.50,457.70,462.10,172069
21-Dec-10,455.30,465.00,455.30,462.70,98021
20-Dec-10,456.20,458.50,448.00,457.40,59577
17-Dec-10,460.30,463.10,451.00,455.10,365306
16-Dec-10,465.20,472.70,459.30,462.50,93935
15-Dec-10,460.20,471.00,458.60,470.60,165262
14-Dec-10,443.00,464.00,440.00,459.00,334996
13-Dec-10,432.80,442.10,432.00,442.10,789229
10-Dec-10,440.90,440.90,434.30,436.40,162874
9-Dec-10,438.50,442.80,436.40,437.00,102623
8-Dec-10,437.20,437.20,433.80,436.00,164413
7-Dec-10,440.00,440.00,432.00,435.30,138087
6-Dec-10,438.60,439.90,433.90,436.30,113301
3-Dec-10,442.90,444.30,433.50,437.20,108330
2-Dec-10,440.20,444.10,437.90,440.50,75419
1-Dec-10,439.40,444.10,436.60,440.30,106913
30-Nov-10,440.30,444.10,437.00,438.30,260717
29-Nov-10,438.70,441.50,435.30,435.30,66917
26-Nov-10,442.50,442.50,437.30,440.00,32276
25-Nov-10,431.20,442.70,431.20,438.00,70338
24-Nov-10,435.10,436.70,431.40,434.40,136745
23-Nov-10,440.70,450.00,437.40,437.40,52609
22-Nov-10,446.60,452.50,443.30,445.80,121260
19-Nov-10,450.50,454.60,440.30,447.20,84394
18-Nov-10,434.80,454.00,432.00,453.40,218586
17-Nov-10,430.00,433.00,427.50,429.10,117623
16-Nov-10,432.50,439.00,430.10,431.60,208893
15-Nov-10,436.00,437.00,432.00,436.00,93463
12-Nov-10,425.30,435.50,424.40,435.00,118253
11-Nov-10,430.10,433.00,428.80,430.00,821663
10-Nov-10,440.00,440.00,431.50,433.00,357053
9-Nov-10,445.10,445.40,435.90,439.10,198932
8-Nov-10,444.90,448.30,442.70,446.50,269109
5-Nov-10,446.00,449.80,444.00,445.60,256117
4-Nov-10,445.00,449.20,441.20,445.00,283013
3-Nov-10,447.00,447.40,440.00,440.50,177983
2-Nov-10,456.00,456.00,445.90,448.00,154024
1-Nov-10,456.40,460.00,453.70,453.70,102745
29-Oct-10,452.50,459.00,450.90,458.30,114349
28-Oct-10,451.70,459.40,447.70,450.70,110735
27-Oct-10,460.50,460.50,447.40,447.60,162607
26-Oct-10,459.60,465.00,458.80,459.00,249976
25-Oct-10,464.80,464.80,461.00,462.00,136383
22-Oct-10,460.20,465.00,460.00,461.00,97292
21-Oct-10,459.40,464.00,459.40,462.90,88383
20-Oct-10,457.00,463.40,457.00,462.00,122922
19-Oct-10,463.00,463.00,457.80,461.00,90604
18-Oct-10,468.30,468.40,461.10,462.60,73939
15-Oct-10,462.40,475.00,460.50,465.00,104027
14-Oct-10,467.00,468.00,464.40,465.00,190194
13-Oct-10,467.90,469.00,459.60,464.00,209696
12-Oct-10,463.50,468.30,461.20,466.40,277361
11-Oct-10,464.30,464.30,458.50,463.60,231551
8-Oct-10,452.90,461.20,450.90,459.80,369820
7-Oct-10,462.40,462.50,447.70,451.20,494186
6-Oct-10,475.00,475.00,464.70,464.70,400886
5-Oct-10,472.20,477.80,470.50,475.00,664083
4-Oct-10,470.00,475.20,465.10,473.60,207276
1-Oct-10,478.20,479.80,467.90,468.20,306369
30-Sep-10,471.10,482.10,470.80,474.60,204859
29-Sep-10,475.70,477.00,469.00,476.80,91072
28-Sep-10,475.60,483.00,471.90,477.50,108981
27-Sep-10,482.50,485.00,477.40,479.20,117716
24-Sep-10,471.70,481.40,471.70,480.10,179480
23-Sep-10,467.00,478.10,467.00,476.20,810465
22-Sep-10,467.00,471.80,467.00,468.50,368808
21-Sep-10,470.00,471.00,467.20,469.40,553860
20-Sep-10,466.20,469.80,460.10,469.60,276084
17-Sep-10,453.20,469.90,453.20,468.30,552370
16-Sep-10,455.50,458.20,450.30,454.00,126728
15-Sep-10,447.60,466.20,446.90,458.80,277388
14-Sep-10,446.00,446.50,440.00,444.50,211291
13-Sep-10,440.30,448.10,439.40,444.50,308239
10-Sep-10,447.00,447.00,440.00,440.00,201545
9-Sep-10,444.00,448.50,442.90,443.50,269831
8-Sep-10,445.00,446.20,444.00,445.00,146298
7-Sep-10,440.90,448.00,440.90,445.00,321546
6-Sep-10,447.10,447.70,440.70,445.10,235786
3-Sep-10,444.30,450.20,440.40,442.40,267115
2-Sep-10,440.00,448.00,440.00,446.60,196817
1-Sep-10,439.70,447.80,436.30,441.60,234676
31-Aug-10,442.20,449.60,430.00,449.60,366096
27-Aug-10,440.00,440.00,431.00,434.80,145424
26-Aug-10,432.70,439.60,430.70,439.40,164195
25-Aug-10,438.40,438.50,427.30,434.20,126176
24-Aug-10,436.50,443.70,433.80,439.10,180536
23-Aug-10,433.90,440.00,429.20,440.00,112759
20-Aug-10,438.70,438.70,426.90,429.40,186115
19-Aug-10,442.80,442.80,431.30,436.50,117041
18-Aug-10,445.00,446.30,441.50,443.50,153132
17-Aug-10,439.70,445.00,435.00,444.10,283589
16-Aug-10,436.20,446.30,432.50,440.30,348904
13-Aug-10,430.00,439.00,424.60,436.70,342345
12-Aug-10,417.40,429.00,417.20,419.70,213333
11-Aug-10,424.00,425.90,416.10,418.70,314639
10-Aug-10,434.30,435.00,417.00,421.90,1091475
9-Aug-10,431.80,434.70,428.00,433.50,491383
6-Aug-10,434.80,434.80,425.80,427.00,424516
5-Aug-10,435.90,436.30,431.80,433.00,197339
4-Aug-10,436.80,439.00,432.90,435.00,229856
3-Aug-10,440.10,440.60,433.60,435.00,291635
2-Aug-10,446.80,449.60,436.00,439.40,261776
30-Jul-10,441.90,445.00,440.70,444.50,167106
29-Jul-10,446.90,446.90,437.60,444.50,154709
28-Jul-10,445.00,445.00,437.90,437.90,212298
27-Jul-10,452.20,452.20,443.20,446.10,145560
26-Jul-10,450.30,456.30,448.50,450.00,474387
23-Jul-10,442.30,451.00,440.90,450.00,545046
22-Jul-10,435.80,448.20,435.00,443.00,711885
21-Jul-10,434.90,443.50,434.60,438.20,1397840
20-Jul-10,445.30,445.30,429.00,435.00,167025
19-Jul-10,447.10,451.00,440.20,441.70,39047
16-Jul-10,450.00,450.00,441.60,444.30,195594
15-Jul-10,451.20,451.50,444.90,448.50,106652
14-Jul-10,453.60,454.80,446.60,450.00,236845
13-Jul-10,456.20,457.10,453.20,454.50,251553
12-Jul-10,457.50,459.70,449.80,454.00,185367
9-Jul-10,459.20,462.70,456.40,458.00,274993
8-Jul-10,469.70,479.00,459.70,462.90,357916
7-Jul-10,458.60,470.30,455.00,470.30,264132
6-Jul-10,462.10,464.70,457.00,464.70,853059
5-Jul-10,457.20,461.60,450.20,459.00,109516
2-Jul-10,450.50,460.00,446.80,452.70,93902
1-Jul-10,451.20,458.70,447.00,450.20,154034
30-Jun-10,456.90,463.80,453.20,460.00,159188
29-Jun-10,458.60,461.40,449.60,455.10,190196
28-Jun-10,458.80,467.30,455.90,466.80,128195
25-Jun-10,472.20,473.10,459.40,460.00,201705
24-Jun-10,476.70,476.70,468.20,470.00,91205
23-Jun-10,466.50,477.60,466.50,473.50,104974
22-Jun-10,469.00,475.00,462.40,473.40,95364
21-Jun-10,477.60,479.00,469.00,469.00,146813
18-Jun-10,462.70,476.80,462.70,471.80,544270
17-Jun-10,473.50,474.00,466.20,467.00,101489
16-Jun-10,473.20,484.50,462.60,465.20,306915
15-Jun-10,454.10,470.00,454.10,468.10,59457
14-Jun-10,463.00,463.00,455.90,458.80,127940
11-Jun-10,458.20,464.90,455.10,459.70,110607
10-Jun-10,454.20,457.80,451.10,455.60,1971708
9-Jun-10,450.40,458.10,448.90,457.00,138726
8-Jun-10,456.10,456.10,450.20,452.00,102444
7-Jun-10,452.00,458.00,447.00,452.20,124605
4-Jun-10,457.00,462.10,448.50,453.00,178614
3-Jun-10,458.30,463.30,454.30,455.90,154307
2-Jun-10,447.40,457.80,443.50,455.10,2593800
1-Jun-10,452.40,453.00,440.30,450.20,189840
28-May-10,449.70,455.00,448.00,448.60,435829
27-May-10,456.20,456.20,445.00,450.20,809073
26-May-10,458.00,464.80,450.10,455.00,436235
25-May-10,452.00,457.20,442.00,454.30,259732
24-May-10,468.00,470.00,456.20,463.00,169523
21-May-10,470.40,481.60,459.00,465.00,209172
20-May-10,475.70,481.40,468.30,475.00,1100741
19-May-10,476.00,477.50,470.00,470.40,167017
18-May-10,485.60,485.60,475.00,477.60,2866047
17-May-10,481.00,484.00,477.40,480.00,48658
14-May-10,488.20,488.90,482.70,484.00,152712
13-May-10,487.90,491.10,485.10,488.00,68087
11-May-10,474.30,480.00,473.80,480.00,297285
10-May-10,479.00,488.30,472.90,479.10,222549
7-May-10,481.90,481.90,460.10,469.10,393232
6-May-10,480.20,493.10,477.80,485.00,320243
5-May-10,485.00,487.10,475.00,484.70,349905
4-May-10,483.90,498.60,483.90,487.30,157176
30-Apr-10,492.40,495.00,480.00,481.00,479875
29-Apr-10,474.90,490.90,472.70,490.90,344475
28-Apr-10,485.00,485.00,466.50,471.50,260438
27-Apr-10,483.60,487.00,475.10,480.20,129124
26-Apr-10,479.90,489.00,475.00,483.30,101720
23-Apr-10,483.50,488.00,479.10,482.20,489607
22-Apr-10,472.00,487.80,472.00,482.90,191356
21-Apr-10,480.10,484.70,475.00,483.10,171742
16-Apr-10,494.90,498.60,488.70,488.70,157468
15-Apr-10,485.10,495.00,485.10,495.00,177709
14-Apr-10,494.40,495.00,492.90,495.00,134739
13-Apr-10,498.40,498.40,485.50,494.00,215929
12-Apr-10,497.40,505.50,494.00,494.60,260364
9-Apr-10,497.30,497.50,490.10,494.00,288931
8-Apr-10,500.00,500.00,490.30,493.20,304655
7-Apr-10,488.00,504.00,488.00,501.50,294245
6-Apr-10,485.90,494.00,485.90,488.00,157612
1-Apr-10,486.20,493.20,484.20,489.60,150271
31-Mar-10,487.80,495.00,485.10,486.50,219901
30-Mar-10,493.80,495.00,489.50,490.00,281135
29-Mar-10,489.20,495.00,485.00,487.50,243461
26-Mar-10,482.80,491.80,479.00,487.70,352803
25-Mar-10,469.10,489.70,468.90,486.30,707366
24-Mar-10,463.00,469.40,459.60,468.00,691421
23-Mar-10,468.70,469.50,461.40,462.50,239300
22-Mar-10,473.50,475.00,459.30,467.20,190756
19-Mar-10,459.50,474.00,450.00,469.40,578037
18-Mar-10,446.70,462.60,446.00,455.30,970901
17-Mar-10,437.50,437.90,430.00,437.00,183008
16-Mar-10,429.80,437.50,425.20,434.50,206529
15-Mar-10,421.60,433.20,421.60,426.00,231735
12-Mar-10,417.80,422.00,417.20,421.00,557467
11-Mar-10,417.60,420.50,414.90,418.00,312596
10-Mar-10,415.40,420.60,415.00,420.00,250430
9-Mar-10,419.90,419.90,415.10,417.80,34754
8-Mar-10,416.20,420.00,414.20,419.90,41299
5-Mar-10,414.00,419.10,409.90,419.10,121007
4-Mar-10,413.70,414.80,407.30,413.90,137353
3-Mar-10,419.50,420.50,410.60,413.50,219801
2-Mar-10,419.50,419.50,415.00,418.10,61251
1-Mar-10,417.40,419.40,413.70,417.00,102980
26-Feb-10,411.80,415.40,408.50,415.40,90218
25-Feb-10,410.60,414.20,406.60,408.80,111196
24-Feb-10,415.10,415.10,410.00,414.10,61298
23-Feb-10,418.10,418.90,411.20,414.40,124960
22-Feb-10,419.20,419.50,405.00,417.50,415686
19-Feb-10,412.60,417.50,412.50,417.50,110674
18-Feb-10,412.90,418.90,411.10,417.00,108740
17-Feb-10,410.60,413.00,410.00,411.40,86973
16-Feb-10,406.50,410.00,403.70,410.00,176085
15-Feb-10,405.00,405.20,404.00,404.60,498968
12-Feb-10,406.40,408.40,402.20,405.00,597274
11-Feb-10,407.00,408.80,402.10,406.00,122091
10-Feb-10,402.30,410.70,402.00,404.20,94901
9-Feb-10,401.50,404.00,401.50,402.50,50402
8-Feb-10,399.80,405.00,399.80,403.00,58074
5-Feb-10,404.20,404.20,398.60,401.00,141955
4-Feb-10,410.90,414.00,400.00,401.10,228363
3-Feb-10,417.00,418.00,410.50,411.80,99158
2-Feb-10,417.40,417.40,410.50,416.50,195932
1-Feb-10,412.90,419.30,412.10,416.30,142703
29-Jan-10,420.00,422.90,416.60,417.50,191866
28-Jan-10,419.80,421.40,413.20,417.40,1119341
27-Jan-10,410.50,421.00,410.50,415.00,574916
26-Jan-10,414.00,416.10,410.50,414.20,476438
25-Jan-10,424.90,424.90,414.70,415.00,165790
22-Jan-10,414.20,428.00,409.00,417.80,728434
21-Jan-10,418.00,418.00,411.70,412.00,60870
20-Jan-10,420.00,421.90,416.10,416.90,506426
19-Jan-10,411.00,421.90,410.70,420.40,738783
18-Jan-10,407.50,414.00,405.70,410.00,206577
15-Jan-10,407.50,410.00,402.10,410.00,283527
14-Jan-10,408.20,408.20,400.50,406.50,765921
13-Jan-10,415.00,417.00,402.80,405.00,941075
12-Jan-10,420.20,420.20,415.00,415.00,283772
11-Jan-10,421.80,421.80,415.20,419.00,116016
8-Jan-10,421.10,427.00,415.00,415.00,1220162
7-Jan-10,426.40,428.10,421.40,422.20,181221
6-Jan-10,427.50,428.70,423.60,425.00,61037
5-Jan-10,437.00,437.00,426.60,430.00,87843
4-Jan-10,434.00,438.00,432.00,437.00,59442
