8-Nov-16,2064.00,2090.50,2062.00,2084.00,3667987
7-Nov-16,2048.00,2059.50,2039.50,2055.50,4167479
4-Nov-16,2030.50,2036.00,2006.00,2016.50,5273004
3-Nov-16,2061.50,2107.50,2034.50,2038.50,5850175
2-Nov-16,2102.50,2114.50,2053.00,2054.50,4819640
1-Nov-16,2110.00,2131.00,2093.50,2115.00,8116094
31-Oct-16,2049.00,2058.00,2026.50,2038.50,6502726
28-Oct-16,2065.00,2079.00,2041.00,2071.00,3895454
27-Oct-16,2040.00,2081.71,2032.20,2081.50,3936761
26-Oct-16,2071.00,2072.00,2027.00,2048.50,3971498
25-Oct-16,2064.50,2099.00,2064.50,2083.50,3749923
24-Oct-16,2081.00,2094.50,2066.00,2068.00,3821851
21-Oct-16,2071.50,2079.00,2067.50,2076.00,3855882
20-Oct-16,2081.00,2088.50,2065.50,2077.00,3378044
19-Oct-16,2060.50,2079.50,2050.50,2075.00,3170626
18-Oct-16,2071.50,2079.50,2049.50,2054.00,3494758
17-Oct-16,2077.00,2077.00,2045.50,2050.00,4666487
14-Oct-16,2065.00,2110.50,2062.88,2084.50,3208552
13-Oct-16,2079.00,2079.71,2049.82,2073.00,4959493
12-Oct-16,2084.00,2106.00,2073.50,2084.00,5046999
11-Oct-16,2114.00,2140.00,2096.00,2102.50,4712684
10-Oct-16,2076.00,2120.09,2067.00,2116.00,6208741
7-Oct-16,2043.00,2089.10,2030.00,2068.50,6013318
6-Oct-16,2031.50,2038.00,2020.00,2024.50,4188720
5-Oct-16,2003.50,2027.00,1992.00,2026.50,4593910
4-Oct-16,1963.50,2017.00,1960.00,2004.00,13479966
3-Oct-16,1930.00,1971.00,1925.00,1952.50,5597833
30-Sep-16,1903.50,1925.00,1887.50,1914.00,5493129
29-Sep-16,1894.50,1924.50,1886.00,1924.50,8171250
28-Sep-16,1803.00,1826.50,1801.50,1805.50,4642076
27-Sep-16,1850.00,1852.50,1791.00,1800.50,4140740
26-Sep-16,1843.00,1850.50,1831.00,1839.00,4310834
23-Sep-16,1851.50,1876.00,1843.50,1865.00,3950913
22-Sep-16,1845.50,1881.50,1845.50,1854.00,4919746
21-Sep-16,1835.00,1839.50,1822.50,1830.00,3244863
20-Sep-16,1820.50,1843.50,1818.00,1826.50,5069345
19-Sep-16,1818.50,1847.00,1818.50,1832.50,5193804
16-Sep-16,1815.00,1822.50,1794.50,1798.50,17013172
15-Sep-16,1806.00,1817.50,1792.50,1814.50,3784618
14-Sep-16,1833.00,1841.50,1809.45,1815.50,3112521
13-Sep-16,1854.50,1862.50,1826.00,1831.50,4611167
12-Sep-16,1850.00,1859.00,1835.50,1857.00,4705521
9-Sep-16,1909.50,1918.50,1871.50,1880.00,3299742
8-Sep-16,1907.00,1922.50,1899.50,1914.50,5839126
7-Sep-16,1867.00,1902.50,1867.00,1896.00,5360470
6-Sep-16,1894.50,1901.00,1853.00,1862.00,3624400
5-Sep-16,1873.50,1912.50,1864.50,1890.50,3873793
2-Sep-16,1824.00,1884.00,1818.50,1870.50,10301648
1-Sep-16,1858.50,1866.00,1812.00,1820.50,4452998
31-Aug-16,1892.50,1902.00,1856.00,1860.50,9286864
30-Aug-16,1887.50,1910.00,1885.50,1901.00,4309833
26-Aug-16,1880.50,1910.50,1875.00,1895.50,4562944
25-Aug-16,1877.50,1886.50,1863.50,1877.00,4438617
24-Aug-16,1888.50,1890.50,1869.50,1878.50,5359054
23-Aug-16,1900.00,1905.50,1886.50,1893.00,3348244
22-Aug-16,1920.00,1971.66,1892.00,1901.00,4073228
19-Aug-16,1940.00,1940.00,1920.50,1926.50,4555465
18-Aug-16,1938.00,1943.50,1913.00,1932.00,3967309
17-Aug-16,1938.00,1942.50,1918.50,1927.50,6497816
16-Aug-16,1923.50,1953.00,1916.50,1930.00,5503061
15-Aug-16,1925.00,1957.00,1914.00,1932.50,5292201
12-Aug-16,1932.00,1966.25,1882.18,1919.00,5064599
11-Aug-16,1884.50,1927.00,1855.50,1922.50,6252267
10-Aug-16,1915.00,1916.50,1894.00,1916.50,4247901
9-Aug-16,1919.00,1932.64,1916.00,1918.50,3208868
8-Aug-16,1907.50,1920.50,1892.50,1919.00,3704888
5-Aug-16,1898.50,1917.00,1886.50,1899.00,3989512
4-Aug-16,1855.50,1910.50,1850.00,1894.50,5607505
3-Aug-16,1851.50,1862.50,1828.00,1836.50,4338344
2-Aug-16,1874.50,1876.50,1843.00,1849.00,5505156
1-Aug-16,1947.00,1971.77,1887.50,1888.50,5258501
29-Jul-16,1966.00,1967.00,1915.50,1944.00,7914341
28-Jul-16,1978.00,2000.00,1962.00,1984.50,9200642
27-Jul-16,2065.50,2080.00,2042.50,2043.50,5331056
26-Jul-16,2035.00,2069.00,2016.00,2059.00,6783404
25-Jul-16,2082.00,2089.50,2027.32,2038.50,4756199
22-Jul-16,2074.50,2097.50,2054.50,2092.00,2383056
21-Jul-16,2078.00,2093.50,2060.50,2082.50,3545719
20-Jul-16,2112.50,2112.50,2059.00,2084.50,3814980
19-Jul-16,2079.00,2106.50,2072.25,2095.50,3463921
18-Jul-16,2083.50,2088.00,2061.50,2071.50,3476861
15-Jul-16,2069.00,2085.50,2053.50,2085.50,5487358
14-Jul-16,2105.50,2127.40,2079.00,2083.50,5254159
13-Jul-16,2095.00,2118.00,2076.50,2088.00,6701694
12-Jul-16,2100.00,2122.50,2085.67,2107.50,5646033
11-Jul-16,2115.50,2115.50,2077.50,2101.00,4977159
8-Jul-16,2089.00,2109.00,2050.00,2102.00,6980580
7-Jul-16,2094.00,2116.00,2078.50,2097.00,6956503
6-Jul-16,2094.50,2113.50,2042.50,2082.00,9442694
5-Jul-16,2051.00,2115.50,2046.00,2103.50,7596906
4-Jul-16,2077.50,2094.50,2043.50,2051.00,3552470
1-Jul-16,2045.50,2080.50,2039.50,2076.00,6783319
30-Jun-16,2005.00,2049.00,1981.00,2047.50,9478282
29-Jun-16,1943.00,2000.00,1942.00,2000.00,7820291
28-Jun-16,1937.00,1937.00,1898.05,1921.00,5052936
27-Jun-16,1868.50,1929.00,1852.00,1907.00,9543374
24-Jun-16,1752.50,1901.50,1752.50,1872.00,16561702
23-Jun-16,1823.00,1856.00,1819.02,1852.00,7126051
22-Jun-16,1821.50,1835.00,1803.50,1810.50,6931422
21-Jun-16,1790.00,1822.00,1774.00,1808.50,5565026
20-Jun-16,1780.50,1818.00,1775.50,1794.00,8269072
17-Jun-16,1738.00,1772.50,1702.58,1766.00,10670411
16-Jun-16,1710.00,1732.00,1695.00,1727.50,6374896
15-Jun-16,1728.00,1737.50,1701.50,1715.00,5687402
14-Jun-16,1760.00,1766.00,1717.50,1722.00,6672305
13-Jun-16,1770.00,1784.00,1760.50,1772.00,7061452
10-Jun-16,1775.50,1789.00,1768.50,1780.00,4720469
9-Jun-16,1802.50,1816.50,1763.00,1784.50,3594786
3-Jun-16,1673.00,1692.50,1670.50,1676.00,5285126
2-Jun-16,1665.00,1688.50,1651.50,1661.00,6019919
1-Jun-16,1657.50,1668.00,1645.00,1666.00,6387824
31-May-16,1672.00,1684.50,1657.50,1657.50,17676604
27-May-16,1683.00,1691.00,1665.50,1675.00,4534063
26-May-16,1700.50,1711.00,1674.00,1682.50,4587029
25-May-16,1672.50,1691.50,1665.50,1685.00,6447244
24-May-16,1655.50,1668.00,1652.00,1655.00,5927010
23-May-16,1678.50,1678.50,1655.50,1659.00,5861604
20-May-16,1673.00,1686.50,1650.55,1680.00,6296850
19-May-16,1698.50,1698.50,1644.10,1648.00,7006700
18-May-16,1739.00,1745.00,1717.50,1733.00,5811062
17-May-16,1751.00,1762.50,1729.50,1752.00,3708762
16-May-16,1714.00,1753.00,1713.50,1745.00,3776260
13-May-16,1716.50,1726.00,1701.00,1726.00,5110469
12-May-16,1724.00,1769.00,1718.00,1724.00,3896065
11-May-16,1718.50,1738.50,1697.50,1734.50,4258444
10-May-16,1711.00,1725.65,1699.00,1719.50,5155341
9-May-16,1752.00,1756.00,1697.00,1703.00,4787362
6-May-16,1713.50,1745.50,1691.00,1742.50,5830385
5-May-16,1715.50,1741.00,1704.00,1726.50,4239975
4-May-16,1765.50,1777.00,1701.50,1710.50,7706145
3-May-16,1776.00,1780.50,1737.00,1755.00,5425707
29-Apr-16,1800.00,1805.50,1777.50,1779.50,6126504
28-Apr-16,1795.50,1823.50,1787.50,1812.50,5609905
27-Apr-16,1761.00,1813.00,1761.00,1810.00,5956558
26-Apr-16,1767.00,1774.50,1749.00,1766.00,5368958
25-Apr-16,1808.50,1813.42,1753.00,1760.00,8066375
22-Apr-16,1822.00,1822.50,1787.82,1814.00,5452598
21-Apr-16,1820.00,1837.50,1810.00,1832.50,5627871
20-Apr-16,1794.50,1820.00,1778.00,1813.00,4490983
19-Apr-16,1803.50,1826.50,1768.00,1800.50,8483034
18-Apr-16,1774.00,1804.00,1744.03,1804.00,5121220
15-Apr-16,1817.50,1827.50,1805.50,1814.00,5729005
14-Apr-16,1805.00,1820.50,1787.00,1817.50,4820638
13-Apr-16,1777.00,1801.00,1768.00,1801.00,5892732
12-Apr-16,1738.00,1763.50,1722.00,1759.00,4497585
11-Apr-16,1734.50,1738.50,1712.00,1732.00,3200287
8-Apr-16,1684.50,1737.00,1680.50,1733.00,3783616
7-Apr-16,1681.00,1686.50,1660.00,1666.50,3962060
6-Apr-16,1656.50,1674.50,1645.00,1663.00,5690147
5-Apr-16,1654.00,1654.00,1622.00,1644.00,4569444
4-Apr-16,1660.50,1690.00,1652.62,1677.50,4331117
1-Apr-16,1670.00,1673.50,1635.00,1668.00,5212803
31-Mar-16,1696.00,1699.00,1681.00,1684.00,4891175
30-Mar-16,1661.50,1727.00,1661.50,1706.50,6388772
29-Mar-16,1688.50,1694.50,1642.50,1650.00,3790256
24-Mar-16,1680.00,1685.50,1649.52,1677.00,5738697
23-Mar-16,1705.00,1710.00,1682.50,1696.00,4311535
22-Mar-16,1699.00,1705.00,1673.50,1702.00,5375609
21-Mar-16,1691.50,1706.00,1680.00,1697.50,3933647
18-Mar-16,1732.50,1736.50,1697.50,1697.50,8056026
17-Mar-16,1723.00,1750.25,1700.50,1730.00,4876684
16-Mar-16,1671.00,1711.00,1671.00,1703.50,4344706
15-Mar-16,1660.50,1665.50,1637.50,1657.50,4845116
14-Mar-16,1673.50,1689.17,1647.00,1666.50,4797640
11-Mar-16,1676.50,1682.00,1654.50,1669.00,5067727
10-Mar-16,1694.00,1694.00,1636.50,1638.50,8446127
9-Mar-16,1655.50,1694.50,1647.50,1689.50,5650086
8-Mar-16,1680.50,1688.50,1639.99,1659.00,7135333
7-Mar-16,1673.50,1692.00,1634.50,1674.00,6778649
4-Mar-16,1674.00,1683.00,1655.00,1677.50,8063594
3-Mar-16,1660.50,1670.00,1642.50,1665.00,7865780
2-Mar-16,1660.00,1662.00,1622.00,1657.00,7765298
1-Mar-16,1641.50,1657.50,1634.50,1645.50,9076943
29-Feb-16,1628.00,1658.00,1619.50,1647.50,7687847
26-Feb-16,1613.50,1650.51,1607.50,1641.50,8609523
25-Feb-16,1575.50,1618.00,1567.50,1588.00,10150137
24-Feb-16,1565.00,1568.00,1531.00,1545.00,19601516
23-Feb-16,1611.50,1617.00,1576.00,1576.00,11054757
22-Feb-16,1584.00,1637.00,1581.50,1624.50,6174576
19-Feb-16,1587.50,1603.00,1554.50,1563.00,7855223
18-Feb-16,1626.00,1630.00,1584.50,1589.00,14156924
17-Feb-16,1569.50,1642.00,1555.00,1642.00,12460951
16-Feb-16,1570.50,1606.00,1547.50,1567.00,11474384
15-Feb-16,1545.00,1559.00,1516.00,1542.00,6423161
12-Feb-16,1465.50,1527.03,1463.00,1525.50,16960442
11-Feb-16,1442.50,1458.50,1405.50,1441.50,12290198
10-Feb-16,1462.00,1488.00,1440.00,1454.50,11430422
9-Feb-16,1536.50,1545.50,1461.00,1461.00,11691459
8-Feb-16,1547.00,1554.00,1493.03,1522.00,8493688
5-Feb-16,1528.50,1563.50,1520.00,1535.00,11059729
4-Feb-16,1493.50,1545.00,1480.00,1525.50,14847223
3-Feb-16,1432.00,1454.00,1408.00,1438.00,7270354
2-Feb-16,1483.50,1484.50,1413.50,1433.50,9177058
1-Feb-16,1526.00,1531.00,1471.00,1494.50,10837256
29-Jan-16,1517.00,1526.00,1470.00,1518.00,11809536
28-Jan-16,1469.50,1540.50,1466.00,1495.00,16731108
27-Jan-16,1416.00,1463.00,1382.50,1463.00,15697993
26-Jan-16,1368.50,1428.50,1349.00,1422.50,10501441
25-Jan-16,1409.00,1411.50,1366.02,1398.50,10186348
22-Jan-16,1364.50,1401.00,1358.00,1387.00,11072035
21-Jan-16,1272.00,1319.00,1256.00,1316.50,11398106
20-Jan-16,1327.50,1328.40,1260.50,1266.00,16299920
19-Jan-16,1363.50,1389.00,1346.03,1365.00,10654985
18-Jan-16,1346.00,1373.50,1335.51,1338.50,7638638
15-Jan-16,1387.50,1395.50,1341.50,1351.00,14189198
14-Jan-16,1337.50,1405.00,1326.00,1391.50,13668603
13-Jan-16,1364.50,1396.50,1338.00,1346.00,16453090
12-Jan-16,1349.00,1394.50,1338.00,1351.00,10571874
11-Jan-16,1368.50,1391.00,1348.00,1354.00,13893136
8-Jan-16,1453.50,1456.50,1374.50,1375.00,14008041
7-Jan-16,1449.50,1467.00,1408.50,1454.50,12283756
6-Jan-16,1525.50,1528.49,1475.50,1497.50,7130092
5-Jan-16,1555.00,1560.00,1510.50,1526.00,6738536
4-Jan-16,1546.00,1547.00,1491.50,1516.00,8490025
31-Dec-15,1542.50,1545.00,1524.50,1526.00,1785534
30-Dec-15,1560.00,1562.50,1492.87,1545.00,3849734
29-Dec-15,1539.50,1566.50,1533.50,1561.00,5164993
24-Dec-15,1564.00,1571.00,1553.00,1557.00,1034753
23-Dec-15,1496.00,1556.50,1494.00,1551.00,5999390
22-Dec-15,1455.50,1490.00,1448.50,1486.00,6630620
21-Dec-15,1460.00,1472.00,1442.00,1442.00,8296165
18-Dec-15,1440.00,1475.50,1438.00,1463.50,10913598
16-Dec-15,1471.50,1486.00,1457.00,1462.00,6996483
15-Dec-15,1437.00,1473.50,1432.50,1463.50,8086329
14-Dec-15,1465.50,1470.50,1415.50,1418.50,9435747
11-Dec-15,1517.00,1520.00,1453.50,1453.50,10674862
10-Dec-15,1542.00,1549.50,1512.50,1522.00,7700150
9-Dec-15,1521.50,1566.00,1487.00,1541.00,7218845
8-Dec-15,1517.00,1536.00,1486.50,1517.50,9109737
7-Dec-15,1584.50,1584.50,1513.50,1518.50,6714268
4-Dec-15,1625.50,1657.50,1576.00,1585.50,7088682
3-Dec-15,1661.50,1679.50,1624.00,1624.50,8503006
2-Dec-15,1645.00,1685.00,1637.50,1663.50,5721444
1-Dec-15,1655.50,1658.00,1639.00,1644.00,5013176
30-Nov-15,1644.50,1668.00,1636.00,1643.00,7428153
27-Nov-15,1670.50,1673.86,1649.50,1656.50,3227345
26-Nov-15,1653.50,1678.00,1648.00,1672.50,4748790
25-Nov-15,1654.50,1670.50,1637.50,1648.50,6185297
24-Nov-15,1617.00,1651.50,1613.14,1650.00,5819587
23-Nov-15,1614.50,1656.50,1604.00,1626.50,5889558
20-Nov-15,1662.50,1664.68,1632.50,1635.00,5916034
19-Nov-15,1656.50,1692.00,1654.00,1666.00,8080405
18-Nov-15,1608.00,1653.50,1602.00,1640.00,7123270
17-Nov-15,1605.50,1629.50,1602.50,1618.00,8227941
16-Nov-15,1566.50,1617.00,1566.50,1576.00,5847568
13-Nov-15,1581.50,1601.50,1559.00,1568.00,6046845
12-Nov-15,1620.50,1632.00,1584.39,1584.50,6241582
11-Nov-15,1684.00,1695.50,1654.00,1656.50,4552238
10-Nov-15,1703.00,1711.68,1681.00,1686.00,4813040
9-Nov-15,1712.00,1739.50,1698.00,1700.50,5181634
6-Nov-15,1721.50,1731.00,1694.50,1712.00,5983760
5-Nov-15,1750.50,1750.50,1707.50,1719.00,7256323
4-Nov-15,1769.00,1794.00,1755.50,1757.00,5548199
3-Nov-15,1721.50,1757.50,1713.00,1757.50,7314126
2-Nov-15,1681.50,1710.50,1673.00,1707.00,4621560
30-Oct-15,1711.50,1718.50,1684.00,1690.00,5693833
29-Oct-15,1713.00,1723.00,1689.00,1711.50,5677648
28-Oct-15,1706.50,1753.00,1702.50,1738.00,5436328
27-Oct-15,1736.50,1741.75,1695.50,1709.50,5863171
26-Oct-15,1768.50,1777.50,1740.50,1742.00,5054004
23-Oct-15,1800.00,1804.50,1755.00,1762.50,5674533
22-Oct-15,1780.50,1799.50,1766.50,1787.00,4597683
21-Oct-15,1779.00,1806.50,1767.50,1797.00,4648005
20-Oct-15,1770.00,1798.10,1746.00,1771.50,3724482
19-Oct-15,1807.50,1816.50,1767.00,1774.50,4227844
16-Oct-15,1798.00,1824.00,1797.50,1808.00,4225518
15-Oct-15,1790.00,1798.00,1758.50,1779.00,6173082
14-Oct-15,1763.00,1794.50,1750.00,1768.50,4588049
13-Oct-15,1777.00,1788.50,1753.00,1779.00,3230631
12-Oct-15,1804.50,1820.50,1784.00,1791.50,3174490
9-Oct-15,1822.50,1833.00,1797.50,1811.00,8439283
8-Oct-15,1780.00,1808.00,1770.50,1806.00,5752214
7-Oct-15,1769.50,1810.50,1755.00,1786.00,10126634
6-Oct-15,1693.00,1754.50,1667.50,1746.00,6814918
5-Oct-15,1645.50,1689.50,1635.00,1689.50,6585778
2-Oct-15,1590.50,1635.99,1587.00,1608.00,5721382
1-Oct-15,1573.00,1618.50,1571.00,1587.00,4774470
30-Sep-15,1555.00,1557.97,1534.50,1554.00,7408213
29-Sep-15,1500.00,1550.00,1497.50,1537.00,5806304
28-Sep-15,1562.00,1562.00,1508.50,1508.50,3826773
25-Sep-15,1545.00,1559.00,1541.50,1552.00,4253619
24-Sep-15,1552.00,1552.00,1519.00,1522.50,5047186
23-Sep-15,1541.00,1583.00,1537.00,1561.00,5701406
22-Sep-15,1582.50,1582.50,1526.00,1535.50,7166369
21-Sep-15,1574.00,1598.00,1566.50,1577.50,5645293
18-Sep-15,1632.00,1638.50,1578.50,1582.00,10288263
17-Sep-15,1660.50,1669.00,1637.50,1644.50,6028719
16-Sep-15,1635.50,1662.00,1619.50,1658.00,6107009
15-Sep-15,1609.00,1636.50,1584.00,1627.00,5102874
14-Sep-15,1616.00,1633.00,1593.50,1607.50,4901216
11-Sep-15,1621.50,1627.00,1604.50,1612.00,5089402
10-Sep-15,1626.00,1646.50,1600.00,1614.00,6428575
9-Sep-15,1666.00,1668.62,1637.50,1642.00,5188910
8-Sep-15,1609.50,1641.50,1609.50,1629.50,6469994
7-Sep-15,1624.50,1644.50,1603.50,1604.00,3267299
4-Sep-15,1653.50,1656.50,1597.00,1605.00,5948093
3-Sep-15,1656.00,1675.50,1642.00,1659.50,7492968
2-Sep-15,1634.00,1663.50,1605.50,1631.00,8151592
1-Sep-15,1703.00,1721.50,1628.50,1638.00,10879226
28-Aug-15,1673.00,1705.50,1654.00,1695.00,8365116
27-Aug-15,1612.00,1665.50,1593.50,1653.50,10504479
26-Aug-15,1600.50,1633.50,1573.00,1575.00,8428445
25-Aug-15,1611.50,1646.64,1593.00,1619.00,9946776
24-Aug-15,1638.00,1657.99,1542.50,1579.00,16304760
21-Aug-15,1720.00,1735.00,1684.84,1686.00,7937106
20-Aug-15,1728.00,1753.50,1713.50,1738.50,7418808
19-Aug-15,1765.00,1765.00,1726.00,1729.00,4911874
18-Aug-15,1800.00,1800.00,1759.50,1764.00,4975887
17-Aug-15,1805.00,1805.50,1781.00,1793.00,3928374
14-Aug-15,1816.00,1843.10,1794.50,1797.00,4345251
13-Aug-15,1872.00,1887.43,1821.00,1821.50,6095618
12-Aug-15,1870.00,1879.00,1845.50,1869.00,6243369
11-Aug-15,1871.00,1893.12,1864.50,1867.00,6289821
10-Aug-15,1888.50,1893.00,1849.00,1879.50,3739157
7-Aug-15,1875.00,1902.50,1870.00,1885.50,5299068
6-Aug-15,1854.00,1875.50,1843.00,1873.50,6072828
5-Aug-15,1828.50,1863.50,1824.00,1861.00,5095118
4-Aug-15,1821.00,1840.00,1811.50,1830.50,5190100
3-Aug-15,1837.00,1848.50,1822.00,1832.00,4510094
31-Jul-15,1846.00,1864.00,1827.00,1840.00,5868104
30-Jul-15,1807.00,1851.50,1797.50,1839.00,8683843
29-Jul-15,1751.50,1764.50,1730.00,1764.50,6045817
28-Jul-15,1737.50,1751.00,1725.50,1740.00,4669046
27-Jul-15,1753.00,1768.56,1728.50,1735.50,5172944
24-Jul-15,1783.50,1791.50,1752.50,1755.50,4286062
23-Jul-15,1799.00,1803.50,1775.00,1784.00,4414473
22-Jul-15,1817.00,1820.50,1784.00,1787.00,4877059
21-Jul-15,1817.00,1838.50,1807.30,1836.00,3260522
20-Jul-15,1818.50,1835.00,1808.00,1819.00,3143003
17-Jul-15,1832.00,1832.50,1808.00,1814.00,4008245
16-Jul-15,1828.50,1840.00,1814.00,1835.50,4533246
15-Jul-15,1830.50,1841.50,1821.00,1824.50,3903719
14-Jul-15,1807.50,1839.00,1803.50,1838.00,4658635
13-Jul-15,1844.00,1845.50,1809.00,1818.00,3773147
10-Jul-15,1833.50,1842.00,1810.50,1822.00,4383523
9-Jul-15,1801.50,1816.50,1764.07,1804.50,6311947
8-Jul-15,1765.50,1815.50,1763.00,1801.50,5699683
7-Jul-15,1789.00,1789.00,1753.00,1775.78,5354107
6-Jul-15,1799.50,1804.00,1783.50,1788.00,4010176
3-Jul-15,1821.50,1823.86,1796.50,1812.00,2602109
2-Jul-15,1805.00,1828.50,1800.00,1816.50,5477483
1-Jul-15,1811.00,1827.50,1795.50,1803.50,6696541
30-Jun-15,1822.00,1822.00,1786.50,1786.50,8463562
29-Jun-15,1835.00,1838.00,1809.50,1819.00,6525423
26-Jun-15,1880.00,1882.50,1856.50,1858.00,6111417
25-Jun-15,1891.50,1918.00,1882.50,1883.00,5407223
24-Jun-15,1869.50,1902.50,1869.50,1898.50,5675598
23-Jun-15,1867.00,1872.00,1855.50,1855.50,5537468
22-Jun-15,1870.50,1876.50,1862.00,1875.00,4567279
19-Jun-15,1838.00,1860.50,1825.70,1843.50,6849711
18-Jun-15,1845.00,1845.00,1826.00,1844.00,4200813
17-Jun-15,1856.00,1857.50,1840.50,1844.50,3782626
16-Jun-15,1845.00,1860.00,1825.50,1850.50,3675400
15-Jun-15,1851.00,1866.05,1835.82,1854.50,4738745
12-Jun-15,1893.00,1899.00,1851.50,1858.00,4600892
11-Jun-15,1905.00,1915.50,1890.00,1897.00,4745005
10-Jun-15,1885.00,1906.50,1885.00,1898.50,7952261
9-Jun-15,1900.00,1904.00,1874.00,1883.00,7643478
8-Jun-15,1913.50,1914.00,1886.00,1902.00,4062783
5-Jun-15,1895.00,1921.50,1886.50,1902.50,6713365
4-Jun-15,1928.00,1929.00,1901.50,1901.50,6973401
3-Jun-15,1944.50,1950.00,1923.50,1938.00,6632994
2-Jun-15,1930.00,1949.00,1905.00,1934.00,7374418
1-Jun-15,1956.00,1958.50,1915.50,1922.50,5612316
29-May-15,1962.00,1973.50,1943.00,1943.00,7281372
28-May-15,1954.00,1967.50,1942.50,1954.00,3695694
27-May-15,1934.00,1962.00,1934.00,1957.50,4791494
26-May-15,1962.00,1962.00,1924.00,1931.00,5417356
22-May-15,1998.50,2000.50,1969.50,1970.50,5362478
21-May-15,1976.00,1995.00,1974.00,1985.00,4564017
20-May-15,1976.00,1980.50,1956.50,1970.00,5795225
19-May-15,1992.50,2000.00,1970.00,1971.00,6328566
18-May-15,1998.50,2019.50,1974.50,1981.50,3899876
15-May-15,2017.00,2019.00,1985.50,1991.50,4469526
14-May-15,2015.00,2027.00,2003.50,2018.50,4307051
13-May-15,2046.00,2053.00,2030.50,2045.50,5201672
12-May-15,2047.50,2054.50,2018.84,2033.50,5591430
11-May-15,2066.50,2094.50,2047.00,2052.00,5220300
8-May-15,2028.00,2077.00,2001.50,2072.00,7978817
7-May-15,2076.00,2080.50,2023.50,2043.00,7563565
6-May-15,2092.00,2102.00,2075.50,2082.50,4159419
5-May-15,2090.50,2119.50,2076.50,2091.50,6855835
1-May-15,2071.50,2075.50,2045.50,2060.00,3093505
30-Apr-15,2094.50,2094.50,2055.00,2059.50,8638557
29-Apr-15,2055.50,2071.50,2033.50,2052.00,5193451
28-Apr-15,2074.50,2085.50,2050.50,2061.00,5200674
27-Apr-15,2066.50,2089.14,2042.00,2076.50,4631299
24-Apr-15,2091.50,2098.50,2063.50,2066.00,4885661
23-Apr-15,2065.00,2098.50,2059.50,2091.50,4421564
22-Apr-15,2106.00,2110.00,2063.00,2070.50,4446244
21-Apr-15,2120.00,2120.00,2092.50,2100.00,4248114
20-Apr-15,2098.00,2122.00,2093.00,2121.00,4153449
17-Apr-15,2114.00,2119.00,2077.50,2089.00,5036075
16-Apr-15,2088.00,2115.00,2081.50,2109.00,7814235
15-Apr-15,2034.00,2083.00,2034.00,2071.50,4132096
14-Apr-15,2025.50,2055.00,2025.50,2045.50,6198713
13-Apr-15,2034.50,2046.00,2023.00,2038.50,5662378
10-Apr-15,2017.50,2028.50,2001.50,2026.50,4493458
9-Apr-15,2001.50,2008.00,1971.00,2004.00,10514681
8-Apr-15,2075.00,2080.00,1974.50,1982.50,14121602
7-Apr-15,2056.50,2099.75,2051.00,2094.00,4638290
2-Apr-15,2037.00,2050.00,2017.50,2024.50,2657218
1-Apr-15,2007.50,2053.50,2006.50,2037.10,4487519
31-Mar-15,2055.50,2063.00,2006.50,2026.05,5228035
30-Mar-15,2049.00,2072.00,2027.00,2052.75,3931362
27-Mar-15,2061.00,2061.75,2025.00,2034.50,5089224
26-Mar-15,2102.50,2118.00,2060.00,2069.00,4654305
25-Mar-15,2074.50,2112.50,2067.50,2096.50,3128831
24-Mar-15,2085.00,2107.00,2078.50,2078.50,4153735
23-Mar-15,2073.50,2106.50,1990.35,2094.00,3497470
20-Mar-15,2054.00,2069.50,2043.50,2064.00,16218095
19-Mar-15,2031.00,2044.50,2007.00,2042.00,7595555
18-Mar-15,1975.50,2023.00,1975.50,2022.50,5926441
17-Mar-15,1941.50,1979.50,1941.50,1975.00,5631735
16-Mar-15,1925.00,1942.00,1916.79,1935.50,4011391
13-Mar-15,1965.00,1966.50,1918.50,1921.50,6018112
12-Mar-15,1948.00,1993.50,1948.00,1961.00,6784861
11-Mar-15,1945.50,1952.00,1929.22,1936.00,5494858
10-Mar-15,2020.00,2020.00,1936.50,1936.50,7235054
9-Mar-15,2025.50,2035.50,2005.50,2030.00,4457876
6-Mar-15,2040.00,2042.00,2023.50,2030.00,4875798
5-Mar-15,2055.50,2062.50,2033.83,2040.00,5434250
4-Mar-15,2060.50,2066.50,2029.00,2043.50,5870047
3-Mar-15,2095.00,2100.00,2037.00,2047.00,10345953
2-Mar-15,2113.00,2119.50,2087.50,2090.00,4038462
27-Feb-15,2101.00,2128.50,2094.50,2118.00,4982324
26-Feb-15,2120.00,2125.50,2095.50,2105.50,4006640
25-Feb-15,2131.00,2132.00,2100.00,2122.50,4070842
24-Feb-15,2111.00,2138.00,2098.50,2129.50,5534086
23-Feb-15,2139.00,2139.00,2100.00,2114.00,3981415
20-Feb-15,2122.50,2128.50,2103.00,2127.00,6119412
19-Feb-15,2145.00,2150.00,2105.00,2109.00,6262562
18-Feb-15,2164.50,2173.50,2142.50,2154.00,4239649
17-Feb-15,2119.50,2170.00,2110.00,2151.50,4252748
16-Feb-15,2155.00,2155.00,2125.00,2131.50,3082202
13-Feb-15,2122.50,2154.50,2118.50,2149.00,4558936
12-Feb-15,2123.50,2162.34,2105.50,2112.50,5713090
11-Feb-15,2161.00,2161.50,2122.50,2146.50,4045202
10-Feb-15,2192.00,2192.00,2138.00,2152.50,5469214
9-Feb-15,2163.00,2195.50,2148.50,2186.50,5891404
6-Feb-15,2173.00,2189.00,2157.50,2165.00,5958062
5-Feb-15,2127.00,2183.00,2100.00,2169.00,6405091
4-Feb-15,2181.00,2187.50,2124.00,2157.00,7266873
3-Feb-15,2094.00,2180.00,2091.50,2180.00,8715763
2-Feb-15,2044.00,2086.00,2037.50,2069.00,8032445
30-Jan-15,2066.00,2079.00,2014.00,2018.00,9767429
29-Jan-15,2079.00,2090.00,2042.50,2060.00,11505981
28-Jan-15,2211.00,2211.40,2140.50,2153.50,8499031
27-Jan-15,2205.50,2216.50,2150.00,2191.00,7287394
26-Jan-15,2157.50,2213.00,2140.00,2211.50,7220000
23-Jan-15,2200.00,2200.00,2132.50,2185.00,7747526
22-Jan-15,2170.00,2215.25,2153.50,2176.50,6912709
21-Jan-15,2127.50,2178.50,2126.50,2163.50,8061224
20-Jan-15,2141.50,2154.50,2105.50,2117.00,6242221
19-Jan-15,2103.50,2126.50,2083.00,2121.00,4147112
16-Jan-15,2054.00,2105.00,2044.50,2102.50,8243112
15-Jan-15,2044.50,2077.50,1974.00,2066.00,9674941
14-Jan-15,2054.00,2054.50,2003.00,2008.00,9595610
13-Jan-15,2045.00,2089.50,2038.50,2077.00,5399256
12-Jan-15,2115.00,2115.50,2048.00,2078.50,4553079
9-Jan-15,2143.50,2147.00,2093.00,2106.50,4117347
8-Jan-15,2134.50,2150.50,2112.00,2142.50,4527158
7-Jan-15,2087.50,2128.00,2055.50,2098.00,6539152
6-Jan-15,2080.00,2123.50,2033.00,2079.50,6610552
5-Jan-15,2157.50,2161.00,2076.00,2080.00,6441432
31-Dec-14,2164.00,2164.00,2145.50,2153.50,912594
30-Dec-14,2189.00,2195.00,2143.50,2160.00,4105772
29-Dec-14,2208.00,2214.50,2186.00,2208.50,3392528
24-Dec-14,2197.00,2212.50,2191.00,2203.50,756207
23-Dec-14,2177.00,2204.50,2166.50,2193.50,4271970
22-Dec-14,2201.50,2239.50,2155.50,2177.00,4962126
19-Dec-14,2130.00,2177.00,2114.00,2170.00,8174512
18-Dec-14,2124.00,2130.50,2076.50,2105.00,9341621
17-Dec-14,2007.00,2108.00,1996.00,2094.50,8088037
16-Dec-14,1946.00,2039.00,1929.00,2036.50,11221135
15-Dec-14,1980.00,2039.50,1943.00,1988.00,8897426
12-Dec-14,2026.50,2029.50,1982.00,1984.00,8336372
11-Dec-14,2038.00,2072.50,2023.50,2045.00,5248115
10-Dec-14,2084.50,2085.00,2035.00,2035.00,4186083
9-Dec-14,2095.50,2113.50,2063.00,2084.50,5537204
8-Dec-14,2139.50,2148.50,2095.50,2095.50,3452325
5-Dec-14,2156.50,2164.50,2133.50,2149.00,3640183
4-Dec-14,2179.50,2188.25,2139.00,2150.00,4669353
3-Dec-14,2219.00,2229.50,2159.50,2178.00,4592377
2-Dec-14,2139.00,2212.00,2127.00,2208.00,5634365
1-Dec-14,2103.00,2135.00,2065.81,2121.00,4032309
28-Nov-14,2155.50,2155.50,2086.50,2132.50,6659689
27-Nov-14,2252.50,2259.00,2170.00,2179.00,3765085
26-Nov-14,2246.50,2269.50,2236.50,2263.50,2948490
25-Nov-14,2267.50,2270.57,2238.00,2250.50,3849024
24-Nov-14,2288.50,2299.50,2256.00,2267.00,2487992
21-Nov-14,2268.00,2296.50,2263.00,2283.50,4907015
20-Nov-14,2240.50,2260.50,2225.00,2254.00,5396945
19-Nov-14,2234.00,2238.00,2218.00,2229.00,3128041
18-Nov-14,2216.00,2248.00,2212.50,2236.00,2761392
17-Nov-14,2192.50,2209.50,2188.50,2205.50,2673164
14-Nov-14,2184.50,2211.50,2157.50,2201.50,2848728
13-Nov-14,2198.00,2223.50,2163.00,2176.00,3183999
12-Nov-14,2213.50,2237.00,2201.50,2223.00,3034389
11-Nov-14,2212.50,2220.50,2191.50,2219.50,3091236
10-Nov-14,2237.00,2257.00,2228.00,2234.50,3042890
7-Nov-14,2187.00,2240.50,2187.00,2230.50,4680517
6-Nov-14,2163.50,2199.00,2154.00,2178.50,5000833
5-Nov-14,2150.50,2166.50,2136.00,2164.00,5729292
4-Nov-14,2187.00,2191.00,2134.00,2139.00,5254301
3-Nov-14,2221.50,2239.00,2193.50,2196.00,3567376
31-Oct-14,2248.50,2251.50,2216.50,2235.50,5141564
30-Oct-14,2255.00,2262.00,2188.50,2227.50,4484684
29-Oct-14,2214.00,2235.50,2194.00,2235.50,2906556
28-Oct-14,2194.00,2207.00,2180.50,2195.00,2951164
27-Oct-14,2213.00,2218.50,2172.00,2183.00,3211690
24-Oct-14,2211.00,2216.50,2182.50,2197.00,4019835
23-Oct-14,2174.50,2214.50,2150.00,2210.00,5120413
22-Oct-14,2178.50,2188.00,2157.50,2185.50,5043030
21-Oct-14,2095.50,2163.50,2093.50,2163.50,6742900
20-Oct-14,2139.00,2142.50,2084.00,2099.00,5770973
17-Oct-14,2094.00,2152.18,2087.50,2149.00,8434017
16-Oct-14,2130.50,2134.00,2036.50,2066.00,12466794
15-Oct-14,2171.50,2171.50,2113.00,2114.00,8105243
14-Oct-14,2166.50,2189.00,2156.50,2174.00,5661687
13-Oct-14,2162.00,2209.00,2155.50,2192.50,4525696
10-Oct-14,2223.50,2223.50,2185.50,2191.00,5578101
9-Oct-14,2298.00,2308.50,2237.50,2245.50,5956543
8-Oct-14,2277.50,2289.50,2265.00,2281.00,4463318
7-Oct-14,2284.00,2287.50,2258.50,2280.50,3720622
6-Oct-14,2292.00,2303.50,2281.00,2288.00,4390482
3-Oct-14,2297.00,2311.31,2288.50,2294.00,3311772
2-Oct-14,2336.00,2336.50,2279.50,2279.50,4506154
1-Oct-14,2353.50,2354.50,2319.50,2331.00,4313167
30-Sep-14,2365.00,2376.50,2349.00,2358.50,5296738
29-Sep-14,2349.00,2365.50,2341.00,2360.00,2927785
26-Sep-14,2343.50,2352.00,2325.94,2346.50,3011569
25-Sep-14,2379.00,2379.50,2334.50,2342.50,3692740
24-Sep-14,2373.50,2387.50,2359.45,2375.50,3558223
23-Sep-14,2397.00,2401.50,2371.00,2377.50,3814077
22-Sep-14,2404.50,2418.00,2395.00,2400.50,2689692
19-Sep-14,2412.50,2420.50,2361.50,2407.50,6595045
18-Sep-14,2401.00,2412.50,2387.00,2402.50,2841753
17-Sep-14,2413.00,2417.50,2396.50,2400.50,3076651
16-Sep-14,2391.00,2411.50,2390.00,2411.50,3629991
15-Sep-14,2374.50,2388.50,2360.50,2388.50,3427142
12-Sep-14,2400.00,2407.75,2382.50,2387.50,4574100
11-Sep-14,2423.50,2428.50,2394.50,2403.00,5038742
10-Sep-14,2415.00,2440.50,2411.00,2423.00,3912901
9-Sep-14,2430.50,2434.00,2401.00,2412.50,2872937
8-Sep-14,2461.50,2467.00,2428.00,2436.50,3464640
5-Sep-14,2452.50,2455.50,2435.00,2450.00,4116809
4-Sep-14,2452.50,2475.50,2444.50,2449.00,4059959
3-Sep-14,2443.00,2457.00,2434.00,2448.50,3275836
2-Sep-14,2455.50,2457.50,2435.50,2441.00,2078829
1-Sep-14,2428.50,2453.00,2410.00,2453.00,2263406
29-Aug-14,2441.50,2445.00,2425.50,2438.00,4211385
28-Aug-14,2431.50,2443.50,2426.00,2439.16,2727073
27-Aug-14,2421.00,2432.00,2411.00,2429.50,2215267
26-Aug-14,2399.00,2426.50,2394.50,2423.50,2410324
22-Aug-14,2412.00,2413.50,2386.50,2400.50,2707541
21-Aug-14,2410.00,2416.00,2401.00,2409.50,2063009
20-Aug-14,2434.00,2437.00,2398.50,2405.50,2802935
19-Aug-14,2409.50,2436.00,2405.50,2434.50,2400595
18-Aug-14,2383.50,2407.00,2381.50,2400.00,2644218
15-Aug-14,2376.50,2424.15,2376.00,2384.00,4353025
14-Aug-14,2369.50,2404.65,2363.50,2381.00,2954413
13-Aug-14,2358.00,2383.70,2352.80,2369.00,2707384
12-Aug-14,2393.50,2400.00,2365.00,2376.00,2714731
11-Aug-14,2385.50,2405.00,2368.00,2399.00,3361810
8-Aug-14,2394.00,2401.50,2375.00,2380.50,3338160
7-Aug-14,2418.00,2419.88,2399.00,2404.00,3536371
6-Aug-14,2423.00,2429.00,2399.50,2425.50,2474687
5-Aug-14,2425.00,2444.50,2423.00,2430.43,2261820
4-Aug-14,2412.50,2425.50,2403.00,2414.00,3374241
1-Aug-14,2437.50,2449.50,2397.50,2412.00,3583640
31-Jul-14,2437.50,2469.50,2427.50,2449.41,6282454
30-Jul-14,2412.00,2414.50,2373.50,2382.50,4292764
29-Jul-14,2405.00,2425.50,2400.50,2415.50,2542645
28-Jul-14,2419.50,2419.50,2393.50,2407.50,2822788
25-Jul-14,2425.50,2432.00,2409.00,2418.50,1858284
24-Jul-14,2424.00,2438.00,2414.00,2435.00,1991244
23-Jul-14,2403.00,2429.00,2399.25,2424.00,2096374
22-Jul-14,2409.00,2430.50,2408.00,2418.50,2008973
21-Jul-14,2404.50,2408.50,2383.50,2403.50,2549388
18-Jul-14,2414.00,2417.50,2397.50,2411.00,3405535
17-Jul-14,2418.50,2437.00,2414.00,2416.24,3465880
16-Jul-14,2392.50,2422.50,2392.00,2420.50,2425114
15-Jul-14,2401.00,2424.00,2390.50,2392.50,3758898
14-Jul-14,2395.00,2410.00,2385.50,2407.00,2602171
11-Jul-14,2373.00,2394.10,2372.50,2389.50,2767102
10-Jul-14,2390.00,2398.50,2367.50,2367.50,3715712
9-Jul-14,2395.50,2401.00,2377.50,2393.00,2668623
8-Jul-14,2394.50,2412.00,2389.50,2391.00,3184662
7-Jul-14,2418.00,2423.50,2392.50,2399.00,1924898
4-Jul-14,2394.50,2422.00,2394.50,2415.50,1388506
3-Jul-14,2426.00,2444.00,2402.00,2404.00,2883525
2-Jul-14,2418.00,2431.00,2412.00,2430.00,2943436
1-Jul-14,2416.00,2430.50,2407.50,2424.50,2000736
30-Jun-14,2418.00,2435.50,2404.00,2418.50,3164427
27-Jun-14,2407.00,2425.50,2402.00,2416.00,2417663
26-Jun-14,2399.50,2407.50,2383.50,2405.00,3523712
25-Jun-14,2422.00,2425.50,2399.00,2401.00,4291443
24-Jun-14,2437.00,2448.50,2420.50,2433.50,3447720
23-Jun-14,2425.00,2436.50,2414.50,2429.50,3215784
20-Jun-14,2403.50,2430.49,2402.50,2430.00,6073300
19-Jun-14,2412.50,2433.00,2410.50,2410.50,3492068
18-Jun-14,2372.50,2417.50,2372.00,2407.50,3469023
17-Jun-14,2385.00,2389.00,2365.50,2371.50,3588237
16-Jun-14,2373.50,2390.50,2367.50,2379.00,3569730
13-Jun-14,2366.50,2395.50,2362.50,2371.00,3651799
12-Jun-14,2364.00,2378.50,2349.00,2372.50,4332795
11-Jun-14,2370.00,2370.00,2344.50,2355.00,3179342
10-Jun-14,2359.00,2369.00,2346.50,2367.50,2584838
9-Jun-14,2362.00,2373.50,2358.00,2367.50,1682398
6-Jun-14,2348.00,2365.00,2344.25,2361.50,2839152
5-Jun-14,2337.50,2353.50,2322.50,2349.00,3622147
4-Jun-14,2365.50,2368.00,2338.00,2343.73,3038754
3-Jun-14,2355.00,2370.50,2355.00,2370.50,2739004
2-Jun-14,2350.00,2361.00,2345.00,2356.50,2855055
30-May-14,2349.00,2365.00,2339.00,2345.00,5463793
29-May-14,2337.00,2370.50,2337.00,2359.74,4048045
28-May-14,2342.50,2363.50,2340.50,2342.50,4347331
27-May-14,2352.50,2359.00,2342.50,2344.50,4588413
23-May-14,2370.00,2372.50,2351.50,2353.00,4024368
22-May-14,2403.50,2405.00,2357.00,2368.26,14834931
21-May-14,2350.00,2354.50,2338.00,2352.50,3125646
20-May-14,2361.00,2368.00,2334.00,2343.00,4038804
19-May-14,2353.00,2365.00,2340.00,2358.26,5657411
16-May-14,2356.50,2368.00,2341.00,2345.50,4572696
15-May-14,2353.00,2377.50,2343.00,2351.00,4203694
14-May-14,2349.50,2354.78,2334.00,2347.00,2412473
13-May-14,2378.00,2378.00,2360.00,2370.00,3569203
12-May-14,2367.00,2378.50,2358.00,2365.50,2766293
9-May-14,2378.50,2378.50,2362.50,2370.00,2971985
8-May-14,2359.00,2385.00,2359.00,2378.50,6530042
7-May-14,2338.00,2365.68,2336.00,2362.50,4116672
6-May-14,2352.00,2356.00,2333.00,2346.50,3040666
2-May-14,2331.50,2354.50,2323.00,2354.00,4831759
1-May-14,2351.00,2864.00,2330.50,2333.50,3343173
30-Apr-14,2336.50,2381.00,2330.00,2347.00,11866323
29-Apr-14,2256.50,2280.00,2250.50,2280.00,4405638
28-Apr-14,2242.50,2260.00,2237.50,2255.50,2520290
25-Apr-14,2251.50,2255.50,2239.00,2248.50,2929786
24-Apr-14,2258.00,2263.00,2239.50,2254.50,2966907
23-Apr-14,2240.00,2249.50,2239.00,2247.00,2317631
22-Apr-14,2235.00,2253.50,2226.00,2240.00,3987895
17-Apr-14,2228.00,2244.00,2215.00,2244.00,3825938
16-Apr-14,2237.00,2244.00,2216.00,2225.00,3337214
15-Apr-14,2218.50,2236.50,2213.00,2230.50,3278894
14-Apr-14,2189.00,2213.50,2182.80,2213.50,2248301
11-Apr-14,2200.50,2210.50,2188.00,2194.50,3009301
10-Apr-14,2211.00,2221.50,2203.00,2213.00,2390483
9-Apr-14,2203.50,2213.00,2201.00,2207.00,2524283
8-Apr-14,2212.50,2216.00,2198.00,2204.00,4350569
7-Apr-14,2207.50,2222.50,2201.20,2216.50,7334716
4-Apr-14,2210.50,2223.50,2208.15,2216.00,2327399
3-Apr-14,2196.50,2211.00,2195.50,2209.00,2623496
2-Apr-14,2206.00,2206.00,2187.00,2195.00,2711916
1-Apr-14,2191.00,2213.00,2189.00,2209.50,2524491
31-Mar-14,2201.50,2215.50,2188.50,2191.00,4038838
28-Mar-14,2185.50,2203.50,2178.00,2193.50,2934768
27-Mar-14,2176.50,2190.00,1992.64,2187.00,2897230
26-Mar-14,2183.00,2202.00,2175.00,2183.50,2675205
25-Mar-14,2161.50,2187.19,2156.50,2177.00,2480108
24-Mar-14,2179.50,2179.50,2151.50,2158.00,2543890
21-Mar-14,2151.50,2176.00,2148.50,2173.00,5940867
20-Mar-14,2154.50,2160.00,2133.00,2154.50,3804103
19-Mar-14,2177.00,2177.00,2160.50,2166.00,2141735
18-Mar-14,2154.00,2188.50,2144.60,2174.50,3437322
17-Mar-14,2145.50,2179.00,2138.00,2151.50,6055458
14-Mar-14,2142.00,2157.00,2132.50,2143.00,5936970
13-Mar-14,2171.50,2183.00,2149.00,2150.50,4157101
12-Mar-14,2183.00,2186.00,2167.00,2176.50,3392816
11-Mar-14,2190.00,2202.00,2180.50,2198.00,3103404
10-Mar-14,2167.00,2200.00,2162.50,2193.00,3855919
7-Mar-14,2169.50,2185.50,2159.50,2171.00,4849007
6-Mar-14,2180.50,2183.50,2165.50,2169.50,2373000
5-Mar-14,2190.50,2195.00,2174.50,2178.50,2737364
4-Mar-14,2167.00,2195.00,2167.00,2195.00,3952999
3-Mar-14,2153.00,2178.50,2143.00,2157.00,3185677
28-Feb-14,2180.50,2191.00,2171.00,2178.00,6023288
27-Feb-14,2188.00,2197.00,2163.00,2182.00,3589650
26-Feb-14,2199.00,2208.50,2183.00,2189.00,2742402
25-Feb-14,2222.50,2223.00,2188.00,2197.50,9284980
24-Feb-14,2211.50,2222.50,2203.50,2222.50,4518420
21-Feb-14,2199.00,2217.50,2197.50,2216.00,8697881
20-Feb-14,2177.00,2195.50,2171.00,2195.50,4927424
19-Feb-14,2165.50,2190.00,2162.00,2180.50,4420887
18-Feb-14,2127.00,2173.00,2125.50,2166.50,5811959
17-Feb-14,2124.00,2145.00,2115.00,2129.00,3052412
14-Feb-14,2131.00,2139.00,2120.00,2124.55,3235277
13-Feb-14,2123.00,2135.00,2110.50,2128.50,6419025
12-Feb-14,2117.50,2132.50,2111.00,2114.00,4261740
11-Feb-14,2116.50,2143.50,2113.00,2143.50,3606584
10-Feb-14,2110.00,2111.00,2098.00,2105.50,2350087
7-Feb-14,2105.50,2105.50,2087.50,2101.00,3200593
6-Feb-14,2098.50,2110.00,2084.50,2104.00,3450264
5-Feb-14,2075.00,2096.50,2070.00,2088.50,3763323
4-Feb-14,2086.50,2092.00,2069.50,2079.00,4233960
3-Feb-14,2096.50,2116.50,2093.00,2095.00,4698075
31-Jan-14,2142.00,2154.50,2099.50,2103.50,5174339
30-Jan-14,2130.00,2197.50,2126.50,2147.50,6405057
29-Jan-14,2131.50,2138.00,2103.50,2125.50,4665680
28-Jan-14,2138.00,2142.00,2115.50,2123.50,2719462
27-Jan-14,2154.50,2168.00,2130.50,2134.50,5897938
24-Jan-14,2183.00,2192.50,2165.50,2170.50,6731178
23-Jan-14,2184.50,2204.00,2173.00,2183.00,7120686
22-Jan-14,2165.50,2184.50,2162.00,2180.00,4071997
21-Jan-14,2176.00,2176.00,2151.00,2168.00,4743674
20-Jan-14,2169.50,2178.00,2146.50,2175.50,2579821
17-Jan-14,2120.00,2174.50,2098.50,2174.50,9969424
16-Jan-14,2185.00,2204.50,2176.00,2195.00,2586755
15-Jan-14,2179.00,2187.00,2167.50,2180.00,3286937
14-Jan-14,2171.00,2181.50,2161.00,2174.00,2452062
13-Jan-14,2181.50,2192.50,2172.00,2190.00,2345672
10-Jan-14,2157.00,2190.50,2156.50,2190.00,5048055
9-Jan-14,2147.00,2161.00,2141.00,2145.00,2445906
8-Jan-14,2163.50,2164.50,2141.00,2143.50,2151468
7-Jan-14,2147.50,2166.50,2137.00,2159.00,1889569
6-Jan-14,2159.50,2162.50,2144.00,2147.00,2369439
3-Jan-14,2155.50,2175.50,2147.50,2158.50,1714674
2-Jan-14,2156.00,2164.50,2141.50,2155.50,2714801
31-Dec-13,2150.50,2165.50,2142.50,2163.00,1060187
30-Dec-13,2156.50,2164.50,2147.50,2151.50,2058248
27-Dec-13,2157.50,2174.00,2153.50,2162.50,2431441
24-Dec-13,2159.00,2165.50,2149.00,2162.00,669138
23-Dec-13,2128.50,2156.50,2126.00,2154.00,1899061
20-Dec-13,2115.00,2130.50,2115.00,2126.50,9006239
19-Dec-13,2092.50,2109.00,2086.50,2109.00,4905466
18-Dec-13,2076.50,2085.00,2064.50,2082.00,4040338
17-Dec-13,2072.50,2079.50,2059.00,2077.50,2656805
16-Dec-13,2043.00,2073.00,2038.50,2072.50,2874670
13-Dec-13,2062.00,2062.00,2047.50,2052.00,3010314
12-Dec-13,2070.50,2084.00,2067.00,2069.00,3646180
11-Dec-13,2071.50,2090.50,2066.00,2075.50,2564103
10-Dec-13,2084.00,2092.50,2068.50,2078.00,3454851
9-Dec-13,2067.00,2075.00,2056.50,2072.50,2772922
6-Dec-13,2025.50,2065.50,2023.00,2065.50,5319082
5-Dec-13,2009.50,2016.50,1994.50,2013.50,3936067
4-Dec-13,2021.50,2029.50,2002.50,2015.50,2997581
3-Dec-13,2030.00,2036.50,2008.50,2016.00,3575707
2-Dec-13,2041.00,2043.50,2020.50,2035.50,2234319
29-Nov-13,2043.50,2056.00,2043.50,2048.00,2854722
28-Nov-13,2058.50,2058.50,2045.00,2048.50,2129116
27-Nov-13,2061.00,2075.50,2052.50,2055.00,3654859
26-Nov-13,2100.50,2103.00,2065.00,2065.00,4446358
25-Nov-13,2103.50,2103.50,2092.50,2097.00,1946418
22-Nov-13,2100.00,2105.00,2092.00,2105.00,3279890
21-Nov-13,2097.50,2113.50,2090.00,2100.00,2600699
20-Nov-13,2092.00,2111.00,2088.50,2098.00,3474867
19-Nov-13,2097.00,2103.00,2085.00,2093.50,2409584
18-Nov-13,2087.50,2125.50,2087.00,2102.00,2933034
15-Nov-13,2060.00,2097.00,2058.50,2095.00,4281682
14-Nov-13,2051.50,2066.00,2048.00,2052.00,4040396
13-Nov-13,2055.00,2060.50,2028.50,2028.50,3971619
12-Nov-13,2074.50,2085.50,2067.00,2085.50,2565901
11-Nov-13,2058.50,2080.00,2058.50,2075.00,2063372
8-Nov-13,2053.50,2060.00,2047.00,2055.00,4049708
7-Nov-13,2083.50,2096.00,2064.00,2068.00,2310528
6-Nov-13,2087.00,2099.00,2085.50,2089.50,2481795
5-Nov-13,2098.00,2098.00,2075.50,2087.00,2412903
4-Nov-13,2092.00,2104.50,2089.00,2100.00,2548550
1-Nov-13,2074.50,2097.50,2074.50,2097.50,3124658
31-Oct-13,2112.00,2114.50,2065.00,2076.50,6646695
30-Oct-13,2171.50,2197.50,2171.50,2184.00,2970002
29-Oct-13,2144.50,2171.50,2143.00,2168.50,3319068
28-Oct-13,2134.00,2141.00,2120.50,2137.00,1789468
25-Oct-13,2109.00,2138.00,2109.00,2129.50,2735956
24-Oct-13,2110.00,2124.50,2107.00,2116.50,3200018
23-Oct-13,2099.50,-,-,2099.50,1919815
22-Oct-13,2081.00,2102.00,2078.50,2102.00,2003171
21-Oct-13,2069.50,2082.50,2062.50,2080.50,1605419
18-Oct-13,2049.00,2069.50,2040.50,2067.50,3931457
17-Oct-13,2053.50,2056.50,2032.50,2039.50,2969930
16-Oct-13,2043.00,2067.00,2043.00,2060.00,2083220
15-Oct-13,2032.50,2050.00,2025.50,2043.50,2851057
14-Oct-13,2017.50,2030.00,2014.50,2022.00,1587464
11-Oct-13,2015.00,2021.00,2008.50,2017.50,2386328
10-Oct-13,1989.00,2010.50,1985.00,2008.00,2710849
9-Oct-13,1990.00,1998.00,1975.00,1987.00,2226775
8-Oct-13,2014.50,2021.50,1996.00,1998.00,2830172
7-Oct-13,2026.00,2026.50,2000.00,2018.00,2171359
4-Oct-13,2023.50,2042.00,2013.50,2033.00,2107910
3-Oct-13,2008.50,2026.00,2005.50,2025.50,2641584
2-Oct-13,2011.50,2011.50,1997.00,2008.50,3059438
1-Oct-13,2038.50,2038.50,2011.50,2020.00,2686878
30-Sep-13,2025.00,2044.50,2020.00,2040.00,4247414
27-Sep-13,2056.00,2056.00,2031.00,2037.50,2151826
26-Sep-13,2042.50,2061.00,2039.00,2061.00,1359656
25-Sep-13,2051.00,2055.50,2033.00,2044.00,1968087
24-Sep-13,2050.50,2066.50,2049.00,2055.00,1667635
20-Sep-13,2068.00,2083.00,2066.50,2069.50,4362742
19-Sep-13,2058.00,2072.00,2047.50,2066.50,2229134
18-Sep-13,2043.50,2058.00,2037.00,2043.00,2461539
17-Sep-13,2060.50,2060.50,2047.50,2047.50,2768701
16-Sep-13,2080.00,2085.00,2060.00,2066.00,2160805
13-Sep-13,2064.00,2070.50,2057.00,2067.50,2056996
12-Sep-13,2064.00,2080.00,2062.00,2072.50,1793689
11-Sep-13,2056.00,2067.00,2047.50,2067.00,2709164
10-Sep-13,2064.00,2072.00,2054.50,2057.50,2090439
9-Sep-13,2079.50,2079.50,2047.00,2052.00,1893875
6-Sep-13,2067.00,2085.00,2062.00,2078.50,1777946
5-Sep-13,2076.00,2080.50,2047.50,2075.00,2150843
4-Sep-13,2073.50,2078.50,2060.00,2075.50,1299116
3-Sep-13,2074.00,2080.50,2054.00,2073.00,2298949
2-Sep-13,2087.00,2088.00,2067.00,2075.00,1892685
30-Aug-13,2111.50,2111.50,2081.00,2087.50,4884339
29-Aug-13,2127.50,2127.50,2100.00,2116.50,2159031
28-Aug-13,2093.00,2136.50,2092.00,2130.00,4643876
27-Aug-13,2060.00,2098.50,2046.50,2092.50,4969578
23-Aug-13,2041.50,2066.50,2027.50,2063.00,2478971
22-Aug-13,2026.50,2047.00,2025.00,2042.00,2017127
21-Aug-13,2039.50,2042.00,2025.50,2025.50,1662541
20-Aug-13,2033.50,2045.50,2027.50,2039.50,2210853
19-Aug-13,2053.50,2053.50,2037.00,2037.00,2061229
16-Aug-13,2031.50,2053.50,2030.50,2049.50,3618236
15-Aug-13,2059.50,2065.00,2029.50,2033.00,3421208
14-Aug-13,2076.00,2091.00,2058.50,2058.50,2288733
13-Aug-13,2073.50,2094.50,2073.00,2092.00,2178197
12-Aug-13,2094.00,2094.50,2066.00,2074.00,1919292
9-Aug-13,2079.00,2098.50,2071.50,2091.00,1956754
8-Aug-13,2064.00,2082.00,2064.00,2072.50,2260817
7-Aug-13,2096.50,2122.50,2064.50,2064.50,3393993
6-Aug-13,2094.50,2098.00,2080.50,2096.50,2447638
5-Aug-13,2108.00,2114.50,2086.50,2094.50,2161689
2-Aug-13,2133.50,2135.50,2098.00,2104.00,2619664
1-Aug-13,2170.00,2170.00,2114.00,2133.00,5035598
31-Jul-13,2211.00,2253.50,2203.00,2238.00,3680656
30-Jul-13,2215.00,2232.00,2205.00,2212.00,2340383
29-Jul-13,2223.00,2239.50,2204.50,2209.50,1604056
26-Jul-13,2237.00,2242.00,2211.50,2219.50,1556380
25-Jul-13,2232.00,2240.00,2218.00,2230.00,1758654
24-Jul-13,2223.00,2246.00,2223.00,2236.00,2075552
23-Jul-13,2228.50,2235.50,2216.00,2218.50,1564112
22-Jul-13,2220.50,2238.50,2216.50,2231.50,1684382
19-Jul-13,2230.50,2234.50,2217.50,2230.50,3626652
18-Jul-13,2219.00,2245.00,2218.00,2230.50,3034154
17-Jul-13,2219.00,2236.00,2204.50,2218.50,2040593
16-Jul-13,2208.50,2228.32,2195.50,2216.50,2502305
15-Jul-13,2219.50,2232.50,2204.50,2217.00,1466207
12-Jul-13,2203.00,2227.36,2202.00,2209.00,2019877
11-Jul-13,2200.50,2214.00,2193.00,2202.50,2839013
10-Jul-13,2158.50,2182.00,2157.50,2181.00,2568821
9-Jul-13,2149.50,2163.50,2135.50,2161.50,3059287
8-Jul-13,2121.50,2138.50,2117.50,2129.00,2533063
5-Jul-13,2116.00,2132.00,2101.00,2106.50,3620289
4-Jul-13,2082.50,2117.50,2077.00,2110.00,4154144
3-Jul-13,2095.00,2098.50,2061.50,2073.00,3206800
2-Jul-13,2112.00,2112.00,2089.00,2106.50,2523414
1-Jul-13,2111.00,2112.00,2085.50,2105.00,3395446
28-Jun-13,2106.00,2116.50,2091.50,2100.00,4336257
27-Jun-13,2069.50,2113.00,2069.50,2101.00,2834967
26-Jun-13,2050.50,2071.50,2035.50,2066.00,2697246
25-Jun-13,2067.00,2067.00,2040.50,2047.50,3741706
24-Jun-13,2068.50,2075.50,2035.50,2048.50,3414428
21-Jun-13,2088.50,2095.00,2064.50,2066.50,12502595
20-Jun-13,2102.50,2108.50,2073.50,2081.00,3581977
19-Jun-13,2123.50,2123.50,2096.50,2108.50,2274211
18-Jun-13,2101.00,2122.50,2093.00,2118.00,2055075
17-Jun-13,2100.50,2124.50,2097.50,2103.00,2734690
14-Jun-13,2116.50,2116.50,2083.00,2092.00,2579119
13-Jun-13,2100.00,2112.00,2086.00,2103.00,2987894
12-Jun-13,2117.50,2133.50,2104.00,2108.00,1616612
11-Jun-13,2117.00,2132.50,2108.50,2127.50,2767813
10-Jun-13,2108.00,2121.50,2100.50,2117.00,2443932
7-Jun-13,2110.00,2113.50,2092.50,2109.50,2834220
6-Jun-13,2125.50,2138.00,2107.50,2107.50,2886378
5-Jun-13,2163.00,2167.00,2131.00,2131.00,2751343
4-Jun-13,2187.50,2194.00,2168.50,2172.50,1429862
3-Jun-13,2193.50,2196.00,2169.00,2176.50,2390035
31-May-13,2224.00,2228.00,2202.36,2203.00,5107586
30-May-13,2221.00,2239.00,2220.00,2225.50,1920403
29-May-13,2245.00,2251.40,2226.00,2226.50,3414387
28-May-13,2235.00,2260.50,2230.00,2254.00,3945476
24-May-13,2246.50,2252.00,2212.50,2216.50,2915773
23-May-13,2241.50,2256.50,2227.50,2239.00,3568398
22-May-13,2261.50,2272.50,2252.50,2263.00,3457519
21-May-13,2225.50,2262.50,2225.50,2260.00,3887635
20-May-13,2230.50,2233.00,2217.50,2225.50,1795793
17-May-13,2205.50,2308.50,2205.00,2230.00,2894057
16-May-13,2224.00,2224.00,2207.00,2208.00,2473653
15-May-13,2256.50,2256.50,2224.50,2226.50,3063615
14-May-13,2260.00,2281.50,2252.50,2281.50,2195729
13-May-13,2241.00,2253.50,2236.50,2253.50,2361472
10-May-13,2234.50,2246.50,2230.50,2238.39,2175915
9-May-13,2235.50,2249.00,2235.50,2242.50,2029543
8-May-13,2226.50,2252.50,2223.26,2242.50,2443500
7-May-13,2227.50,2230.00,2212.50,2222.00,2583027
3-May-13,2205.00,2232.00,2201.00,2222.50,3298558
2-May-13,2210.00,2225.00,2194.00,2203.00,3286205
1-May-13,2195.00,2224.17,2179.00,2192.50,2139583
30-Apr-13,2183.50,2197.00,2177.00,2192.00,4365587
29-Apr-13,2158.50,2185.00,2153.50,2183.00,2599024
26-Apr-13,2170.50,2180.50,2150.00,2161.00,2254871
25-Apr-13,2174.50,2191.50,2163.50,2178.00,3019679
24-Apr-13,2152.50,2183.50,2147.50,2176.00,2885398
23-Apr-13,2109.00,2146.50,2098.50,2145.50,3632216
22-Apr-13,2106.50,2117.60,2091.50,2100.50,2604339
19-Apr-13,2085.50,2092.00,2073.00,2092.00,4717572
18-Apr-13,2097.50,2104.50,2080.50,2086.50,2614990
17-Apr-13,2127.00,2127.00,2077.50,2091.50,3230474
16-Apr-13,2102.50,2123.00,2090.50,2115.50,2047665
15-Apr-13,2123.50,2129.72,2094.50,2112.00,2158002
12-Apr-13,2118.50,2130.50,2118.50,2123.50,2063970
11-Apr-13,2108.50,2127.00,2105.00,2123.00,1997701
10-Apr-13,2102.00,2119.00,2098.10,2107.50,3070603
9-Apr-13,2089.00,2095.50,2074.00,2095.50,1888185
8-Apr-13,2085.50,2091.00,2072.50,2079.50,1398093
5-Apr-13,2109.00,2109.90,2069.00,2084.00,2592160
4-Apr-13,2139.50,2142.50,2109.00,2110.00,2264080
3-Apr-13,2158.50,2158.50,1988.56,2136.50,2182183
2-Apr-13,2147.50,2155.50,2129.00,2150.50,3865967
28-Mar-13,2151.00,2153.00,2120.50,2129.00,10321709
27-Mar-13,2155.00,2156.50,2132.00,2149.00,2717399
26-Mar-13,2139.50,2159.00,2124.50,2157.00,2131087
25-Mar-13,2169.00,2173.00,2133.50,2133.50,2459601
22-Mar-13,2157.50,2171.50,2147.60,2158.50,2149251
21-Mar-13,2172.00,2175.00,2144.00,2157.50,2546474
20-Mar-13,2177.50,2188.00,2164.00,2173.50,2988868
19-Mar-13,2162.50,2182.00,2158.00,2166.50,1967162
18-Mar-13,2162.00,2180.00,2155.50,2171.50,2284318
15-Mar-13,2204.00,2207.00,2171.50,2187.50,8260626
14-Mar-13,2209.00,2218.90,2207.00,2218.00,3627013
13-Mar-13,2215.00,2215.00,2201.00,2211.50,1982605
12-Mar-13,2209.00,2229.00,2209.00,2219.00,1999368
11-Mar-13,2211.50,2229.00,2211.50,2218.50,2387732
8-Mar-13,2229.50,2233.00,2211.50,2216.50,2803613
7-Mar-13,2210.50,2223.00,2204.00,2218.00,2810585
6-Mar-13,2203.00,2216.50,2197.50,2205.00,1844058
5-Mar-13,2192.00,2212.00,2182.00,2203.00,2497943
4-Mar-13,2185.00,2193.50,2178.50,2181.50,1897966
1-Mar-13,2170.00,2199.00,2167.50,2190.00,4298808
28-Feb-13,2166.00,2177.50,2157.50,2170.00,6135874
27-Feb-13,2155.50,2160.00,2135.50,2156.50,2541462
26-Feb-13,2134.00,2151.00,2127.50,2138.50,3001480
25-Feb-13,2171.50,2189.50,2160.00,2173.50,4682576
22-Feb-13,2145.00,2157.00,2136.50,2154.50,1850868
21-Feb-13,2151.50,2155.00,2123.00,2136.00,2682789
20-Feb-13,2160.50,2170.50,2146.00,2157.50,3098806
19-Feb-13,2108.50,2155.00,2104.15,2146.00,3896512
18-Feb-13,2105.00,2115.00,2101.00,2109.00,1650831
15-Feb-13,2127.00,2132.00,2101.50,2112.15,3441169
14-Feb-13,2141.00,2145.00,2114.00,2124.00,3275205
13-Feb-13,2132.50,2161.00,2121.50,2140.50,3739179
12-Feb-13,2146.00,2166.00,2140.00,2162.00,2037557
11-Feb-13,2131.50,2148.00,2122.50,2148.00,1671384
8-Feb-13,2148.00,2157.90,2125.00,2127.00,2504088
7-Feb-13,2197.50,2214.00,2142.00,2144.00,3371273
6-Feb-13,2206.00,2215.50,2187.50,2197.50,2104916
5-Feb-13,2200.00,2224.50,2194.00,2207.50,2559652
4-Feb-13,2249.50,2252.50,2194.50,2200.00,2701467
1-Feb-13,2227.00,2316.67,2201.00,2250.00,3474757
31-Jan-13,2293.50,2305.50,2228.00,2241.00,4823369
30-Jan-13,2314.00,2323.50,2305.00,2305.50,2616730
29-Jan-13,2281.00,2312.00,2280.50,2309.50,2614389
28-Jan-13,2266.50,2284.50,2260.50,2281.00,3302940
25-Jan-13,2233.00,2274.00,2230.00,2263.50,3189857
24-Jan-13,2214.00,2233.50,2207.50,2233.50,2984073
23-Jan-13,2217.50,2217.50,2200.50,2214.50,2263665
22-Jan-13,2207.50,2217.00,2195.00,2209.00,1883561
21-Jan-13,2210.50,2214.00,2203.00,2206.00,1501281
18-Jan-13,2189.00,2210.00,2182.00,2203.00,4564553
17-Jan-13,2167.50,2188.00,2163.50,2184.50,2547784
16-Jan-13,2164.88,2172.50,2156.50,2166.00,2098294
15-Jan-13,2155.00,2169.50,2147.00,2158.00,2379874
14-Jan-13,2166.50,2166.50,2150.50,2153.50,1941059
11-Jan-13,2145.50,2163.00,2145.00,2154.00,2251850
10-Jan-13,2139.50,2148.50,2129.87,2141.50,2394966
9-Jan-13,2133.50,2147.00,2128.50,2141.00,2250083
8-Jan-13,2137.50,2152.50,2131.00,2132.00,2425024
7-Jan-13,2153.00,2153.50,2128.00,2141.00,2001125
4-Jan-13,2136.00,2156.88,2133.00,2154.50,2139350
3-Jan-13,2124.50,2145.50,2106.00,2139.00,1948173
2-Jan-13,2131.50,2148.50,2119.50,2123.50,2293411
31-Dec-12,2120.50,2133.00,2110.50,2122.00,865777
28-Dec-12,2152.00,2162.00,2126.50,2134.00,1181137
27-Dec-12,2147.50,2175.00,2141.50,2146.00,1260193
24-Dec-12,2128.00,2146.00,2123.34,2146.00,363038
21-Dec-12,2131.00,2138.50,2109.50,2137.50,7687200
20-Dec-12,2141.00,2145.00,2134.50,2140.00,2562876
19-Dec-12,2143.50,2149.50,2138.00,2140.00,2132322
18-Dec-12,2130.00,2149.50,2130.00,2140.00,2175004
17-Dec-12,2130.00,2132.71,2116.50,2132.50,1487822
14-Dec-12,2138.00,2141.00,2124.00,2127.00,2346851
13-Dec-12,2134.00,2143.50,2130.50,2133.50,1867882
12-Dec-12,2114.50,2134.00,2107.50,2133.50,1990558
11-Dec-12,2104.50,2116.50,2100.60,2110.00,1726755
10-Dec-12,2089.00,2103.00,2082.50,2101.50,1988040
7-Dec-12,2084.50,2098.50,2080.50,2092.50,1496281
6-Dec-12,2087.00,2103.50,2079.00,2088.50,2430684
5-Dec-12,2086.00,2086.00,2071.00,2085.50,2437301
4-Dec-12,2081.50,2089.50,2072.00,2082.00,1633475
3-Dec-12,2094.00,2101.00,2074.50,2082.00,1859258
30-Nov-12,2087.50,2106.00,2079.05,2089.50,3563830
29-Nov-12,2089.50,2092.00,2069.50,2087.50,3349793
28-Nov-12,2068.00,2079.00,2062.50,2077.50,2508114
27-Nov-12,2098.50,2098.50,2067.50,2072.00,2605316
26-Nov-12,2085.50,2087.00,2072.50,2082.50,1906865
23-Nov-12,2077.50,2089.50,2068.00,2085.50,1663969
22-Nov-12,2081.50,2083.00,2071.50,2071.50,1721046
21-Nov-12,2068.00,2087.00,2059.50,2074.00,1849089
20-Nov-12,2071.00,2075.50,2054.82,2070.50,1870579
19-Nov-12,2046.00,2083.50,2038.00,2077.00,2751152
16-Nov-12,2074.00,2074.00,2026.00,2029.50,3554861
15-Nov-12,2091.50,2100.00,2073.50,2075.50,2393044
14-Nov-12,2126.00,2129.50,2100.00,2100.00,3487619
13-Nov-12,2142.50,2161.50,2124.00,2160.00,2801085
12-Nov-12,2145.50,2153.50,2134.00,2142.50,1765418
9-Nov-12,2140.50,2144.00,2116.00,2137.00,1949698
8-Nov-12,2158.50,2158.50,2134.00,2139.00,1607248
7-Nov-12,2179.50,2193.50,2146.00,2147.50,2353045
6-Nov-12,2170.50,2176.50,2161.50,2170.00,2184471
5-Nov-12,2176.00,2178.00,2161.75,2167.00,1813927
2-Nov-12,2172.50,2187.50,2165.00,2182.00,2262723
1-Nov-12,2128.50,2189.50,2128.40,2177.00,4145564
31-Oct-12,2143.50,2161.50,2125.00,2125.00,3362294
30-Oct-12,2111.00,2140.50,2111.00,2140.50,1818120
29-Oct-12,2100.00,2111.50,2092.50,2106.00,1448493
26-Oct-12,2080.00,2110.00,2080.00,2106.50,1936014
25-Oct-12,2118.00,2119.40,2086.00,2088.50,2573053
24-Oct-12,2122.00,2129.50,2112.50,2120.00,2600940
23-Oct-12,2152.50,2598.50,2107.50,2113.00,3160288
22-Oct-12,2152.00,2152.00,2139.00,2149.50,1749758
19-Oct-12,2155.50,2169.00,2148.00,2155.50,2743340
18-Oct-12,2183.00,2185.00,2149.50,2155.00,3267276
17-Oct-12,2168.00,2178.50,2160.50,2178.00,1764971
16-Oct-12,2156.00,2673.00,2150.00,2159.50,2001318
15-Oct-12,2140.00,2660.00,2135.50,2143.50,1439478
12-Oct-12,2164.00,2665.50,2141.00,2141.00,2323778
11-Oct-12,2143.50,2167.00,2142.50,2161.00,1500647
10-Oct-12,2150.00,2159.75,2135.50,2154.00,2317929
9-Oct-12,2172.00,2176.50,2150.00,2156.50,1678810
8-Oct-12,2159.50,2684.50,2157.00,2172.00,1449714
5-Oct-12,2151.50,2174.50,2151.50,2169.00,2110247
4-Oct-12,2170.00,2179.50,2141.50,2147.50,3383996
3-Oct-12,2153.50,2170.00,2150.00,2166.00,2260090
2-Oct-12,2153.00,2174.50,2145.50,2163.50,1758484
1-Oct-12,2141.50,2176.00,2136.00,2160.50,3024852
28-Sep-12,2172.50,2172.50,2140.50,2142.00,3680851
27-Sep-12,2184.00,2186.00,2148.00,2164.00,2375572
26-Sep-12,2194.50,2199.50,2167.00,2177.50,2795381
25-Sep-12,2194.00,2217.24,2188.50,2212.50,2551007
24-Sep-12,2188.50,2756.50,2184.00,2199.50,1769093
21-Sep-12,2205.00,2211.50,2184.00,2201.50,6651328
20-Sep-12,2225.50,2225.50,2180.50,2199.00,3369571
19-Sep-12,2237.00,2775.50,2229.00,2241.50,1967221
18-Sep-12,2241.00,2247.00,2231.50,2236.00,2581727
17-Sep-12,2247.00,2254.73,2241.00,2254.50,2310168
14-Sep-12,2269.50,2280.37,2248.00,2261.00,2876740
13-Sep-12,2229.00,2814.00,2223.50,2253.50,2746024
12-Sep-12,2242.50,2244.50,2218.50,2228.00,2567230
11-Sep-12,2228.00,2238.22,2217.50,2238.00,1793478
10-Sep-12,2231.50,2239.00,2225.00,2231.50,2210270
7-Sep-12,2220.00,2234.50,2214.00,2230.50,3302795
6-Sep-12,2195.50,2227.00,2184.00,2225.00,3149064
5-Sep-12,2183.50,2198.00,2175.50,2185.50,1820657
4-Sep-12,2230.00,2230.00,2183.50,2190.50,2224018
3-Sep-12,2203.50,2228.00,2197.00,2226.50,1352946
31-Aug-12,2212.50,2227.50,2201.50,2204.00,4003974
30-Aug-12,2214.00,2222.50,2202.00,2209.00,1424627
29-Aug-12,2229.00,2233.50,2215.00,2215.00,1363673
28-Aug-12,2225.00,2234.00,2215.00,2234.00,2742198
24-Aug-12,2222.00,2238.50,2219.00,2231.00,2521448
23-Aug-12,2234.00,2234.00,2214.50,2221.50,2138294
22-Aug-12,2238.50,2238.50,2219.93,2222.00,1942034
21-Aug-12,2250.00,2256.50,2238.00,2250.50,2279035
20-Aug-12,2258.00,2261.00,2237.50,2249.50,2813683
17-Aug-12,2264.00,2275.00,2253.50,2257.00,3065838
16-Aug-12,2268.50,2270.50,2242.50,2253.50,2493862
15-Aug-12,2260.00,2273.50,2258.50,2263.00,1970324
14-Aug-12,2254.00,2274.50,2254.00,2259.50,2299236
13-Aug-12,2257.00,2264.00,2247.50,2250.00,1982944
10-Aug-12,2268.50,2277.50,2251.50,2260.00,2109835
9-Aug-12,2263.50,2284.50,2257.50,2272.50,2353211
8-Aug-12,2260.50,2264.00,2248.00,2259.50,2626811
7-Aug-12,2258.00,2286.50,2252.50,2286.50,2934930
6-Aug-12,2245.00,2261.00,2224.00,2248.50,2288365
3-Aug-12,2203.50,2255.00,2202.00,2247.00,3121549
2-Aug-12,2200.50,2245.00,2190.00,2199.50,3359480
1-Aug-12,2178.00,2199.00,2172.00,2199.00,2380968
31-Jul-12,2176.00,2201.50,2173.00,2173.00,3703281
30-Jul-12,2142.00,2180.00,2137.40,2171.50,2208237
27-Jul-12,2154.50,2154.50,2118.00,2139.50,3401033
26-Jul-12,2141.00,2158.00,2098.50,2137.50,4487555
25-Jul-12,2167.50,2198.00,2158.50,2187.00,2361231
24-Jul-12,2182.50,2195.00,2165.50,2169.50,1737268
23-Jul-12,2196.50,2203.50,2168.00,2185.50,2260424
20-Jul-12,2212.00,2222.50,2205.00,2217.00,3835566
19-Jul-12,2225.00,2225.00,2207.50,2213.00,2017421
18-Jul-12,2211.50,2223.00,2184.00,2216.00,1793799
17-Jul-12,2228.00,2232.00,2201.00,2203.50,1804094
16-Jul-12,2202.50,2218.00,2193.50,2213.50,2192242
13-Jul-12,2215.00,2217.00,2195.50,2204.50,2459305
12-Jul-12,2192.00,2210.00,2187.00,2202.50,2643016
11-Jul-12,2173.00,2202.00,2166.00,2199.50,2826732
10-Jul-12,2162.00,2191.37,2157.00,2179.50,3512194
9-Jul-12,2189.00,2190.40,2146.50,2154.00,2708361
6-Jul-12,2187.00,2201.50,2179.00,2191.50,3143757
5-Jul-12,2193.50,2209.96,2173.00,2195.50,3532167
4-Jul-12,2186.50,2201.00,2180.50,2198.00,2576239
3-Jul-12,2161.50,2192.00,2149.50,2188.50,2787107
2-Jul-12,2149.00,2168.50,2141.00,2159.50,2403499
29-Jun-12,2156.50,2173.00,2140.00,2147.50,4127377
28-Jun-12,2109.00,2123.00,2084.50,2123.00,2843760
27-Jun-12,2088.00,2111.00,2070.50,2106.00,2565805
26-Jun-12,2085.00,2090.50,2068.00,2077.00,1889565
25-Jun-12,2099.00,2106.00,2072.00,2084.00,2892938
22-Jun-12,2110.00,2111.00,2087.00,2100.00,2409816
21-Jun-12,2149.00,2155.00,2125.50,2131.00,4150451
20-Jun-12,2152.50,2168.00,2141.50,2162.00,3574353
19-Jun-12,2128.00,2163.50,2125.50,2155.00,2608589
18-Jun-12,2142.00,2160.50,2108.50,2120.00,3840523
15-Jun-12,2095.00,2144.50,2095.00,2117.50,13542131
14-Jun-12,2080.50,2093.50,2066.50,2088.00,2765653
13-Jun-12,2063.50,2091.50,2056.00,2090.50,3643035
12-Jun-12,2042.00,2064.00,2034.00,2060.00,3673580
11-Jun-12,2074.00,2074.00,2032.50,2038.50,3500177
8-Jun-12,2031.00,2037.90,2010.50,2035.00,3372021
7-Jun-12,2038.50,2069.00,2035.00,2048.00,4790620
6-Jun-12,2028.00,2034.00,1991.50,2031.50,3909603
1-Jun-12,2013.50,2026.50,1956.50,1984.00,3848434
31-May-12,1999.00,2020.50,1986.00,2011.00,4798864
30-May-12,2000.50,2006.50,1977.50,1988.50,2295492
29-May-12,2018.00,2033.50,1993.00,2015.00,1595076
28-May-12,2034.50,2042.50,1954.48,2010.50,1295990
25-May-12,2013.50,2030.50,1994.00,2016.00,2271487
24-May-12,1985.50,2025.00,1974.50,2013.00,3436895
23-May-12,2000.00,2000.50,1964.50,1970.50,3566765
22-May-12,1994.50,2024.50,1993.00,2020.00,2920333
21-May-12,1978.50,2000.50,1971.00,1983.50,2480877
18-May-12,1975.00,1995.50,1956.50,1982.00,3731617
17-May-12,2008.50,2011.00,1967.00,1988.50,3835233
16-May-12,1982.50,2023.00,1976.50,2006.50,3793377
15-May-12,2024.00,2034.00,1991.00,2001.50,3062419
14-May-12,2051.50,2051.50,2007.78,2015.00,2915950
11-May-12,2056.50,2084.50,2037.50,2067.00,3663070
10-May-12,2059.50,2066.50,2018.50,2050.50,3894351
9-May-12,2071.00,2092.70,2039.00,2047.00,3357582
8-May-12,2146.50,2152.50,2076.00,2085.00,3467541
4-May-12,2178.50,2187.00,2132.00,2142.00,2392258
3-May-12,2190.00,2198.00,2177.50,2184.50,2328757
2-May-12,2201.00,2210.00,2162.00,2176.00,3035653
1-May-12,2191.50,2220.21,2183.00,2213.50,1308632
30-Apr-12,2186.00,2198.39,2167.50,2193.00,3888464
27-Apr-12,2175.50,2200.50,2166.00,2188.00,2559547
26-Apr-12,2161.00,2202.00,2147.00,2195.50,4045472
25-Apr-12,2138.50,2152.50,2125.50,2128.00,4585341
24-Apr-12,2111.50,2130.50,2106.50,2130.00,2308517
23-Apr-12,2121.00,2121.00,2085.50,2110.00,3778769
20-Apr-12,2118.00,2140.00,2082.50,2136.50,4382028
19-Apr-12,2158.50,2167.00,2121.00,2122.50,2943878
18-Apr-12,2158.00,2166.00,2140.00,2154.00,1950695
17-Apr-12,2120.00,2171.50,2118.50,2166.00,2425644
16-Apr-12,2104.00,2149.50,2104.00,2123.00,2410405
13-Apr-12,2118.00,2155.50,2112.00,2117.00,3917399
12-Apr-12,2121.00,2135.00,2023.50,2125.00,7789183
11-Apr-12,2111.50,2152.50,2105.00,2146.00,3367312
10-Apr-12,2153.00,2153.50,2121.50,2121.50,3398848
5-Apr-12,2161.00,2175.50,2146.00,2167.50,2650023
4-Apr-12,2199.00,2203.00,2154.00,2159.00,3753316
3-Apr-12,2221.50,2234.50,2200.00,2203.00,1646327
2-Apr-12,2175.00,2220.50,2160.50,2219.00,2719792
30-Mar-12,2189.00,2200.00,2174.75,2183.50,3707532
29-Mar-12,2211.50,2215.00,2170.00,2178.50,2640163
28-Mar-12,2220.50,2244.50,2215.50,2216.00,2756061
27-Mar-12,2254.00,2257.50,2214.50,2223.00,2779301
26-Mar-12,2226.50,2258.26,2222.00,2250.50,1983199
23-Mar-12,2219.00,2224.50,2207.50,2220.00,2069926
22-Mar-12,2228.00,2234.00,2205.00,2221.00,2050220
21-Mar-12,2241.00,2243.50,2228.50,2234.50,2251607
20-Mar-12,2256.00,2266.00,2226.50,2237.00,2059240
19-Mar-12,2254.00,2260.00,2244.00,2258.00,1089198
16-Mar-12,2263.50,2285.00,2249.00,2257.50,3807967
15-Mar-12,2269.50,2274.40,2254.50,2264.00,2375984
14-Mar-12,2287.00,2291.00,2275.50,2280.50,2052617
13-Mar-12,2281.00,2288.00,2266.50,2281.00,1929108
12-Mar-12,2278.00,2278.00,2263.00,2272.00,1476841
9-Mar-12,2274.50,2284.00,2260.00,2280.00,1855641
8-Mar-12,2257.00,2289.00,2247.50,2277.00,1978376
7-Mar-12,2245.00,2252.50,2232.00,2247.50,1663850
6-Mar-12,2269.00,2275.50,2242.00,2251.00,3117337
5-Mar-12,2280.00,2285.50,2265.00,2274.50,2124336
2-Mar-12,2291.00,2294.00,2279.60,2285.50,2038609
1-Mar-12,2285.50,2295.00,2279.10,2294.50,2159583
29-Feb-12,2315.00,2318.00,2277.35,2286.50,5127063
28-Feb-12,2319.50,2324.50,2301.50,2320.50,2683321
27-Feb-12,2315.50,2318.50,2295.00,2317.00,2198514
24-Feb-12,2344.00,2349.00,2318.00,2322.00,2952222
23-Feb-12,2316.00,2333.40,2314.50,2328.50,2690784
22-Feb-12,2309.00,2315.50,2289.00,2309.00,3218037
21-Feb-12,2276.50,2311.00,2275.50,2303.50,2999866
20-Feb-12,2303.50,2306.50,2285.50,2286.00,3551187
17-Feb-12,2311.50,2311.50,2289.00,2293.00,2599148
16-Feb-12,2286.00,2301.00,2278.00,2294.00,2100746
15-Feb-12,2316.50,2322.50,2298.50,2301.00,2465189
14-Feb-12,2291.00,2333.50,2291.00,2331.50,3276605
13-Feb-12,2298.50,2314.81,2293.50,2296.50,1206341
10-Feb-12,2290.00,2290.00,2270.50,2284.00,2438177
9-Feb-12,2300.00,2305.50,2278.50,2290.50,2329601
8-Feb-12,2295.00,2297.50,2281.50,2287.50,1885089
7-Feb-12,2263.00,2282.50,2260.00,2282.50,2192861
6-Feb-12,2267.50,2271.00,2254.50,2257.00,1991110
3-Feb-12,2253.00,2264.40,2237.00,2261.00,3186962
2-Feb-12,2248.00,2278.00,2212.00,2265.00,5996737
1-Feb-12,2252.50,2270.50,2239.50,2268.50,3112382
31-Jan-12,2254.50,2274.00,2240.50,2240.50,3457021
30-Jan-12,2229.50,2258.44,2219.50,2229.00,3464034
27-Jan-12,2271.00,2290.50,2242.50,2249.00,2957926
26-Jan-12,2284.00,2293.00,2265.00,2285.00,1937940
25-Jan-12,2319.50,2320.50,2202.00,2278.00,2388302
24-Jan-12,2305.50,2315.50,2290.50,2315.50,2896582
23-Jan-12,2260.00,2310.00,2247.00,2310.00,2918495
20-Jan-12,2297.00,2297.00,2248.50,2253.50,4900877
19-Jan-12,2279.00,2285.00,2259.00,2282.50,2896947
18-Jan-12,2273.50,2282.00,2238.51,2276.50,3018499
17-Jan-12,2286.50,2293.00,2268.50,2279.00,2813771
16-Jan-12,2248.00,2281.50,2241.50,2258.50,2145074
13-Jan-12,2286.50,2292.20,2240.50,2251.00,4046425
12-Jan-12,2311.50,2311.50,2268.50,2278.00,4643058
11-Jan-12,2393.50,2398.70,2320.50,2327.50,2912562
10-Jan-12,2397.50,2409.70,2393.50,2402.00,3674949
9-Jan-12,2396.50,2405.30,2380.00,2384.00,2294759
6-Jan-12,2352.00,2390.00,2346.50,2385.00,2655851
5-Jan-12,2377.00,2382.00,2341.50,2350.00,3212922
4-Jan-12,2376.00,2400.00,2367.00,2370.00,3000861
3-Jan-12,2380.50,2386.00,2355.50,2380.00,3212393
30-Dec-11,2375.00,2380.50,2347.00,2371.00,1462973
29-Dec-11,2337.50,2377.00,2328.50,2377.00,1461760
28-Dec-11,2341.50,2351.50,2318.50,2332.00,1695601
23-Dec-11,-,-,-,2327.00,0
22-Dec-11,2290.50,2328.00,2290.50,2319.00,2374795
21-Dec-11,2295.50,2310.00,2265.00,2288.00,2747859
20-Dec-11,2253.50,2279.00,2239.50,2278.00,2218797
19-Dec-11,2261.00,2270.00,2251.00,2259.50,2014484
16-Dec-11,2270.50,2287.00,2260.00,2275.50,5181424
15-Dec-11,2257.00,2282.00,2250.50,2264.00,3140749
14-Dec-11,2295.00,2304.00,2257.00,2257.00,3322163
13-Dec-11,2259.00,2321.00,2124.38,2308.50,2534096
12-Dec-11,2279.50,2292.00,2259.00,2261.50,2222924
9-Dec-11,2239.50,2299.00,2239.50,2293.50,2455379
8-Dec-11,2284.00,2293.00,2249.00,2250.00,3323392
7-Dec-11,2294.50,2303.00,2251.50,2270.00,3609393
6-Dec-11,2241.50,2275.50,2240.50,2269.50,2404057
5-Dec-11,2260.00,2271.00,2232.00,2256.00,1733351
2-Dec-11,2228.50,2262.00,2225.00,2239.00,2501776
1-Dec-11,2226.50,2231.50,2204.50,2206.50,3196531
30-Nov-11,2130.50,2456.80,2121.00,2224.00,7753802
29-Nov-11,2139.00,2145.50,2115.50,2141.00,2161825
28-Nov-11,2131.00,2150.01,2114.50,2139.50,3397294
25-Nov-11,2067.00,2101.00,2059.12,2101.00,2065457
24-Nov-11,2107.50,2094.11,2068.50,2070.00,2255945
23-Nov-11,2116.00,2126.50,2097.00,2105.50,2633861
22-Nov-11,2162.00,2153.42,2127.50,2127.50,2787643
21-Nov-11,2188.50,2177.60,2149.00,2153.00,3960437
18-Nov-11,2205.50,2210.01,2201.00,2201.00,5726826
17-Nov-11,2219.50,2232.00,2211.09,2223.00,4108199
16-Nov-11,2202.00,2232.00,2196.31,2232.00,5521796
15-Nov-11,2206.00,2225.00,2194.09,2210.00,3951421
14-Nov-11,2214.50,2229.50,2193.50,2222.00,2456967
11-Nov-11,2185.00,2222.50,2175.50,2206.00,3060672
10-Nov-11,2141.00,2193.50,2133.00,2172.50,3800895
9-Nov-11,2208.00,2224.00,2151.00,2171.00,3679711
8-Nov-11,2178.50,2229.00,2171.00,2207.60,3740209
7-Nov-11,2160.50,2197.50,2133.00,2173.50,2789479
4-Nov-11,2192.00,2203.00,2162.50,2192.00,3185320
3-Nov-11,2134.50,2195.50,2132.50,2178.00,4290243
2-Nov-11,2168.50,2177.50,2127.00,2165.00,3371998
1-Nov-11,2158.00,2178.50,2127.50,2178.50,3817490
31-Oct-11,2231.50,2254.00,2206.00,2206.00,4397663
28-Oct-11,2271.00,2272.50,2225.00,2250.00,4074942
27-Oct-11,2291.50,2311.00,2231.29,2280.00,3505225
26-Oct-11,2232.50,2262.50,2230.00,2253.00,4956107
25-Oct-11,2226.50,2254.50,2201.00,2231.00,5554373
24-Oct-11,2254.50,2254.50,2201.50,2242.50,3254224
21-Oct-11,2216.00,2256.50,2197.50,2249.50,5103158
20-Oct-11,2193.00,2232.00,2184.50,2214.50,3983444
19-Oct-11,2200.00,2273.00,2186.00,2222.00,6502478
18-Oct-11,2163.00,2196.50,2149.00,2187.00,3024217
17-Oct-11,2191.50,2215.50,2176.05,2192.00,3473834
14-Oct-11,2143.50,2194.50,2131.00,2185.50,2642857
13-Oct-11,2117.50,2139.00,2108.50,2139.00,2916584
12-Oct-11,2116.00,2141.50,2107.50,2129.00,2084715
11-Oct-11,2101.00,2121.50,2085.00,2120.50,2615190
10-Oct-11,2082.00,2132.50,2069.00,2120.00,2063853
7-Oct-11,2043.50,2089.50,2038.50,2069.00,2429486
6-Oct-11,2018.50,2056.00,1996.50,2056.00,4539406
5-Oct-11,1970.00,2018.00,1964.50,2000.50,3454894
4-Oct-11,1940.00,1952.50,1886.00,1928.50,3852607
3-Oct-11,1958.00,1974.50,1939.50,1966.00,2932470
30-Sep-11,1994.50,2017.50,1976.00,2000.00,3261140
29-Sep-11,1984.50,2023.50,1977.00,2009.50,3020458
28-Sep-11,2036.50,2050.00,1983.50,1999.50,3511759
27-Sep-11,2011.50,2036.00,1983.36,2036.00,3836069
26-Sep-11,1938.50,1993.20,1934.50,1959.50,3904903
23-Sep-11,2014.00,2022.50,1934.00,1988.50,4097686
22-Sep-11,2018.00,2089.80,1959.00,1998.50,4519560
21-Sep-11,2116.50,2116.50,2062.50,2069.00,2893075
20-Sep-11,2061.00,2119.00,0.00,2111.50,2089453
19-Sep-11,2053.50,2075.00,2040.00,2057.50,2392684
16-Sep-11,2119.50,2119.50,2078.50,2093.00,6493909
15-Sep-11,2052.00,2109.00,2043.50,2100.00,3755101
14-Sep-11,1999.50,2057.00,1995.50,2033.00,3654751
13-Sep-11,2010.00,2019.50,1953.00,2015.00,4221028
12-Sep-11,1963.00,2067.04,1933.50,1990.00,3185014
9-Sep-11,2050.50,2069.50,2007.00,2017.50,4179903
8-Sep-11,2049.00,2069.00,2019.50,2060.00,2708207
7-Sep-11,2022.00,2055.00,2010.00,2047.50,3047209
6-Sep-11,1945.00,1979.00,1925.00,1978.00,3767180
5-Sep-11,1987.50,2011.00,1940.50,1948.00,2758916
2-Sep-11,2052.00,2062.00,2007.50,2036.50,2055683
1-Sep-11,2083.00,2093.50,2033.50,2075.00,2985587
31-Aug-11,2011.00,2068.00,2004.50,2065.00,5626275
30-Aug-11,1999.50,2010.50,1977.00,2005.00,3219836
26-Aug-11,-,-,-,1955.00,0
25-Aug-11,1982.50,1989.00,1928.00,1943.50,2626515
24-Aug-11,1969.00,1991.50,1919.19,1972.00,2255287
23-Aug-11,1944.00,1965.50,1928.50,1951.50,3644458
22-Aug-11,1863.50,1967.50,1863.00,1919.00,1119623
19-Aug-11,1918.00,1922.50,1845.00,1883.50,6555340
18-Aug-11,1970.50,1993.00,1904.50,1929.00,5180317
17-Aug-11,1995.00,2009.50,1981.00,1993.00,2586447
16-Aug-11,1992.50,2005.70,1976.00,2005.50,2616816
15-Aug-11,2024.00,2033.00,2006.00,2015.50,1834777
12-Aug-11,1946.50,2010.00,1915.00,2008.00,2924263
11-Aug-11,1935.00,1954.00,1865.50,1950.50,3772081
10-Aug-11,1979.50,1991.00,1886.00,1901.00,5044945
9-Aug-11,1882.00,1949.50,1762.00,1939.00,7262550
8-Aug-11,1901.00,1948.00,1880.00,1890.00,5446964
5-Aug-11,1947.50,1989.50,1909.00,1925.00,6345279
4-Aug-11,2121.50,2122.50,2003.00,2003.00,4359840
3-Aug-11,2172.50,2179.00,2108.00,2112.50,3429645
2-Aug-11,2208.50,2228.50,2202.50,2216.00,2482858
1-Aug-11,2259.00,2269.50,2211.50,2219.00,3261564
29-Jul-11,2241.50,2259.50,2229.50,2234.50,3527294
28-Jul-11,2238.50,2273.00,2233.00,2266.50,5235814
27-Jul-11,2284.00,2289.50,2259.00,2265.00,3996662
26-Jul-11,2295.50,2311.00,2283.00,2298.50,4561673
25-Jul-11,2266.00,2289.50,2261.50,2282.00,1585582
22-Jul-11,2278.00,2283.50,2259.00,2275.00,1975797
21-Jul-11,2237.50,2280.50,2218.00,2270.00,3858301
20-Jul-11,2242.00,2247.50,2227.50,2235.00,2225736
19-Jul-11,2221.00,2233.00,2199.09,2230.00,2356820
18-Jul-11,2202.00,2225.50,2195.00,2215.50,2328392
15-Jul-11,2207.00,2239.50,2194.00,2232.00,3157674
14-Jul-11,2209.50,2224.50,2197.50,2212.50,1393408
13-Jul-11,2208.00,2240.50,2199.74,2231.00,1921859
12-Jul-11,2211.00,2227.00,2187.50,2209.00,2700136
11-Jul-11,2254.00,2265.50,2224.50,2245.50,2746641
8-Jul-11,2292.50,2301.23,2251.50,2257.00,3312758
7-Jul-11,2260.50,2293.00,2258.50,2290.00,2247341
6-Jul-11,2246.50,2249.50,2228.00,2249.50,2634218
5-Jul-11,2245.00,2259.00,2235.50,2243.50,2043123
4-Jul-11,2219.50,2248.50,2215.00,2245.50,2223671
1-Jul-11,2217.00,2227.50,2197.50,2223.00,2169167
30-Jun-11,2185.50,2218.00,2178.50,2218.00,2801961
29-Jun-11,2158.50,2179.50,2157.50,2173.00,1966161
28-Jun-11,2133.00,2160.50,2124.00,2155.00,2462259
27-Jun-11,2106.00,2133.00,2098.50,2125.50,1894351
24-Jun-11,2141.00,2144.50,2102.00,2107.50,2076300
23-Jun-11,2150.00,2150.00,2098.50,2112.50,2251691
22-Jun-11,2157.00,2177.50,2147.25,2160.00,1650253
21-Jun-11,2135.50,2158.50,2123.29,2158.50,1831363
20-Jun-11,2117.00,2122.50,2086.50,2114.50,1637103
17-Jun-11,2099.50,2128.00,2081.00,2122.50,7376565
16-Jun-11,2108.00,2114.00,2079.00,2105.00,3377842
15-Jun-11,2129.50,2144.98,2116.00,2121.50,3309214
14-Jun-11,2127.50,2150.72,2113.50,2143.50,3233504
13-Jun-11,2128.00,2137.50,2121.00,2125.50,2633190
10-Jun-11,2150.00,2160.00,2117.50,2121.00,3224197
9-Jun-11,2125.00,2150.23,2115.00,2147.00,2852065
8-Jun-11,2120.50,2134.00,2097.00,2124.50,2295494
7-Jun-11,2138.50,2151.50,2118.00,2123.50,1979982
6-Jun-11,2125.50,2153.50,2121.50,2138.00,1527827
3-Jun-11,2137.00,2140.00,2096.00,2133.50,2885476
2-Jun-11,2142.50,2147.00,2122.00,2122.00,2531690
1-Jun-11,2187.00,2203.21,2142.50,2158.50,3658983
31-May-11,2155.50,2192.00,2152.81,2192.00,6664103
27-May-11,2145.00,2155.00,2116.09,2134.00,4414124
26-May-11,2127.50,2139.50,2119.00,2128.50,2382342
25-May-11,2101.00,2136.20,2094.50,2118.00,2101510
24-May-11,2106.00,2135.00,2102.00,2119.00,2605937
23-May-11,2114.00,2118.48,2093.50,2095.00,2586324
20-May-11,2174.50,2186.00,2131.00,2145.00,4035418
19-May-11,2172.50,2183.50,2160.50,2165.50,3450440
18-May-11,2141.00,2165.00,2132.50,2163.00,2705775
17-May-11,2132.00,2146.78,2112.00,2113.00,2142851
16-May-11,2135.50,2149.50,2115.00,2141.50,2472582
13-May-11,2188.00,2193.50,2145.50,2150.00,2402155
12-May-11,2190.00,2191.00,2151.50,2172.00,2458614
11-May-11,2235.00,2237.50,2200.00,2205.00,2826431
10-May-11,2203.00,2249.00,2201.51,2249.00,2574238
9-May-11,2202.50,2221.50,2181.00,2197.00,1872857
6-May-11,2227.00,2239.06,2188.50,2224.00,3346154
5-May-11,2282.50,2302.50,2234.00,2235.50,2344804
4-May-11,2312.50,2325.00,2271.00,2276.00,2230875
3-May-11,2333.00,2345.50,2306.64,2326.50,1827005
28-Apr-11,-,-,-,2322.50,0
27-Apr-11,2299.00,2323.00,2296.00,2308.50,3329791
26-Apr-11,2268.00,2298.00,2262.00,2290.50,3490102
21-Apr-11,-,-,-,2264.00,0
20-Apr-11,2208.50,2263.00,2208.50,2260.00,2187876
19-Apr-11,2189.50,2195.50,2181.50,2187.00,1060554
18-Apr-11,2231.50,2232.50,2172.50,2179.00,2415079
15-Apr-11,2235.00,2242.00,2215.50,2235.50,2722331
14-Apr-11,2241.50,2245.00,2212.50,2226.00,1871834
13-Apr-11,2241.00,2261.00,2237.50,2246.50,3160006
12-Apr-11,2273.50,2279.50,2206.15,2229.50,3683801
11-Apr-11,2300.00,2300.00,2285.50,2288.50,2333470
8-Apr-11,2275.00,2298.50,2274.50,2298.50,2053632
7-Apr-11,2269.00,2272.50,2257.66,2260.00,3329886
6-Apr-11,2270.50,2280.00,2265.00,2280.00,1538216
5-Apr-11,2283.50,2291.00,2257.50,2264.50,1834043
4-Apr-11,2271.50,2301.14,2264.00,2287.00,2553000
1-Apr-11,2276.00,2287.00,2252.00,2285.00,2191280
31-Mar-11,2262.50,2289.50,2256.50,2264.00,3912998
30-Mar-11,2260.50,2377.10,2088.88,2247.50,2698571
29-Mar-11,2244.50,2251.00,2231.00,2251.00,2321742
28-Mar-11,2265.00,2265.00,2238.00,2238.00,1836248
25-Mar-11,2239.00,2267.00,2230.00,2258.00,1612007
24-Mar-11,2194.50,2238.00,2191.00,2235.00,2470929
23-Mar-11,2172.00,2201.00,2167.00,2200.50,2479436
22-Mar-11,2171.00,2193.44,2170.00,2180.00,4062988
21-Mar-11,2168.50,2177.73,2151.50,2173.00,4228964
18-Mar-11,2150.50,2166.50,2138.50,2146.00,8409959
17-Mar-11,2091.50,2146.00,2080.00,2131.00,3686082
16-Mar-11,2094.00,2110.50,2073.00,2081.00,3366173
15-Mar-11,2088.00,2111.50,2058.69,2101.00,3570039
14-Mar-11,2124.00,2133.00,2107.00,2120.00,2349532
11-Mar-11,2124.00,2138.50,2117.66,2127.00,1757411
10-Mar-11,2146.00,2160.75,2132.50,2136.50,2626671
9-Mar-11,2198.50,2198.50,2159.50,2165.00,195556
8-Mar-11,2216.50,2223.00,2168.50,2188.00,2349919
7-Mar-11,2218.00,2243.00,2208.00,2219.00,1681588
4-Mar-11,2214.00,2235.00,2210.00,2225.00,2136899
3-Mar-11,2187.00,2224.50,2173.00,2215.00,143452
2-Mar-11,2175.50,2182.00,2163.50,2169.50,47463
1-Mar-11,2224.00,2229.50,2185.00,2187.00,140314
28-Feb-11,2204.50,2225.50,2196.50,2211.50,3347934
25-Feb-11,2193.00,2215.50,2191.52,2213.00,765627360
24-Feb-11,2169.00,2222.00,2158.00,2207.50,10060354
23-Feb-11,2179.50,2183.00,2166.00,2180.00,3907941
22-Feb-11,2163.00,2197.18,2148.00,2192.50,3040540
21-Feb-11,2190.00,2202.50,2162.00,2173.50,1478634
18-Feb-11,2167.00,2189.00,2160.00,2189.00,3192097
17-Feb-11,2158.00,2176.00,2088.15,2173.50,2791169
16-Feb-11,2131.50,2149.78,2126.50,2146.50,2379936
15-Feb-11,2117.50,2144.05,2116.50,2132.00,2992381
14-Feb-11,2129.50,2137.08,2104.50,2110.00,2918162
11-Feb-11,2141.00,2144.00,2117.50,2129.50,2549292
10-Feb-11,2142.00,2154.50,2139.50,2140.50,2762836
9-Feb-11,2158.00,2167.00,2143.00,2144.00,2891852
8-Feb-11,2178.50,2183.50,2168.50,2181.00,2873735
7-Feb-11,2158.50,2182.50,2150.50,2171.00,2439615
4-Feb-11,2195.00,2198.50,2149.50,2155.00,4937617
3-Feb-11,2194.50,2218.50,2178.50,2200.00,5586057
2-Feb-11,2267.00,2283.50,2256.50,2267.50,3624013
1-Feb-11,2214.50,2266.50,2214.50,2265.00,4389795
31-Jan-11,2201.50,2225.00,2192.00,2198.50,4847651
28-Jan-11,2223.00,2223.00,2202.00,2202.50,2946303
27-Jan-11,2177.50,2218.50,2172.00,2213.00,2888441
26-Jan-11,2181.50,2195.50,2176.50,2185.00,3035779
25-Jan-11,2182.00,2182.00,2161.00,2165.50,2979504
24-Jan-11,2147.00,2175.50,2137.50,2172.50,2145560
21-Jan-11,2131.00,2152.00,2120.00,2142.50,3759294
20-Jan-11,2138.00,2142.00,2110.50,2115.00,2744590
19-Jan-11,2146.50,2161.50,2133.50,2138.50,2272965
18-Jan-11,2111.50,2138.00,2108.50,2137.50,1938527
17-Jan-11,2127.00,2133.00,2102.00,2104.50,1501736
14-Jan-11,2133.00,2144.00,2096.50,2118.50,2050500
13-Jan-11,2138.50,2140.00,2097.00,2130.50,3857827
12-Jan-11,2135.50,2142.50,2130.00,2140.00,3017499
11-Jan-11,2137.50,2154.00,2130.50,2133.50,1887928
10-Jan-11,2099.50,2137.50,2097.00,2133.00,2124334
7-Jan-11,2110.00,2122.50,2093.00,2109.00,2431375
6-Jan-11,2143.50,2147.50,2112.00,2115.00,2570833
5-Jan-11,2149.00,2151.50,2118.00,2147.00,3162333
4-Jan-11,2174.00,2182.50,2149.50,2162.00,2862403
31-Dec-10,2163.00,2164.50,2138.50,2138.50,934176
30-Dec-10,2146.50,2159.50,2138.50,2154.00,1365289
29-Dec-10,2146.00,2154.00,2131.00,2151.00,1645704
24-Dec-10,-,-,-,2122.50,0
23-Dec-10,2123.50,2129.00,2103.50,2126.00,715448
22-Dec-10,2104.00,2123.00,2097.00,2118.50,2183675
21-Dec-10,2077.50,2107.00,2077.50,2103.50,1203821
20-Dec-10,2075.50,2083.50,2063.00,2069.50,1862908
17-Dec-10,2089.00,2095.50,2068.00,2071.00,7162167
16-Dec-10,2081.00,2085.00,2065.50,2068.50,2778039
15-Dec-10,2076.00,2091.50,2069.00,2082.00,3701414
14-Dec-10,2074.00,2092.50,2066.00,2089.50,2543649
13-Dec-10,2043.50,2071.50,2042.00,2066.50,1966701
10-Dec-10,2039.00,2051.50,2032.00,2051.00,1657288
9-Dec-10,2048.50,2051.50,2027.00,2030.50,1647499
8-Dec-10,2034.00,2049.50,2027.50,2035.00,1647650
7-Dec-10,2025.50,2059.50,2024.00,2039.50,3182763
6-Dec-10,2021.00,2032.50,2005.00,2023.00,1680216
3-Dec-10,2019.00,2030.00,2009.50,2017.50,2890045
2-Dec-10,2002.00,2022.50,1983.00,2019.00,3158314
1-Dec-10,1949.50,1997.50,1944.00,1994.00,3665276
30-Nov-10,1955.00,1965.00,1927.00,1936.00,4796235
29-Nov-10,2002.00,2014.50,1945.00,1945.50,2722312
26-Nov-10,1974.00,1996.00,1956.50,1989.50,2063015
25-Nov-10,1987.50,1998.00,1983.00,1989.50,1449897
24-Nov-10,1974.00,2001.00,1954.50,1990.50,3474327
23-Nov-10,1987.50,2006.50,1961.50,1961.50,1959616
22-Nov-10,2037.50,2044.00,1991.00,2003.00,2641959
19-Nov-10,2048.00,2052.00,2010.50,2030.50,2450669
18-Nov-10,2037.00,2056.00,2032.50,2042.00,2365190
17-Nov-10,1998.50,2025.50,1997.00,2019.00,1980555
16-Nov-10,2040.00,2040.50,2005.00,2006.50,2295691
15-Nov-10,2037.50,2054.50,2030.00,2049.00,1752858
12-Nov-10,2023.50,2053.00,2016.50,2041.50,3643469
11-Nov-10,2040.00,2047.50,2032.50,2041.50,2502834
10-Nov-10,2048.50,2053.50,2025.00,2036.00,2183389
9-Nov-10,2053.00,2069.50,2044.00,2063.00,3143342
8-Nov-10,2087.50,2087.50,2058.50,2058.50,2037530
5-Nov-10,2098.50,2101.50,2078.00,2084.00,2440283
4-Nov-10,2078.00,2104.50,2073.50,2089.50,3256150
3-Nov-10,2089.50,2089.50,2056.50,2062.00,3304476
2-Nov-10,2045.00,2106.50,2044.50,2100.50,2831459
1-Nov-10,2044.50,2056.50,2027.50,2043.50,1766159
29-Oct-10,1987.00,2037.00,1987.00,2026.00,3307959
28-Oct-10,1994.50,2007.50,1985.00,1987.00,2412352
27-Oct-10,1985.50,1995.50,1975.00,1977.00,3772218
26-Oct-10,1997.00,1999.00,1985.00,1995.00,4044144
25-Oct-10,2014.50,2023.50,2004.00,2004.00,2956220
22-Oct-10,1987.50,2007.50,1985.50,2002.00,1539654
21-Oct-10,1986.50,2011.00,1981.00,1995.50,2105238
20-Oct-10,1982.00,1993.50,1975.00,1989.50,2610409
19-Oct-10,1998.00,2002.50,1981.50,1985.50,1949837
18-Oct-10,1980.50,2014.50,1976.00,2006.00,1391209
15-Oct-10,1993.00,1995.00,1973.50,1979.50,2584896
14-Oct-10,1997.50,2001.50,1970.50,1987.50,2670755
13-Oct-10,1973.50,2002.50,1970.00,1996.00,2647505
12-Oct-10,1953.50,1964.00,1940.00,1959.00,2698814
11-Oct-10,1976.50,1980.00,1965.00,1972.00,1192384
8-Oct-10,1970.50,1975.00,1953.50,1965.00,2169093
7-Oct-10,1980.50,1981.50,1964.50,1971.00,2576090
6-Oct-10,1947.00,1979.50,1945.00,1972.00,2677046
5-Oct-10,1919.00,1946.50,1915.00,1939.50,3093713
4-Oct-10,1948.50,1950.50,1914.00,1916.50,1668697
1-Oct-10,1927.50,1952.50,1916.50,1944.00,2739096
30-Sep-10,1904.00,1953.00,1902.00,1916.00,4444748
29-Sep-10,1921.50,1932.00,1894.00,1910.50,3681295
28-Sep-10,1906.50,1916.50,1883.00,1914.00,2680403
27-Sep-10,1907.50,1922.50,1895.00,1911.00,2216008
24-Sep-10,1885.00,1916.50,1882.00,1907.00,3229465
23-Sep-10,1898.00,1903.00,1862.50,1893.50,1871660
22-Sep-10,1903.50,1906.50,1874.50,1889.00,2922632
21-Sep-10,1899.50,1920.50,1895.00,1895.00,2858974
20-Sep-10,1884.50,1908.00,1878.50,1903.00,1780301
17-Sep-10,1887.50,1906.00,1863.50,1863.50,5883343
16-Sep-10,1859.50,1887.00,1859.50,1880.50,2383773
15-Sep-10,1871.50,1874.50,1855.50,1861.00,2601322
14-Sep-10,1871.00,1874.00,1853.00,1866.00,1997196
13-Sep-10,1855.50,1870.00,1851.00,1863.50,1479616
10-Sep-10,1823.50,1844.00,1816.50,1842.50,1981369
9-Sep-10,1814.00,1830.00,1806.00,1828.50,1827057
8-Sep-10,1789.00,1819.50,1786.50,1814.50,3362494
7-Sep-10,1821.50,1821.50,1788.00,1803.00,2611583
6-Sep-10,1824.50,1833.00,1818.50,1827.00,776551
3-Sep-10,1790.50,1829.50,1789.00,1813.50,1914758
2-Sep-10,1781.00,1797.00,1774.00,1789.00,1491592
1-Sep-10,1741.50,1781.50,1727.50,1779.00,2185312
31-Aug-10,1706.50,1740.50,1695.50,1733.00,5984864
27-Aug-10,1720.00,1740.50,1706.50,1736.00,2511304
26-Aug-10,1710.00,1719.00,1696.50,1711.50,2634896
25-Aug-10,1712.50,1715.00,1688.50,1703.00,3628375
24-Aug-10,1729.50,1733.00,1702.50,1719.50,2653559
23-Aug-10,1713.00,1742.50,1709.00,1737.00,2154423
20-Aug-10,1740.00,1752.50,1716.50,1724.50,3035641
19-Aug-10,1797.00,1800.00,1733.50,1740.00,3747500
18-Aug-10,1799.50,1802.00,1782.00,1789.00,1469794
17-Aug-10,1772.50,1807.00,1766.00,1803.50,1617708
16-Aug-10,1786.00,1786.00,1753.00,1772.00,1816348
13-Aug-10,1793.00,1793.00,1756.50,1777.50,1151610
12-Aug-10,1770.50,1786.00,1759.50,1781.50,2525188
11-Aug-10,1802.50,1806.00,1776.00,1780.50,1888501
10-Aug-10,1821.50,1837.00,1809.00,1821.50,1707987
9-Aug-10,1808.50,1831.00,1808.50,1822.50,2652597
6-Aug-10,1820.50,1831.00,1785.00,1796.00,3904133
5-Aug-10,1825.00,1837.00,1805.00,1807.50,5123647
4-Aug-10,1812.00,1826.50,1801.50,1820.00,2672015
3-Aug-10,1824.00,1835.00,1805.50,1835.00,3100855
2-Aug-10,1769.50,1823.50,1769.50,1820.50,3228594
30-Jul-10,1787.00,1802.50,1754.50,1754.50,6112718
29-Jul-10,1788.50,1812.00,1782.50,1783.50,3851740
28-Jul-10,1830.00,1832.00,1784.00,1787.00,3200405
27-Jul-10,1827.00,1837.00,1816.00,1828.50,2449095
26-Jul-10,1839.00,1839.00,1804.00,1824.00,2111015
23-Jul-10,1825.00,1831.00,1813.00,1819.50,2968145
22-Jul-10,1772.00,1834.00,1772.00,1830.00,2540242
21-Jul-10,1787.00,1804.50,1784.00,1787.50,4066674
20-Jul-10,1797.50,1800.50,1766.00,1777.50,1819724
19-Jul-10,1792.00,1815.00,1778.50,1799.50,1451698
16-Jul-10,1798.50,1825.00,1790.50,1794.50,4222362
15-Jul-10,1813.50,1823.50,1789.00,1805.00,2421728
14-Jul-10,1819.50,1822.00,1802.50,1821.50,3727352
13-Jul-10,1776.00,1808.50,1775.00,1808.50,3174803
12-Jul-10,1771.50,1777.00,1752.50,1771.00,2044289
9-Jul-10,1747.00,1770.50,1738.00,1760.00,3314938
8-Jul-10,1694.00,1742.00,1687.00,1741.50,4218667
7-Jul-10,1653.50,1679.50,1644.00,1679.00,3634413
6-Jul-10,1642.00,1679.00,1638.50,1670.50,3267243
5-Jul-10,1653.50,1660.50,1634.50,1635.50,1311769
2-Jul-10,1636.50,1661.00,1622.50,1648.50,4571011
1-Jul-10,1680.00,1690.50,1621.00,1624.00,5844632
30-Jun-10,1710.00,1712.50,1684.50,1701.00,5215591
29-Jun-10,1742.50,1751.50,1697.50,1708.00,4910677
28-Jun-10,1757.50,1769.50,1751.50,1769.00,2468927
25-Jun-10,1772.50,1776.00,1744.00,1752.50,2873063
24-Jun-10,1823.00,1825.00,1768.00,1775.50,3464306
23-Jun-10,1826.50,1836.50,1800.50,1806.50,3301836
22-Jun-10,1851.00,1866.50,1827.50,1843.50,3414596
21-Jun-10,1860.50,1871.00,1847.00,1859.50,2596389
18-Jun-10,1836.50,1846.50,1828.50,1834.00,10650251
17-Jun-10,1836.50,1856.00,1825.00,1836.50,2895248
16-Jun-10,1820.00,1831.50,1806.00,1829.00,3476600
15-Jun-10,1780.50,1808.50,1772.00,1798.00,3202259
14-Jun-10,1802.50,1812.50,1782.00,1796.50,3390598
11-Jun-10,1770.00,1804.50,1763.00,1792.00,3586832
10-Jun-10,1763.00,1773.50,1749.00,1761.50,4771125
9-Jun-10,1789.00,1789.50,1752.00,1770.50,3436666
8-Jun-10,1791.00,1791.00,1757.00,1780.00,2996940
7-Jun-10,1780.00,1805.00,1780.00,1788.50,2008402
4-Jun-10,1843.00,1868.50,1799.50,1809.00,2376955
3-Jun-10,1838.00,1858.00,1829.00,1841.00,2116219
2-Jun-10,1784.50,1820.00,1767.00,1813.50,2541459
1-Jun-10,1798.50,1824.50,1768.50,1812.00,4782511
28-May-10,1820.50,1842.00,1795.50,1823.00,4045287
27-May-10,1777.00,1815.50,1773.50,1815.50,4597141
26-May-10,1782.50,1793.50,1755.50,1766.00,4753172
25-May-10,1738.00,1776.00,1733.00,1766.50,4250295
24-May-10,1812.00,1813.50,1776.50,1788.50,2622835
21-May-10,1839.00,1846.50,1790.00,1813.52,7210469
20-May-10,1851.50,1874.50,1810.50,1836.00,6956070
19-May-10,1851.00,1863.00,1828.00,1828.50,4119638
18-May-10,1870.00,1881.00,1849.00,1876.00,3038137
17-May-10,1862.50,1877.50,1848.50,1856.50,4256975
14-May-10,1888.00,1889.00,1848.50,1853.50,4916502
13-May-10,1900.00,1902.00,1870.50,1899.50,3674075
11-May-10,1873.00,1893.00,1865.50,1884.50,3737010
10-May-10,1861.00,1920.50,1860.00,1889.50,5954156
7-May-10,1831.50,1891.00,1799.50,1833.00,7783056
6-May-10,1881.50,1902.50,1867.50,1867.50,5876722
5-May-10,1960.00,1960.50,1899.00,1907.50,3637640
4-May-10,2042.50,2045.00,1965.00,1968.50,5350459
30-Apr-10,2030.00,2068.50,2029.50,2047.50,6990545
29-Apr-10,2049.00,2051.50,2015.50,2033.00,5488973
28-Apr-10,2006.00,2067.00,2006.00,2044.00,6512540
27-Apr-10,2010.00,2024.50,1993.50,1997.50,5077910
26-Apr-10,2002.00,2010.00,1974.50,1989.50,2317004
23-Apr-10,1973.50,1998.50,1954.50,1992.50,3256260
22-Apr-10,1980.50,2004.00,1960.50,1969.50,3999569
21-Apr-10,2013.00,2013.00,1988.00,1994.50,2820010
16-Apr-10,1987.00,2006.00,1968.50,1973.50,5323984
15-Apr-10,1996.00,1998.00,1972.00,1992.50,2347390
14-Apr-10,1977.00,1999.50,1977.00,1995.00,2895759
13-Apr-10,1975.50,1978.00,1956.50,1966.50,1623221
12-Apr-10,1985.00,1990.00,1959.00,1973.50,2034166
9-Apr-10,1944.50,1967.00,1943.00,1965.00,3128708
8-Apr-10,1927.50,1936.00,1906.50,1928.50,2186095
7-Apr-10,1945.00,1966.00,1934.50,1934.50,4148215
6-Apr-10,1932.00,1954.50,1931.00,1946.50,3199480
1-Apr-10,1910.00,1925.00,1905.00,1924.50,2553727
31-Mar-10,1904.50,1956.00,1895.50,1910.00,5981937
30-Mar-10,1920.50,1926.50,1897.50,1900.00,2235678
29-Mar-10,1930.00,1931.50,1902.00,1912.00,2515826
26-Mar-10,1928.50,1943.00,1919.00,1925.50,2466461
25-Mar-10,1935.50,1941.50,1919.00,1928.00,3236516
24-Mar-10,1936.50,1941.50,1917.00,1935.00,3434873
23-Mar-10,1938.00,1946.50,1926.50,1939.50,2405771
22-Mar-10,1945.00,1947.00,1914.00,1930.00,2808823
19-Mar-10,1961.00,1973.00,1936.50,1945.00,12746335
18-Mar-10,1939.50,1960.50,1937.50,1951.00,4690605
17-Mar-10,1942.50,1966.00,1936.50,1957.50,5109838
16-Mar-10,1923.50,1945.00,1922.00,1936.50,2740869
15-Mar-10,1918.00,1931.50,1907.00,1911.00,1704509
12-Mar-10,1921.50,1937.50,1913.00,1920.00,1972014
11-Mar-10,1921.50,1933.00,1916.50,1921.50,2525567
10-Mar-10,1901.00,1935.00,1901.00,1927.00,3181353
9-Mar-10,1895.50,1902.50,1884.00,1899.50,2448394
8-Mar-10,1880.50,1896.50,1870.50,1885.00,2061623
5-Mar-10,1865.50,1884.00,1854.00,1873.00,2352931
4-Mar-10,1863.50,1874.00,1854.50,1863.00,2405074
3-Mar-10,1857.00,1880.50,1842.50,1871.00,2956691
2-Mar-10,1841.00,1863.50,1838.00,1863.50,3981617
1-Mar-10,1805.00,1841.50,1797.00,1833.50,4645421
26-Feb-10,1778.50,1792.00,1764.50,1790.00,5505989
25-Feb-10,1781.50,1789.00,1752.50,1761.00,3185041
24-Feb-10,1774.00,1792.00,1767.50,1788.00,1814094
23-Feb-10,1796.00,1804.00,1760.00,1768.00,3086449
22-Feb-10,1805.00,1808.50,1781.50,1785.50,1318490
19-Feb-10,1776.50,1796.00,1770.50,1791.50,7327500
18-Feb-10,1754.00,1777.50,1754.00,1777.50,2036677
17-Feb-10,1769.00,1772.50,1757.00,1757.00,3124200
16-Feb-10,1743.50,1760.50,1731.50,1760.50,2933193
15-Feb-10,1730.50,1743.50,1723.50,1727.50,1410844
12-Feb-10,1758.50,1758.50,1724.00,1726.50,2963490
11-Feb-10,1735.00,1759.00,1724.50,1746.50,3978142
10-Feb-10,1744.00,1744.00,1713.50,1720.00,2785346
9-Feb-10,1752.50,1752.50,1731.00,1748.50,3697234
8-Feb-10,1737.00,1750.50,1720.00,1743.00,3076514
5-Feb-10,1722.00,1731.00,1697.00,1722.50,5302475
4-Feb-10,1740.50,1753.50,1725.50,1737.50,6266489
3-Feb-10,1774.50,1785.50,1764.00,1775.00,3200200
2-Feb-10,1757.50,1784.00,1738.00,1781.50,3434717
1-Feb-10,1745.00,1769.00,1737.00,1761.50,3502433
29-Jan-10,1736.00,1762.50,1736.00,1742.50,5190073
28-Jan-10,1784.00,1784.00,1731.50,1731.50,6309622
27-Jan-10,1786.00,1790.50,1759.00,1768.00,2782694
26-Jan-10,1781.50,1799.00,1776.50,1798.50,3558028
25-Jan-10,1793.50,1814.00,1785.00,1788.00,2640519
22-Jan-10,1820.00,1833.00,1800.00,1811.80,4635347
21-Jan-10,1850.00,1862.00,1820.50,1826.00,2750563
20-Jan-10,1859.50,1871.00,1833.00,1839.00,5536331
19-Jan-10,1851.00,1864.50,1821.00,1863.50,3441039
18-Jan-10,1855.00,1860.00,1838.50,1850.00,1366768
15-Jan-10,1860.00,1879.00,1848.00,1848.00,8370814
14-Jan-10,1876.50,1883.00,1850.00,1860.00,1666357
13-Jan-10,1878.00,1878.00,1852.00,1862.50,5005234
12-Jan-10,1923.50,1924.00,1881.00,1896.00,2494982
11-Jan-10,1925.50,1941.00,1919.50,1927.00,1686303
8-Jan-10,1926.50,1928.00,1893.50,1910.00,4972420
7-Jan-10,1934.00,1935.50,1915.00,1926.50,3852745
6-Jan-10,1938.50,1945.00,1928.00,1930.50,2676837
5-Jan-10,1932.50,1951.50,1926.50,1950.00,2540289
4-Jan-10,1882.50,1931.00,1878.50,1931.00,1595432
