8-Nov-16,6785.00,6885.00,6710.00,6775.00,702960
7-Nov-16,6875.00,6885.00,6632.94,6675.00,577584
4-Nov-16,7000.00,7017.72,6760.00,6790.00,832857
3-Nov-16,7255.00,7465.00,6985.00,7110.00,983000
2-Nov-16,7425.00,7625.00,7425.00,7585.00,820131
1-Nov-16,7355.00,7430.00,7210.00,7395.00,590368
31-Oct-16,7020.00,7245.00,7020.00,7240.00,466092
28-Oct-16,6980.00,7045.00,6900.00,7000.00,426951
27-Oct-16,7045.00,7095.00,6980.00,7005.00,338212
26-Oct-16,7150.00,7185.00,7030.00,7085.00,361716
25-Oct-16,7040.00,7205.00,7030.00,7200.00,523692
24-Oct-16,7155.00,7230.00,6975.00,6985.00,451292
21-Oct-16,7080.00,7170.00,7045.00,7155.00,383349
20-Oct-16,7100.00,7130.00,7000.00,7065.00,501834
19-Oct-16,7015.00,7170.00,6975.00,7110.00,460047
18-Oct-16,6900.00,7080.00,6900.00,6960.00,510012
17-Oct-16,6835.00,6890.00,6750.00,6820.00,408772
14-Oct-16,7085.00,7095.00,6800.00,6800.00,492226
13-Oct-16,6920.00,7120.00,6900.00,7030.00,500762
12-Oct-16,6935.00,7015.00,6850.00,6930.00,453244
11-Oct-16,7045.00,7115.00,6859.75,6960.00,598063
10-Oct-16,7170.00,7250.00,7060.00,7065.00,470038
7-Oct-16,6915.00,7350.00,6885.00,7075.00,1117952
6-Oct-16,7105.00,7145.00,6860.00,6885.00,750433
5-Oct-16,7145.00,7250.00,6975.00,7040.00,748258
4-Oct-16,7695.00,7850.00,7320.00,7330.00,1053818
3-Oct-16,7695.00,7890.00,7694.92,7790.00,405352
30-Sep-16,7880.00,8065.00,7745.00,7785.00,667937
29-Sep-16,7925.00,7945.00,7830.00,7885.00,397331
28-Sep-16,7740.00,7850.00,7700.00,7750.00,447326
27-Sep-16,7800.00,7910.00,7725.00,7760.00,520412
26-Sep-16,7795.00,7945.00,7745.00,7900.00,407195
23-Sep-16,7900.00,8010.00,7830.00,7900.00,453386
22-Sep-16,7950.00,8085.00,7865.00,8015.00,593962
21-Sep-16,7570.00,7735.00,7560.00,7680.00,411062
20-Sep-16,7555.00,7625.00,7520.00,7540.00,329864
19-Sep-16,7420.00,7590.00,7410.00,7525.00,396686
16-Sep-16,7340.00,7405.00,7255.00,7360.00,560538
15-Sep-16,7400.00,7475.00,7250.00,7390.00,488198
14-Sep-16,7395.00,7610.00,7385.00,7430.00,600447
13-Sep-16,7500.00,7540.00,7325.00,7355.00,602614
12-Sep-16,7320.00,7499.79,7235.00,7420.00,501352
9-Sep-16,7720.00,7720.00,7435.00,7485.00,484988
8-Sep-16,7765.00,7815.00,7675.00,7680.00,473997
7-Sep-16,7760.00,7815.00,7685.00,7735.00,533366
6-Sep-16,7595.00,7679.83,7505.00,7610.00,514266
5-Sep-16,7505.00,7690.00,7500.00,7590.00,541419
2-Sep-16,7275.00,7555.00,7195.00,7465.00,952227
1-Sep-16,7195.00,7295.00,7030.00,7250.00,703790
31-Aug-16,7250.00,7285.00,7120.00,7150.00,699773
30-Aug-16,7530.00,7530.00,7285.00,7360.00,490935
26-Aug-16,7690.00,7755.00,7480.00,7675.00,426411
25-Aug-16,7500.00,7660.00,7450.00,7595.00,384731
24-Aug-16,7955.00,8020.00,7610.00,7615.00,495914
23-Aug-16,8050.00,8160.00,7980.00,8020.00,300416
22-Aug-16,8265.00,8265.00,7905.00,8020.00,457188
19-Aug-16,8340.00,8460.00,8305.00,8350.00,345066
18-Aug-16,8455.00,8530.00,8330.00,8370.00,342883
17-Aug-16,8535.00,8590.00,8335.00,8385.00,308462
16-Aug-16,8525.00,8770.00,8500.00,8585.00,503618
15-Aug-16,8540.00,8590.00,8485.00,8560.00,218339
12-Aug-16,8530.00,8625.00,8420.00,8560.00,345940
11-Aug-16,8575.00,8695.00,8480.00,8645.00,274166
10-Aug-16,8555.00,8710.00,8550.00,8595.00,410392
9-Aug-16,8430.00,8550.00,8290.00,8495.00,334779
8-Aug-16,8280.00,8460.00,8195.00,8450.00,513434
5-Aug-16,8610.00,8760.00,8360.00,8375.00,615365
4-Aug-16,8560.00,8735.00,7900.00,8635.00,996142
3-Aug-16,9050.00,9155.00,8910.00,8980.00,454074
2-Aug-16,8965.00,9105.00,8965.00,9025.00,391595
1-Aug-16,8870.00,9050.00,8769.55,8910.00,282933
29-Jul-16,8880.00,8880.00,8655.00,8875.00,356881
28-Jul-16,8745.00,9060.00,8745.00,8850.00,451120
27-Jul-16,8685.00,8750.00,8529.37,8655.00,353996
26-Jul-16,8505.00,8760.00,8505.00,8685.00,338180
25-Jul-16,8770.00,8800.00,8440.00,8550.00,334504
22-Jul-16,8695.00,8880.00,8625.00,8850.00,379660
21-Jul-16,8575.00,8755.00,8450.00,8735.00,440748
20-Jul-16,8890.00,8985.00,8595.00,8710.00,380355
19-Jul-16,8990.00,8995.00,8860.00,8940.00,457283
18-Jul-16,8785.00,8900.00,8665.00,8800.00,411477
15-Jul-16,8900.00,8935.00,8675.00,8815.00,581531
14-Jul-16,8915.00,9100.00,8790.00,8940.00,720743
13-Jul-16,9020.00,9185.00,9005.00,9055.00,669233
12-Jul-16,9480.00,9575.00,9090.00,9115.00,608167
11-Jul-16,9385.00,9560.00,9325.00,9525.00,429249
8-Jul-16,9235.00,9390.00,8860.00,9265.00,706846
7-Jul-16,9695.00,9775.04,9150.00,9280.00,669731
6-Jul-16,9450.00,9820.00,9450.00,9715.00,695612
5-Jul-16,9030.00,9415.00,9030.00,9310.00,614402
4-Jul-16,8875.00,9250.00,8875.00,9160.00,463011
1-Jul-16,8475.00,8815.00,8435.00,8775.00,681307
30-Jun-16,8070.00,8410.00,7950.00,8410.00,814224
29-Jun-16,7975.00,8070.00,7830.00,8065.00,674578
28-Jun-16,8185.00,8265.00,7770.00,7965.00,856390
27-Jun-16,7445.00,8250.00,7445.00,8035.00,977624
24-Jun-16,7600.00,8350.00,7165.00,7370.00,1567855
23-Jun-16,6450.00,6535.00,6370.00,6455.00,417001
22-Jun-16,6490.00,6495.00,6380.00,6400.00,387398
21-Jun-16,6500.00,6505.00,6350.00,6465.00,367950
20-Jun-16,6500.00,6540.00,6380.00,6515.00,503658
17-Jun-16,6675.00,6760.00,6555.00,6610.00,717091
16-Jun-16,6745.00,6959.86,6745.00,6925.00,641822
15-Jun-16,6560.00,6690.00,6490.00,6610.00,402975
14-Jun-16,6645.00,6695.00,6485.00,6485.00,474866
13-Jun-16,6620.00,6815.00,6620.00,6670.00,454937
10-Jun-16,6600.00,6774.60,6561.15,6625.00,448372
9-Jun-16,6535.00,6635.00,6485.00,6625.00,362298
3-Jun-16,5900.00,6270.00,5860.00,6250.00,536917
2-Jun-16,5870.00,5890.00,5815.00,5850.00,385471
1-Jun-16,5800.00,5984.12,5755.00,5845.00,473100
31-May-16,5755.00,5820.00,5660.00,5800.00,1036105
27-May-16,5875.00,5915.00,5690.00,5735.00,310119
26-May-16,5880.00,5960.00,5825.41,5855.00,404024
25-May-16,5825.00,5840.00,5646.10,5810.00,447788
24-May-16,6080.00,6086.10,5885.00,5885.00,442691
23-May-16,6120.00,6150.00,6035.00,6080.00,351243
20-May-16,6080.00,6170.00,6020.00,6030.00,463450
19-May-16,5995.00,6055.00,5830.00,6035.00,607742
18-May-16,6320.00,6335.00,6205.00,6240.00,440910
17-May-16,6280.00,6385.00,6235.00,6350.00,445698
16-May-16,6185.00,6320.00,6180.00,6280.00,300173
13-May-16,6150.00,6250.86,6100.00,6165.00,463071
12-May-16,6210.00,6295.00,6105.28,6170.00,457190
11-May-16,5970.00,6235.00,5970.00,6095.00,524308
10-May-16,5925.00,6030.00,5860.00,5890.00,455745
9-May-16,6150.00,6150.00,5895.00,5940.00,545223
6-May-16,5820.00,6215.00,5800.00,6165.00,800537
5-May-16,5830.00,5905.00,5700.00,5785.00,820637
4-May-16,6430.00,6430.00,5830.00,5830.00,944368
3-May-16,6775.00,6850.00,6447.53,6605.00,616211
29-Apr-16,6540.00,6780.00,6510.00,6770.00,519404
28-Apr-16,6420.00,6545.00,6395.00,6525.00,500357
27-Apr-16,6300.00,6385.00,6290.00,6380.00,381422
26-Apr-16,6290.00,6330.00,6240.00,6300.00,424784
25-Apr-16,6510.00,6517.31,6290.00,6305.00,572545
22-Apr-16,6535.00,6570.00,6480.00,6540.00,422703
21-Apr-16,6565.00,6630.00,6440.00,6515.00,567201
20-Apr-16,6680.00,6715.00,6535.00,6610.00,587197
19-Apr-16,6585.00,6715.00,6475.00,6715.00,620533
18-Apr-16,6535.00,6645.00,6520.00,6555.00,528953
15-Apr-16,6570.00,6610.00,6516.01,6600.00,430616
14-Apr-16,6660.00,6675.00,6495.00,6570.00,649828
13-Apr-16,6850.00,6885.00,6719.66,6775.00,502045
12-Apr-16,6750.00,6885.00,6740.00,6860.00,473801
11-Apr-16,6645.00,6720.00,6579.87,6715.00,509694
8-Apr-16,6560.00,6640.00,6490.00,6635.00,275861
7-Apr-16,6385.00,6602.50,6385.00,6575.00,400084
6-Apr-16,6360.00,6395.00,6300.00,6370.00,448543
5-Apr-16,6185.00,6365.00,6185.00,6335.00,411682
4-Apr-16,6285.00,6320.00,6190.00,6205.00,325564
1-Apr-16,6310.00,6370.00,6195.00,6255.00,389269
31-Mar-16,6300.00,6410.00,6265.00,6370.00,369718
30-Mar-16,6420.00,6430.00,6265.00,6280.00,421730
29-Mar-16,6400.00,6420.00,6204.88,6280.00,397558
24-Mar-16,6310.00,6419.87,6210.00,6360.00,431050
23-Mar-16,6465.00,6470.00,6230.00,6390.00,518548
22-Mar-16,6450.00,6655.00,6440.00,6535.00,359101
21-Mar-16,6430.00,6460.00,6355.00,6435.00,299936
18-Mar-16,6510.00,6625.00,6480.00,6510.00,727057
17-Mar-16,6490.00,6660.00,6480.00,6655.00,868773
16-Mar-16,6320.00,6350.00,6160.00,6175.00,423625
15-Mar-16,6125.00,6290.00,6115.00,6250.00,429877
14-Mar-16,6310.00,6370.00,6175.00,6200.00,416221
11-Mar-16,6445.00,6450.00,6270.00,6325.00,401198
10-Mar-16,6290.00,6480.00,6185.00,6360.00,588941
9-Mar-16,6280.00,6315.00,6120.00,6290.00,469520
8-Mar-16,6485.00,6485.00,6265.00,6295.00,464903
7-Mar-16,6470.00,6500.00,6275.00,6415.00,671895
4-Mar-16,6395.00,6635.00,6370.00,6615.00,663393
3-Mar-16,6300.00,6385.00,6290.00,6335.00,430478
2-Mar-16,6380.00,6410.00,6150.70,6255.00,690394
1-Mar-16,6410.00,6550.00,6270.00,6325.00,529252
29-Feb-16,6430.00,6660.00,6430.00,6485.00,588076
26-Feb-16,6475.00,6505.00,6380.00,6405.00,605362
25-Feb-16,6650.00,6700.00,6400.13,6455.00,594043
24-Feb-16,6490.00,6720.00,6480.00,6650.00,694892
23-Feb-16,6440.00,6535.00,6350.00,6520.00,578269
22-Feb-16,6310.00,6440.00,6230.00,6365.00,434625
19-Feb-16,6230.00,6436.60,6180.00,6355.00,750051
18-Feb-16,6100.00,6210.00,5995.00,6200.00,600151
17-Feb-16,5960.00,6120.00,5935.00,6120.00,571487
16-Feb-16,5995.00,6010.00,5741.80,6005.00,719998
15-Feb-16,6135.00,6135.00,5870.50,6030.00,450632
12-Feb-16,6050.00,6190.00,5990.00,6155.00,741903
11-Feb-16,5870.00,6145.00,5835.00,6130.00,843667
10-Feb-16,5825.00,5880.00,5635.00,5700.00,813850
9-Feb-16,5800.00,6095.00,5780.00,5905.00,917368
8-Feb-16,5425.00,6000.00,5410.00,6000.00,760569
5-Feb-16,5285.00,5320.00,5130.00,5300.00,614846
4-Feb-16,5200.00,5290.00,5095.00,5270.00,534833
3-Feb-16,5050.00,5110.00,4988.00,5110.00,427114
2-Feb-16,5010.00,5080.52,4997.24,5060.00,406759
1-Feb-16,4958.00,5055.00,4956.00,5045.00,323322
29-Jan-16,4836.00,4982.00,4806.00,4967.00,525251
28-Jan-16,4827.00,4892.00,4777.00,4833.00,638729
27-Jan-16,4800.00,4818.00,4739.00,4815.00,495426
26-Jan-16,4605.00,4825.00,4605.00,4820.00,647234
25-Jan-16,4592.00,4688.00,4573.00,4596.00,490332
22-Jan-16,4600.00,4611.82,4493.00,4555.00,598907
21-Jan-16,4433.00,4559.00,4426.00,4504.00,705506
20-Jan-16,4261.00,4456.88,4261.00,4416.00,591060
19-Jan-16,4414.00,4450.00,4266.00,4268.00,500729
18-Jan-16,4382.00,4389.00,4324.00,4372.00,367039
15-Jan-16,4240.00,4427.00,4194.00,4387.00,774271
14-Jan-16,4250.00,4307.00,4203.00,4229.00,461959
13-Jan-16,4204.00,4300.00,4185.00,4254.00,531189
12-Jan-16,4344.00,4413.00,4176.00,4188.00,562097
11-Jan-16,4405.00,4449.00,4350.00,4351.00,323640
8-Jan-16,4452.00,4483.00,4385.00,4401.00,472884
7-Jan-16,4260.00,4440.00,4260.00,4403.00,893725
6-Jan-16,4257.00,4341.00,4232.59,4328.00,373484
5-Jan-16,4253.00,4309.00,4233.00,4257.00,250400
4-Jan-16,4168.00,4328.00,4168.00,4243.00,430448
31-Dec-15,4192.00,4192.00,4118.00,4143.00,73353
30-Dec-15,4216.00,4257.06,4155.00,4202.00,227162
29-Dec-15,4180.00,4273.00,4170.00,4233.00,310774
24-Dec-15,4239.00,4264.00,4219.00,4235.00,59424
23-Dec-15,4123.00,4282.00,4115.00,4248.00,398940
22-Dec-15,4051.00,4142.00,4046.00,4139.00,297566
21-Dec-15,4043.00,4091.00,3996.00,4068.00,271263
18-Dec-15,3985.00,4046.00,3948.00,4031.00,603855
16-Dec-15,4017.00,4120.00,4017.00,4120.00,415784
15-Dec-15,3994.00,4056.13,3953.00,4024.00,502528
14-Dec-15,4108.00,4118.00,4028.00,4042.00,317867
11-Dec-15,4147.00,4159.00,4045.12,4128.00,371713
10-Dec-15,4151.00,4187.00,4123.00,4162.00,351925
9-Dec-15,4082.00,4215.00,4012.00,4142.00,525611
8-Dec-15,4178.00,4192.00,4059.00,4061.00,494336
7-Dec-15,4286.00,4295.00,4203.00,4217.00,310405
4-Dec-15,4187.00,4319.91,4140.09,4289.00,497548
3-Dec-15,4184.00,4285.00,4143.00,4179.00,460046
2-Dec-15,4163.00,4246.00,4160.00,4199.00,380116
1-Dec-15,4047.00,4147.00,4047.00,4147.00,452468
30-Nov-15,3991.00,4050.00,3918.00,4042.00,562184
27-Nov-15,4139.00,4146.00,3988.00,3997.00,359586
26-Nov-15,4011.00,4176.00,3993.00,4176.00,284541
25-Nov-15,4086.00,4104.00,4013.00,4050.00,300959
24-Nov-15,3948.00,4083.00,3932.00,4070.00,399961
23-Nov-15,3918.00,3980.00,3894.00,3956.00,377821
20-Nov-15,4025.00,4056.00,3967.00,3976.00,420091
19-Nov-15,4023.00,4094.00,4023.00,4051.00,427696
18-Nov-15,3905.00,3978.00,3888.00,3933.00,331319
17-Nov-15,4015.00,4040.00,3916.00,3929.00,385794
16-Nov-15,4004.00,4068.00,3974.00,4028.00,384410
13-Nov-15,3935.00,3964.00,3890.00,3951.00,420888
12-Nov-15,3987.00,3987.00,3870.00,3923.00,438837
11-Nov-15,3974.00,3983.00,3904.00,3945.00,473760
10-Nov-15,4025.00,4035.00,3896.00,3949.00,518438
9-Nov-15,3956.00,4039.91,3930.00,3933.00,385249
6-Nov-15,4150.00,4165.00,3934.00,3971.00,630653
5-Nov-15,4201.00,4221.00,4105.00,4121.00,430523
4-Nov-15,4330.00,4404.00,4296.00,4312.00,395201
3-Nov-15,4312.00,4335.00,4254.00,4310.00,313958
2-Nov-15,4330.00,4347.00,4262.00,4304.00,338264
30-Oct-15,4380.00,4430.94,4346.00,4368.00,520016
29-Oct-15,4549.00,4549.00,4429.00,4449.00,575870
28-Oct-15,4525.00,4715.00,4520.00,4686.00,536467
27-Oct-15,4518.00,4561.00,4460.00,4516.00,355484
26-Oct-15,4610.00,4643.00,4521.00,4538.00,387515
23-Oct-15,4529.00,4651.00,4513.00,4615.00,641301
22-Oct-15,4483.00,4524.00,4406.00,4503.00,449647
21-Oct-15,4538.00,4594.00,4457.00,4479.00,440798
20-Oct-15,4449.00,4557.00,4437.00,4523.00,519774
19-Oct-15,4502.00,4526.00,4446.00,4487.00,539153
16-Oct-15,4505.00,4596.00,4480.00,4572.00,618971
15-Oct-15,4505.00,4574.00,4465.00,4494.00,617510
14-Oct-15,4398.00,4506.00,4398.00,4490.00,631298
13-Oct-15,4366.00,4418.00,4305.80,4411.00,474292
12-Oct-15,4450.00,4517.00,4398.00,4408.00,488812
9-Oct-15,4295.00,4463.00,4295.00,4422.00,576697
8-Oct-15,4263.00,4357.00,4253.00,4335.00,558748
7-Oct-15,4271.00,4377.00,4245.00,4259.00,816976
6-Oct-15,4250.00,4334.00,4169.00,4318.00,522645
5-Oct-15,4172.00,4226.00,4128.00,4226.00,503766
2-Oct-15,3890.00,4107.00,3837.00,4098.00,770365
1-Oct-15,3899.00,4013.00,3883.91,3932.00,469231
30-Sep-15,3874.00,3887.00,3789.97,3862.00,596107
29-Sep-15,3792.00,3885.00,3782.00,3844.00,602218
28-Sep-15,3920.00,3920.00,3840.00,3850.00,475222
25-Sep-15,3980.00,3992.00,3867.00,3926.00,547950
24-Sep-15,3739.00,3962.00,3727.00,3946.00,670351
23-Sep-15,3738.00,3798.00,3711.00,3740.00,350476
22-Sep-15,3799.00,3808.00,3710.00,3740.00,506588
21-Sep-15,3871.00,3912.62,3802.00,3820.00,414107
18-Sep-15,3812.00,3927.93,3807.02,3863.00,855131
17-Sep-15,3780.00,3795.00,3708.00,3729.00,491366
16-Sep-15,3641.00,3779.00,3602.00,3770.00,535448
15-Sep-15,3596.00,3650.00,3546.00,3626.00,364351
14-Sep-15,3690.00,3731.00,3567.50,3625.00,556434
11-Sep-15,3667.00,3740.00,3626.00,3643.00,591834
10-Sep-15,3683.00,3744.00,3655.00,3671.00,473241
9-Sep-15,3710.00,3773.00,3704.00,3719.00,528537
8-Sep-15,3727.00,3772.12,3689.00,3753.00,401072
7-Sep-15,3751.00,3797.00,3716.00,3726.00,217649
4-Sep-15,3841.00,3870.00,3710.00,3722.00,569431
3-Sep-15,3855.00,3970.00,3833.00,3882.00,570485
2-Sep-15,3903.00,3941.20,3816.00,3830.00,571897
1-Sep-15,3948.00,3993.00,3896.00,3926.00,663005
28-Aug-15,3944.00,4030.00,3875.00,3959.00,726518
27-Aug-15,3920.00,3937.00,3811.00,3926.00,780766
26-Aug-15,3940.00,4009.00,3783.00,3817.00,754374
25-Aug-15,3990.00,4196.00,3965.00,4001.00,967402
24-Aug-15,4166.00,4205.00,4093.00,4148.00,939087
21-Aug-15,4249.00,4344.00,4205.00,4242.00,798236
20-Aug-15,4035.00,4263.00,4033.00,4255.00,937390
19-Aug-15,4011.00,4080.00,3958.00,4022.00,532449
18-Aug-15,4020.00,4049.00,3921.00,3991.00,507107
17-Aug-15,3982.00,4024.00,3942.00,3983.00,427210
14-Aug-15,3995.00,4081.00,3968.75,3994.00,544809
13-Aug-15,4184.00,4192.00,4019.00,4034.00,599266
12-Aug-15,4000.00,4169.00,3950.00,4166.00,1068522
11-Aug-15,3927.00,4093.00,3917.00,3952.00,1236830
10-Aug-15,3885.00,3951.00,3823.00,3931.00,711305
7-Aug-15,3860.00,3939.00,3815.00,3903.00,763617
6-Aug-15,3906.00,3936.00,3793.00,3864.00,520517
5-Aug-15,3765.00,3891.00,3765.00,3833.00,757122
4-Aug-15,3761.00,3860.00,3757.00,3807.00,590138
3-Aug-15,3846.00,3859.00,3767.00,3786.00,417297
31-Jul-15,3838.00,3870.00,3700.00,3862.00,750896
30-Jul-15,3832.00,3833.00,3755.00,3813.00,553127
29-Jul-15,3782.00,3820.00,3748.00,3813.00,497013
28-Jul-15,3772.00,3792.00,3720.00,3768.00,617552
27-Jul-15,3875.00,3894.00,3752.00,3794.00,762271
24-Jul-15,3775.00,3848.00,3724.00,3744.00,644225
23-Jul-15,3845.00,3944.00,3816.00,3824.00,625051
22-Jul-15,3819.00,3878.00,3753.00,3845.00,622497
21-Jul-15,3820.00,3949.00,3791.00,3893.00,649191
20-Jul-15,3948.00,3948.67,3750.00,3817.00,589833
17-Jul-15,4071.00,4107.00,3980.00,4004.00,453650
16-Jul-15,4091.00,4107.00,4062.00,4086.00,411554
15-Jul-15,4155.00,4168.00,4085.00,4102.00,410085
14-Jul-15,4167.00,4183.00,4129.00,4163.00,320105
13-Jul-15,4160.00,4179.00,4100.00,4174.00,432721
10-Jul-15,4220.00,4225.00,4123.80,4152.00,383188
9-Jul-15,4236.00,4262.00,4162.00,4182.00,307993
8-Jul-15,4111.00,4252.00,4102.00,4222.00,477931
7-Jul-15,4283.00,4286.00,4135.00,4145.00,355889
6-Jul-15,4264.00,4306.00,4220.19,4277.00,416606
3-Jul-15,4248.00,4277.00,4214.00,4260.00,287530
2-Jul-15,4169.00,4250.00,4144.00,4208.00,427308
1-Jul-15,4306.00,4307.00,4196.00,4215.00,402782
30-Jun-15,4381.00,4382.00,4284.00,4285.00,551219
29-Jun-15,4333.00,4444.00,4333.00,4400.00,384731
26-Jun-15,4436.00,4450.00,4374.00,4374.00,324644
25-Jun-15,4478.00,4489.00,4441.00,4444.00,360073
24-Jun-15,4423.00,4490.00,4401.00,4458.00,325431
23-Jun-15,4430.00,4460.00,4384.00,4428.00,255862
22-Jun-15,4465.00,4465.00,4400.00,4413.00,316926
19-Jun-15,4527.00,4543.30,4487.00,4498.00,419136
18-Jun-15,4501.00,4573.00,4485.00,4546.00,491750
17-Jun-15,4498.00,4502.00,4424.00,4427.00,342139
16-Jun-15,4599.00,4600.00,4499.09,4502.00,376777
15-Jun-15,4602.00,4663.00,4574.00,4626.00,419205
12-Jun-15,4658.00,4674.00,4570.00,4607.00,351266
11-Jun-15,4691.00,4721.00,4633.00,4670.00,374471
10-Jun-15,4566.00,4718.00,4566.00,4685.00,499251
9-Jun-15,4606.00,4678.00,4602.34,4652.00,417957
8-Jun-15,4566.00,4614.00,4553.00,4592.00,380679
5-Jun-15,4615.00,4660.00,4529.00,4575.00,532672
4-Jun-15,4670.00,4694.00,4591.00,4591.00,526808
3-Jun-15,4781.00,4801.00,4741.00,4752.00,388225
2-Jun-15,4758.00,4807.00,4659.00,4780.00,420014
1-Jun-15,4729.00,4803.00,4661.38,4756.00,462397
29-May-15,4699.00,4794.00,4692.00,4735.00,626184
28-May-15,4643.00,4693.00,4629.00,4682.00,229682
27-May-15,4616.00,4691.00,4575.00,4667.00,321902
26-May-15,4740.00,4755.00,4604.00,4611.00,429236
22-May-15,4725.00,4811.00,4720.00,4779.00,266663
21-May-15,4783.00,4825.00,4701.00,4713.00,344860
20-May-15,4775.00,4811.00,4755.00,4799.00,303982
19-May-15,4928.00,4928.00,4776.00,4802.00,426440
18-May-15,4859.00,4968.00,4859.00,4908.00,364838
15-May-15,4879.00,4911.00,4822.00,4868.00,346668
14-May-15,4862.00,4939.00,4832.00,4889.00,323356
13-May-15,4748.00,4895.00,4739.00,4881.00,454569
12-May-15,4690.00,4778.44,4663.00,4741.00,612432
11-May-15,4740.00,4813.00,4682.00,4701.00,313024
8-May-15,4828.00,4870.00,4736.00,4764.00,465498
7-May-15,4820.00,4964.00,4766.00,4775.00,582931
6-May-15,4959.00,5003.88,4862.63,4914.00,517961
5-May-15,5010.00,5145.00,4982.00,4991.00,524505
1-May-15,4943.00,5010.00,4922.00,5000.00,289860
30-Apr-15,5070.00,5125.00,4922.00,4964.00,595682
29-Apr-15,5040.00,5110.00,4999.00,5095.00,478704
28-Apr-15,4905.00,5070.00,4886.00,5035.00,522838
27-Apr-15,4970.00,5010.00,4889.00,4985.00,491525
24-Apr-15,5040.00,5085.00,4949.00,4950.00,520061
23-Apr-15,4951.00,5045.00,4909.00,5035.00,429081
22-Apr-15,5060.00,5120.00,4954.00,4989.00,497900
21-Apr-15,5060.00,5075.00,5005.00,5050.00,281097
20-Apr-15,5025.00,5095.00,4997.00,5025.00,304868
17-Apr-15,5050.00,5105.00,5015.00,5045.00,290689
16-Apr-15,5030.00,5145.00,5025.00,5080.00,526152
15-Apr-15,4916.00,5005.00,4913.00,4985.00,426106
14-Apr-15,4840.00,4946.00,4823.00,4938.00,492731
13-Apr-15,4855.00,4939.00,4811.00,4865.00,347420
10-Apr-15,4743.00,4887.00,4719.00,4880.00,492854
9-Apr-15,4698.00,4768.00,4668.00,4746.00,435238
8-Apr-15,4800.00,4852.00,4687.00,4691.00,684926
7-Apr-15,4818.00,4890.00,4761.00,4826.00,507604
2-Apr-15,4809.00,4889.00,4758.00,4790.00,631201
1-Apr-15,4689.00,4838.00,4637.00,4801.00,622155
31-Mar-15,4793.00,4818.00,4685.00,4693.00,691174
30-Mar-15,4803.00,4860.00,4723.00,4814.00,545658
27-Mar-15,4820.00,4820.00,4698.00,4756.00,603177
26-Mar-15,4906.00,5015.00,4866.00,4902.00,695222
25-Mar-15,4871.00,4939.00,4861.00,4882.00,299500
24-Mar-15,4910.00,4975.00,4862.00,4868.00,495405
23-Mar-15,4861.00,4942.00,4808.00,4935.00,524633
20-Mar-15,4799.00,4930.00,4777.62,4875.00,918387
19-Mar-15,4730.00,4839.00,4721.00,4826.00,655316
18-Mar-15,4672.00,4710.00,4609.00,4675.00,558781
17-Mar-15,4616.00,4717.00,4613.00,4672.00,608556
16-Mar-15,4650.00,4663.00,4593.00,4628.00,432434
13-Mar-15,4616.00,4648.00,4540.00,4569.00,475107
12-Mar-15,4605.00,4677.43,4585.00,4595.00,729493
11-Mar-15,4460.00,4545.00,4432.00,4545.00,693942
10-Mar-15,4523.00,4558.00,4453.00,4460.00,870269
9-Mar-15,4595.00,4659.00,4537.00,4562.00,597063
6-Mar-15,4811.00,4816.00,4581.00,4581.00,932000
5-Mar-15,4815.00,4901.00,4722.00,4836.00,673676
4-Mar-15,4972.00,4985.00,4780.00,4786.00,859311
3-Mar-15,5080.00,5090.00,4989.00,4997.00,274436
2-Mar-15,5150.00,5221.26,5080.00,5100.00,305104
27-Feb-15,5145.00,5200.00,5075.00,5180.00,500709
26-Feb-15,5075.00,5211.56,5055.00,5170.00,570023
25-Feb-15,5000.00,5045.00,4955.00,5045.00,265056
24-Feb-15,4927.00,5390.00,4883.00,4977.00,358951
23-Feb-15,5020.00,5025.00,4868.44,4921.00,519069
20-Feb-15,5000.00,5075.00,4939.00,5015.00,372072
19-Feb-15,5055.00,5164.29,5010.00,5025.00,479658
18-Feb-15,5015.00,5040.00,4918.00,4991.00,460543
17-Feb-15,5090.00,5110.00,4995.00,5005.00,383331
16-Feb-15,5105.00,5120.00,5050.62,5090.00,208454
13-Feb-15,5135.00,5160.00,5085.00,5105.00,510782
12-Feb-15,5145.00,5191.12,5050.00,5085.00,538921
11-Feb-15,5220.00,5240.00,5097.10,5135.00,334492
10-Feb-15,5380.00,5380.00,5185.00,5225.00,511767
9-Feb-15,5295.00,5430.00,5265.00,5415.00,422332
6-Feb-15,5585.00,5600.00,5290.00,5310.00,732764
5-Feb-15,5510.00,5565.00,5465.00,5550.00,486373
4-Feb-15,5540.00,5615.00,5480.00,5525.00,627180
3-Feb-15,5660.00,5752.10,5505.00,5535.00,534545
2-Feb-15,5610.00,5669.38,5560.00,5595.00,499169
30-Jan-15,5520.00,5715.00,5505.00,5685.00,577479
29-Jan-15,5525.00,5530.00,5355.00,5420.00,494744
28-Jan-15,5550.00,5640.00,5545.00,5585.00,407440
27-Jan-15,5470.00,5616.62,5465.00,5595.00,458505
26-Jan-15,5395.00,5470.00,5290.00,5450.00,592073
23-Jan-15,5500.00,5500.00,5375.00,5420.00,582455
22-Jan-15,5530.00,5589.38,5430.00,5555.00,733495
21-Jan-15,5540.00,5610.00,5455.00,5525.00,525663
20-Jan-15,5440.00,5565.00,5396.25,5560.00,500323
19-Jan-15,5370.00,5445.00,5316.25,5425.00,323036
16-Jan-15,5205.00,5405.00,5125.00,5390.00,686273
15-Jan-15,4945.00,5275.00,4903.00,5265.00,700346
14-Jan-15,4921.00,4998.00,4814.00,4950.00,607445
13-Jan-15,5090.00,5135.62,4960.56,5025.00,608422
12-Jan-15,4931.00,5025.00,4921.00,5020.00,416670
9-Jan-15,4804.00,4936.00,4767.00,4931.00,663894
8-Jan-15,4775.00,4928.00,4766.00,4888.00,725954
7-Jan-15,4772.00,4846.00,4725.00,4804.00,818706
6-Jan-15,4560.00,4800.00,4560.00,4757.00,885214
5-Jan-15,4428.00,4572.00,4424.00,4536.00,921902
31-Dec-14,4461.00,4469.52,4348.00,4380.00,124517
30-Dec-14,4224.00,4353.00,4212.00,4338.00,302000
29-Dec-14,4171.00,4290.00,4160.00,4244.00,346475
24-Dec-14,4143.00,4188.32,4103.00,4153.00,86919
23-Dec-14,4159.00,4257.00,4132.00,4240.00,389827
22-Dec-14,4339.00,4383.00,4132.76,4150.00,542074
19-Dec-14,4350.00,4445.00,4307.00,4431.00,920936
18-Dec-14,4244.00,4326.00,4203.00,4244.00,828035
17-Dec-14,3952.00,4166.00,3952.00,4117.00,768409
16-Dec-14,3934.00,4103.00,3931.70,4040.00,1247632
15-Dec-14,4114.00,4159.00,4069.00,4094.00,637197
12-Dec-14,4170.00,4202.00,4132.00,4150.00,487105
11-Dec-14,4263.00,4295.00,4153.00,4261.00,730702
10-Dec-14,4349.00,4430.00,4328.00,4371.00,692254
9-Dec-14,4196.00,4433.00,4171.30,4335.00,749112
8-Dec-14,4241.00,4288.00,4176.00,4186.00,473604
5-Dec-14,4249.00,4257.00,4139.00,4189.00,519803
4-Dec-14,4312.00,4335.00,4240.28,4312.00,488590
3-Dec-14,4223.00,4354.00,4219.00,4331.00,507156
2-Dec-14,4350.00,4372.00,4193.00,4271.50,706623
1-Dec-14,4117.00,4333.00,4048.00,4266.00,949128
28-Nov-14,4335.00,4340.00,4204.00,4253.00,647852
27-Nov-14,4450.00,4465.00,4335.00,4345.00,436502
26-Nov-14,4515.00,4544.00,4429.00,4474.00,563652
25-Nov-14,4435.00,4472.00,4394.84,4428.00,886416
24-Nov-14,4440.00,4480.00,4380.64,4428.00,607829
21-Nov-14,4353.00,4516.00,4295.00,4496.00,849662
20-Nov-14,4310.00,4389.00,4278.00,4335.00,821420
19-Nov-14,4445.00,4480.00,4291.00,4340.00,840671
18-Nov-14,4395.00,4464.00,4373.00,4428.00,738725
17-Nov-14,4238.00,4363.00,4219.00,4319.00,754843
14-Nov-14,4144.00,4271.00,4073.00,4254.00,792691
13-Nov-14,4149.00,4210.00,4117.00,4188.00,468760
12-Nov-14,4108.00,4220.00,4100.96,4159.00,773278
11-Nov-14,4050.00,4122.00,3964.84,4120.00,817021
10-Nov-14,4190.00,4236.00,4066.00,4086.00,790028
7-Nov-14,4070.00,4199.00,4017.00,4132.00,945496
6-Nov-14,3769.00,4103.00,3737.00,4074.00,1013656
5-Nov-14,3684.00,3779.03,3649.00,3765.00,962594
4-Nov-14,3765.00,3826.00,3740.00,3805.00,783459
3-Nov-14,3655.00,3789.52,3643.00,3700.00,760507
31-Oct-14,3780.00,3799.10,3638.00,3678.00,1036484
30-Oct-14,3955.00,3955.00,3763.00,3779.00,853550
29-Oct-14,4010.00,4076.00,4010.00,4021.00,491097
28-Oct-14,3952.00,4001.00,3952.00,3977.00,469965
27-Oct-14,4039.00,4048.00,3940.00,3944.00,472952
24-Oct-14,4081.00,4107.80,3987.00,4011.00,725156
23-Oct-14,4152.00,4177.00,4066.00,4082.00,501074
22-Oct-14,4260.00,4275.00,4159.00,4170.00,583785
21-Oct-14,4213.00,4328.00,4213.00,4279.00,542852
20-Oct-14,4204.00,4232.00,4154.00,4200.00,532194
17-Oct-14,4323.00,4362.00,4215.15,4224.00,666292
16-Oct-14,4358.00,4411.00,4306.00,4380.00,842506
15-Oct-14,4352.00,4372.00,4256.00,4322.00,935193
14-Oct-14,4305.00,4393.00,4274.00,4368.00,567238
13-Oct-14,4200.00,4388.00,4200.00,4381.00,873303
10-Oct-14,4254.00,4254.00,4182.00,4197.00,595365
9-Oct-14,4286.00,4385.63,4273.00,4298.00,895003
8-Oct-14,4128.00,4159.80,4037.00,4050.00,453926
7-Oct-14,4160.00,4231.00,4140.00,4152.00,436208
6-Oct-14,4106.00,4179.52,4072.30,4153.00,341021
3-Oct-14,4145.00,4159.00,4076.00,4091.00,604470
2-Oct-14,4155.00,4182.00,4123.00,4155.00,491209
1-Oct-14,4183.00,4184.00,4141.00,4154.00,477781
30-Sep-14,4215.00,4257.00,4159.00,4209.00,542222
29-Sep-14,4215.00,4252.00,4183.00,4249.00,317468
26-Sep-14,4253.00,4344.00,4195.00,4214.00,406777
25-Sep-14,4292.00,4292.00,4163.00,4249.00,557233
24-Sep-14,4340.00,4365.00,4314.00,4327.00,461018
23-Sep-14,4287.00,4349.03,4252.00,4312.00,539836
22-Sep-14,4321.00,4335.00,4261.00,4265.00,320680
19-Sep-14,4369.00,4422.00,4351.00,4355.00,630123
18-Sep-14,4525.00,4525.00,4414.00,4430.00,401851
17-Sep-14,4562.00,4591.00,4535.00,4546.00,281496
16-Sep-14,4631.00,4637.00,4542.00,4547.00,411553
15-Sep-14,4635.00,4669.00,4609.00,4632.00,342428
12-Sep-14,4663.00,4704.00,4625.00,4625.00,330181
11-Sep-14,4712.00,4717.00,4622.00,4652.00,383160
10-Sep-14,4734.00,4786.00,4699.00,4715.00,243243
9-Sep-14,4701.00,4732.00,4647.00,4717.00,302308
8-Sep-14,4752.00,4806.67,4678.00,4704.00,316608
5-Sep-14,4832.00,4841.00,4722.00,4737.00,466830
4-Sep-14,4944.00,4967.00,4912.00,4940.00,235999
3-Sep-14,4949.00,5025.00,4928.00,4955.00,318568
2-Sep-14,5030.00,5080.00,4978.00,4991.00,290850
1-Sep-14,5085.00,5145.00,5067.51,5085.00,136697
29-Aug-14,5025.00,5085.00,4995.00,5085.00,259697
28-Aug-14,4940.00,5050.00,4937.00,5005.00,229762
27-Aug-14,4923.00,5000.00,4920.00,4941.00,193533
26-Aug-14,4905.00,4964.00,4883.00,4905.00,288929
22-Aug-14,4904.00,4944.84,4870.00,4902.00,216039
21-Aug-14,4950.00,4956.00,4890.00,4904.00,312506
20-Aug-14,5015.00,5034.01,4973.00,4997.00,165073
19-Aug-14,5035.00,5095.00,5020.00,5025.00,164619
18-Aug-14,5070.00,5080.00,5015.00,5030.00,190658
15-Aug-14,5125.00,5145.00,5010.00,5065.00,285324
14-Aug-14,5115.00,5165.00,5090.00,5120.00,195837
13-Aug-14,5115.00,5140.34,5065.10,5125.00,184294
12-Aug-14,5075.00,5135.00,5045.00,5120.00,253840
11-Aug-14,5080.00,5105.27,5025.00,5075.00,208372
8-Aug-14,5070.00,5125.00,5025.00,5110.00,313016
7-Aug-14,5140.00,5165.00,5030.00,5070.00,214388
6-Aug-14,5030.00,5160.38,5015.00,5155.00,322156
5-Aug-14,5045.00,5095.00,5000.00,5005.00,165759
4-Aug-14,5125.00,5125.00,5035.00,5045.00,227367
1-Aug-14,5060.00,5105.00,4945.00,5065.00,547856
31-Jul-14,5130.00,5172.75,5081.55,5120.00,278320
30-Jul-14,5210.00,5230.33,5125.00,5140.00,181739
29-Jul-14,5175.00,5285.75,5175.00,5215.00,245171
28-Jul-14,5100.00,5180.00,5082.62,5170.00,220835
25-Jul-14,5050.00,5120.00,4996.00,5115.00,165341
24-Jul-14,5080.00,5085.00,5015.00,5065.00,225488
23-Jul-14,5135.00,5175.00,5080.00,5110.00,194688
22-Jul-14,5105.00,5155.00,5095.00,5135.00,211538
21-Jul-14,5065.00,5160.00,5055.00,5105.00,169700
18-Jul-14,5100.00,5125.00,5035.00,5065.00,296754
17-Jul-14,5100.00,5140.00,5055.00,5085.00,320335
16-Jul-14,5025.00,5125.00,5015.00,5115.00,305871
15-Jul-14,5080.00,5160.00,5025.00,5050.00,284377
14-Jul-14,5085.00,5185.00,5070.00,5085.00,401578
11-Jul-14,5105.00,5145.00,5050.00,5120.00,430242
10-Jul-14,5105.00,5250.00,5100.00,5235.00,443231
9-Jul-14,5055.00,5115.00,5015.00,5095.00,360329
8-Jul-14,4993.00,5030.00,4957.00,4957.00,278763
7-Jul-14,4996.00,5014.00,4957.04,4989.00,235946
4-Jul-14,5015.00,5050.00,4986.00,4996.00,139315
3-Jul-14,4975.00,4984.00,4924.00,4971.00,386291
2-Jul-14,4959.00,4990.00,4916.00,4975.00,307247
1-Jul-14,4952.00,5015.00,4934.00,4983.00,300793
30-Jun-14,4893.00,4903.50,4841.00,4873.49,269650
27-Jun-14,4859.00,4919.00,4848.00,4895.00,230280
26-Jun-14,4885.00,4951.11,4800.00,4828.00,277914
25-Jun-14,4878.00,4888.00,4812.00,4867.00,289095
24-Jun-14,4917.00,5017.88,4904.00,4905.00,359261
23-Jun-14,4807.00,4907.00,4794.00,4900.00,271847
20-Jun-14,4809.00,4833.00,4779.29,4812.00,523332
19-Jun-14,4650.00,4746.00,4641.00,4734.00,315494
18-Jun-14,4632.00,4646.00,4586.00,4620.00,241839
17-Jun-14,4598.00,4640.00,4503.00,4631.00,385021
16-Jun-14,4579.00,4641.00,4575.00,4615.00,430500
13-Jun-14,4564.00,4603.36,4543.00,4564.00,340202
12-Jun-14,4494.00,4595.00,4445.00,4566.00,392805
11-Jun-14,4408.00,4498.00,4400.00,4482.00,251672
10-Jun-14,4375.00,4424.00,4341.00,4407.00,188802
9-Jun-14,4369.00,4430.00,4357.00,4380.00,151073
6-Jun-14,4403.00,4410.90,4327.00,4356.00,306503
5-Jun-14,4350.00,4421.00,4303.00,4407.00,407685
4-Jun-14,4350.00,4388.00,4323.00,4384.00,216802
3-Jun-14,4400.00,4420.00,4311.00,4328.00,266059
2-Jun-14,4383.00,4422.00,4361.00,4398.78,195900
30-May-14,4483.00,4483.00,4353.00,4357.00,429962
29-May-14,4390.00,4510.00,4366.00,4491.78,232526
28-May-14,4439.00,4480.00,4415.00,4436.78,361274
27-May-14,4509.00,4536.00,4414.00,4428.00,329412
23-May-14,4523.00,4543.00,4469.00,4505.00,157767
22-May-14,4475.00,4551.00,4475.00,4509.55,212334
21-May-14,4471.00,4486.00,4423.00,4455.00,174203
20-May-14,4533.00,4547.00,4463.00,4470.00,210163
19-May-14,4539.00,4580.00,4517.00,4530.00,231942
16-May-14,4544.00,4558.00,4484.00,4534.00,218321
15-May-14,4602.00,4639.00,4536.00,4550.23,246465
14-May-14,4532.00,4645.00,4486.00,4608.23,283789
13-May-14,4600.00,4630.00,4552.00,4591.23,253239
12-May-14,4539.00,4626.00,4510.00,4603.23,237237
9-May-14,4549.00,4585.00,4519.00,4539.00,289100
8-May-14,4610.00,4713.00,4493.00,4530.00,390512
7-May-14,4771.00,4771.00,4627.00,4703.00,428873
6-May-14,4765.00,4794.00,4747.00,4772.24,346428
2-May-14,4685.00,4752.00,4657.00,4739.00,396020
1-May-14,4715.00,4717.00,4644.00,4678.00,165686
30-Apr-14,4802.00,4810.00,4709.00,4780.00,427559
29-Apr-14,4721.00,4748.00,4654.00,4742.47,327623
28-Apr-14,4680.00,4740.00,4669.00,4722.24,333737
25-Apr-14,4630.00,4712.00,4610.00,4676.00,257028
24-Apr-14,4670.00,4726.00,4634.00,4659.00,429052
23-Apr-14,4621.00,4705.34,4600.00,4700.00,306723
22-Apr-14,4684.00,4699.00,4598.00,4605.00,347230
17-Apr-14,4695.00,4729.00,4637.00,4718.00,299057
16-Apr-14,4745.00,4767.00,4674.00,4701.00,548291
15-Apr-14,4800.00,4834.00,4708.00,4727.00,928232
14-Apr-14,4685.00,4848.00,4685.00,4845.48,497374
11-Apr-14,4645.00,4716.00,4595.00,4675.00,419713
10-Apr-14,4700.00,4740.00,4675.00,4694.00,565538
9-Apr-14,4761.00,4791.00,4598.00,4627.00,522181
8-Apr-14,4700.00,4760.00,4675.00,4757.00,627959
7-Apr-14,4639.00,4699.00,4597.00,4675.00,329111
4-Apr-14,4582.00,4680.00,4582.00,4666.00,381952
3-Apr-14,4620.00,4657.00,4549.00,4582.00,412626
2-Apr-14,4515.00,4639.00,4515.00,4617.00,410267
1-Apr-14,4530.00,4538.73,4485.00,4508.37,324045
31-Mar-14,4549.00,4599.00,4482.00,4502.00,392389
28-Mar-14,4523.00,4583.00,4503.00,4534.00,393103
27-Mar-14,4563.00,4574.00,4476.00,4486.00,600313
26-Mar-14,4722.00,4747.38,4597.00,4608.00,417822
25-Mar-14,4643.00,4717.00,4637.00,4710.00,534357
24-Mar-14,4836.00,4836.00,4626.00,4627.00,565347
21-Mar-14,4830.00,4891.68,4825.00,4831.24,532136
20-Mar-14,4797.00,4848.25,4697.62,4831.00,575547
19-Mar-14,4883.00,4918.00,4772.00,4819.76,503335
18-Mar-14,4914.00,4923.00,4827.00,4884.00,552713
17-Mar-14,4989.00,5043.90,4965.00,4969.00,332155
14-Mar-14,4929.00,5060.00,4899.00,4996.00,478502
13-Mar-14,4944.00,4990.00,4893.00,4957.00,604497
12-Mar-14,4901.00,4985.00,4817.00,4927.00,630885
11-Mar-14,4898.00,4983.00,4847.00,4870.00,606570
10-Mar-14,4853.00,4921.00,4835.00,4896.00,525859
7-Mar-14,5050.00,5065.00,4832.00,4880.00,699706
6-Mar-14,5040.00,5110.00,5040.00,5065.00,315824
5-Mar-14,5000.00,5080.00,4935.00,5050.00,550573
4-Mar-14,4899.00,4932.00,4839.00,4881.00,756856
3-Mar-14,4865.00,4999.00,4842.00,4953.00,1021069
28-Feb-14,4810.00,4837.00,4726.00,4747.00,525681
27-Feb-14,4798.00,4878.00,4760.00,4866.00,557595
26-Feb-14,4890.00,4939.00,4794.00,4795.00,652853
25-Feb-14,4872.00,4887.00,4787.00,4871.00,693569
24-Feb-14,4814.00,4880.00,4780.00,4875.00,389722
21-Feb-14,4825.00,4895.00,4773.00,4833.00,517347
20-Feb-14,4753.00,4807.00,4714.00,4786.00,620874
19-Feb-14,4800.00,4885.00,4790.00,4838.00,399021
18-Feb-14,4840.00,4840.00,4760.00,4780.00,542990
17-Feb-14,4825.00,4938.00,4809.00,4857.00,272350
14-Feb-14,4707.00,4812.00,4693.00,4774.00,510761
13-Feb-14,4580.00,4692.00,4523.00,4687.00,658332
12-Feb-14,4692.00,4742.00,4599.00,4618.00,658435
11-Feb-14,4558.00,4708.00,4557.00,4705.00,799640
10-Feb-14,4463.00,4556.00,4456.00,4530.00,445783
7-Feb-14,4358.00,4448.00,4346.00,4424.00,410018
6-Feb-14,4419.00,4455.00,4300.00,4336.00,487331
5-Feb-14,4350.00,4437.00,4307.00,4406.00,532225
4-Feb-14,4383.00,4411.00,4293.00,4319.00,554775
3-Feb-14,4170.00,4476.00,4170.00,4455.00,808391
31-Jan-14,4128.00,4207.00,4126.00,4193.00,545742
30-Jan-14,4220.00,4235.00,4120.00,4142.00,411917
29-Jan-14,4158.00,4241.00,4121.00,4235.00,661661
28-Jan-14,4105.00,4137.00,4021.00,4105.00,593573
27-Jan-14,4233.00,4271.00,4142.00,4157.00,556804
24-Jan-14,4174.00,4329.00,4174.00,4285.09,1029722
23-Jan-14,4090.00,4228.00,4034.00,4188.00,644042
22-Jan-14,4128.00,4193.00,4077.00,4121.00,576993
21-Jan-14,4193.00,4225.00,4027.00,4112.00,678854
20-Jan-14,3935.00,4206.00,3921.00,4122.43,693109
17-Jan-14,3903.00,3959.00,3893.00,3955.00,508737
16-Jan-14,3818.00,3915.00,3807.00,3892.00,535388
15-Jan-14,3843.00,3853.00,3725.00,3790.00,552041
14-Jan-14,3865.00,3889.00,3808.00,3842.00,521109
13-Jan-14,3733.00,3843.00,3707.00,3835.00,440702
10-Jan-14,3621.00,3732.00,3600.00,3712.00,647474
9-Jan-14,3746.00,3746.00,3602.00,3608.00,701775
8-Jan-14,3752.00,3776.00,3726.00,3737.00,368250
7-Jan-14,3790.00,3798.00,3729.00,3749.00,353294
6-Jan-14,3878.00,3890.00,3786.00,3786.00,423278
3-Jan-14,3943.00,3971.00,3915.00,3924.00,293887
2-Jan-14,3839.00,3943.00,3766.00,3934.00,619491
31-Dec-13,3800.00,3802.00,3754.00,3790.00,52601
30-Dec-13,3788.00,3856.00,3783.00,3801.00,214514
27-Dec-13,3780.00,3835.00,3762.00,3811.00,230153
24-Dec-13,3740.00,3807.00,3740.00,3779.00,34659
23-Dec-13,3778.00,3781.00,3703.00,3751.00,252142
20-Dec-13,3823.00,3852.00,3716.00,3765.00,626130
19-Dec-13,3910.00,3910.00,3777.00,3811.00,431131
18-Dec-13,3947.00,3980.00,3901.00,3916.00,228565
17-Dec-13,3950.00,3967.00,3906.00,3933.00,344387
16-Dec-13,3945.00,3985.00,3907.00,3964.00,305904
13-Dec-13,3903.00,3981.00,3875.00,3964.00,315418
12-Dec-13,3960.00,3992.00,3844.00,3896.00,466679
11-Dec-13,4123.00,4136.00,4046.00,4051.00,402223
10-Dec-13,4000.00,4157.00,3963.00,4141.00,660676
9-Dec-13,4028.00,4030.00,3951.00,3977.00,369913
6-Dec-13,4031.00,4089.00,4007.00,4039.00,270033
5-Dec-13,4097.00,4119.00,4009.00,4039.00,371518
4-Dec-13,4005.00,4138.00,3975.00,4040.00,462980
3-Dec-13,4150.00,4178.00,3961.00,4017.00,713430
2-Dec-13,4316.00,4319.00,4155.00,4157.00,303258
29-Nov-13,4239.00,4370.00,4234.00,4346.00,317501
28-Nov-13,4218.00,4284.00,4203.00,4261.00,146359
27-Nov-13,4216.00,4271.00,4201.00,4235.00,245902
26-Nov-13,4286.00,4300.00,4185.00,4201.00,536841
25-Nov-13,4307.00,4321.00,4184.00,4215.00,394102
22-Nov-13,4360.00,4404.00,4287.00,4362.00,315808
21-Nov-13,4450.00,4473.00,4326.00,4365.00,389614
20-Nov-13,4594.00,4625.00,4465.00,4495.00,340900
19-Nov-13,4510.00,4639.00,4477.00,4621.00,362446
18-Nov-13,4562.00,4575.00,4505.00,4532.00,167883
15-Nov-13,4619.00,4653.00,4582.00,4586.00,321256
14-Nov-13,4507.00,4606.00,4473.00,4598.00,377379
13-Nov-13,4587.00,4587.00,4491.00,4509.00,395477
12-Nov-13,4720.00,4747.00,4590.00,4611.00,421636
11-Nov-13,4744.00,4744.00,4653.00,4688.00,262634
8-Nov-13,4771.00,4817.00,4668.00,4735.00,452232
7-Nov-13,4834.00,5025.00,4810.00,4885.00,661736
6-Nov-13,4590.00,4658.00,4566.00,4605.00,295082
5-Nov-13,4618.00,4683.00,4583.00,4613.00,325255
4-Nov-13,4512.00,4638.00,4505.00,4615.00,301554
1-Nov-13,4630.00,4645.00,4456.00,4507.00,316077
31-Oct-13,4770.00,4770.00,4610.00,4629.50,472188
30-Oct-13,4764.00,4850.00,4745.00,4800.00,354297
29-Oct-13,4835.00,4850.00,4712.00,4762.00,608827
28-Oct-13,4732.00,4938.00,4685.00,4851.00,520300
25-Oct-13,4624.00,4706.00,4624.00,4639.00,209960
24-Oct-13,4532.00,4656.00,4530.00,4642.00,278943
23-Oct-13,4646.00,-,-,4640.00,418491
22-Oct-13,4487.00,4676.00,4463.00,4665.00,339289
21-Oct-13,4463.00,4515.00,4450.00,4487.00,220001
18-Oct-13,4471.00,4507.00,4428.00,4463.00,310514
17-Oct-13,4339.00,4491.00,4245.00,4448.00,457121
16-Oct-13,4489.00,4535.00,4390.00,4393.00,346688
15-Oct-13,4380.00,4437.00,4315.00,4400.00,373279
14-Oct-13,4293.00,4357.00,4264.00,4337.00,212965
11-Oct-13,4338.00,4366.00,4247.00,4304.00,480022
10-Oct-13,4312.00,4363.00,4285.00,4336.00,279833
9-Oct-13,4335.00,4404.00,4279.00,4295.00,366374
8-Oct-13,4413.00,4424.00,4366.00,4420.00,286163
7-Oct-13,4341.00,4403.00,4315.00,4380.00,234612
4-Oct-13,4294.00,4360.00,4264.00,4355.00,245550
3-Oct-13,4330.00,4359.00,4284.00,4333.00,328586
2-Oct-13,4265.00,4413.00,4242.00,4396.00,373356
1-Oct-13,4454.00,4476.00,4262.00,4317.73,409951
30-Sep-13,4420.00,4470.00,4376.00,4423.52,399969
27-Sep-13,4500.00,4539.00,4423.00,4511.00,474791
26-Sep-13,4537.00,4584.00,4527.00,4545.00,283284
25-Sep-13,4490.00,4552.00,4470.00,4550.00,446399
24-Sep-13,4535.00,4564.00,4459.00,4493.00,528220
20-Sep-13,4792.00,4809.00,4659.00,4676.00,737886
19-Sep-13,4885.00,4971.00,4806.00,4841.00,890601
18-Sep-13,4572.00,4618.00,4462.00,4478.00,382388
17-Sep-13,4500.00,4604.00,4500.00,4545.00,449548
16-Sep-13,4563.00,4599.00,4458.00,4486.00,473431
13-Sep-13,4450.00,4516.00,4405.00,4504.00,789819
12-Sep-13,4570.00,4599.00,4465.00,4496.00,616026
11-Sep-13,4685.00,4685.00,4547.00,4614.00,513929
10-Sep-13,4890.00,4917.00,4683.00,4689.00,723450
9-Sep-13,4988.00,5015.00,4897.00,4914.00,350003
6-Sep-13,5025.00,5070.00,4955.00,4989.00,566742
5-Sep-13,5085.00,5115.00,5010.00,5055.00,314117
4-Sep-13,5050.00,5135.00,5040.00,5065.00,294948
3-Sep-13,5080.00,5170.00,5035.00,5120.00,325960
2-Sep-13,5120.00,5140.00,5060.00,5065.00,253963
30-Aug-13,5125.00,5130.00,5030.00,5085.00,479519
29-Aug-13,5050.00,5125.00,4994.00,5105.00,669655
28-Aug-13,5150.00,5250.00,5125.00,5195.00,533926
27-Aug-13,5210.00,5440.00,5160.00,5335.00,593078
23-Aug-13,5030.00,5170.00,5030.00,5125.00,389425
22-Aug-13,4977.00,5110.00,4976.00,5040.00,328300
21-Aug-13,5075.00,5095.00,4969.00,4998.00,376651
20-Aug-13,4977.00,5105.00,4917.00,5080.00,409494
19-Aug-13,5130.00,5145.00,4997.00,5052.88,359700
16-Aug-13,5045.00,5235.00,5010.00,5150.00,754673
15-Aug-13,4968.00,5005.00,4849.00,4890.00,568625
14-Aug-13,4882.00,4981.00,4835.00,4943.00,533598
13-Aug-13,4849.00,4956.00,4831.00,4867.00,661973
12-Aug-13,4801.00,4889.00,4681.00,4841.00,515372
9-Aug-13,4507.00,4746.00,4473.00,4697.13,625594
8-Aug-13,4295.00,4425.00,4291.00,4420.00,440401
7-Aug-13,4282.00,4392.00,4134.00,4366.00,565659
6-Aug-13,4600.00,4636.00,4407.00,4428.00,417652
5-Aug-13,4640.00,4756.00,4640.00,4688.00,450762
2-Aug-13,4800.00,4800.00,4700.00,4717.00,513169
1-Aug-13,4842.00,4957.00,4841.00,4914.00,501478
31-Jul-13,4798.00,4829.00,4751.00,4770.00,406541
30-Jul-13,4803.00,4843.00,4743.00,4823.00,336769
29-Jul-13,4717.00,4853.00,4653.00,4839.00,344807
26-Jul-13,4702.00,4746.00,4616.00,4679.18,401930
25-Jul-13,4713.00,4757.00,4617.00,4715.00,318193
24-Jul-13,4815.00,4872.00,4714.00,4784.46,420028
23-Jul-13,4800.00,4876.00,4770.00,4845.00,480710
22-Jul-13,4605.00,4788.00,4600.00,4709.73,598454
19-Jul-13,4430.00,4557.22,4370.00,4525.00,459441
18-Jul-13,4449.00,4494.00,4385.00,4452.28,408476
17-Jul-13,4475.00,4575.00,4446.00,4523.77,690351
16-Jul-13,4299.00,4493.00,4299.00,4479.00,590875
15-Jul-13,4389.00,4447.00,4257.00,4272.00,590078
12-Jul-13,4400.00,4427.00,4313.00,4393.00,689103
11-Jul-13,4215.00,4407.00,4215.00,4402.00,859838
10-Jul-13,4165.00,4177.12,4072.00,4105.00,603970
9-Jul-13,4155.00,4254.00,3993.21,4213.00,492480
8-Jul-13,4107.00,4172.00,4086.00,4143.00,355020
5-Jul-13,4305.00,4336.00,4050.00,4050.00,722565
4-Jul-13,4200.00,4371.78,4200.00,4301.00,298761
3-Jul-13,4165.00,4220.00,4113.00,4184.00,550956
2-Jul-13,4197.93,4282.00,4139.00,4149.00,470245
1-Jul-13,4168.00,4222.00,4104.00,4183.00,690109
28-Jun-13,4050.00,4124.00,3967.00,4085.00,1097416
27-Jun-13,3980.00,4081.00,3974.00,4043.43,509292
26-Jun-13,4056.00,4056.33,3934.00,3972.00,756522
25-Jun-13,4080.00,4124.00,4013.00,4069.86,586872
24-Jun-13,4256.00,4256.00,4085.00,4087.00,705827
21-Jun-13,4262.90,4403.00,4196.59,4281.99,801949
20-Jun-13,4500.00,4500.00,4282.00,4296.00,752264
19-Jun-13,4678.00,4715.00,4577.00,4630.23,484249
18-Jun-13,4711.00,4775.00,4648.00,4698.78,427826
17-Jun-13,4830.00,4869.00,4730.00,4767.90,329533
14-Jun-13,4794.00,4903.00,4756.00,4881.00,383738
13-Jun-13,4739.00,4849.00,4739.00,4759.00,407354
12-Jun-13,4850.00,4911.00,4789.00,4815.00,449837
11-Jun-13,4985.00,4989.00,4834.00,4926.00,460461
10-Jun-13,4997.00,5050.00,4962.00,5025.00,269885
7-Jun-13,5040.00,5110.00,5005.00,5050.00,292514
6-Jun-13,5040.00,5120.00,4964.00,4999.00,284343
5-Jun-13,5100.00,5175.00,5000.00,5060.00,359583
4-Jun-13,5245.00,5300.00,5115.00,5130.00,310529
3-Jun-13,5215.00,5237.39,5105.00,5210.00,342392
31-May-13,5240.00,5315.00,5205.50,5231.52,427112
30-May-13,5000.00,5240.00,5000.00,5225.00,376667
29-May-13,4877.00,4969.00,4821.00,4941.00,377337
28-May-13,4980.00,4998.00,4843.00,4945.00,395597
24-May-13,5065.00,5081.87,4974.00,4988.00,229355
23-May-13,4903.00,5070.05,4898.00,5030.00,372095
22-May-13,4914.00,5140.00,4792.00,5035.00,519237
21-May-13,4802.00,4961.00,4620.00,4931.00,639053
20-May-13,4661.00,4747.16,4594.00,4696.00,363667
17-May-13,4870.00,4890.63,4725.00,4757.00,384877
16-May-13,4800.00,4929.00,4670.00,4902.00,646018
15-May-13,4930.00,4945.00,4778.00,4800.00,561486
14-May-13,5035.00,5045.00,4921.00,4989.00,315116
13-May-13,5050.00,5131.62,5010.00,5060.00,251715
10-May-13,5215.00,5240.00,4973.00,5010.00,387835
9-May-13,5110.00,5230.00,5090.00,5225.00,248238
8-May-13,5015.00,5110.00,5010.00,5100.00,340658
7-May-13,5055.00,5070.00,4550.00,5005.00,679730
3-May-13,5070.00,5165.45,5030.00,5105.00,298500
2-May-13,5005.00,5155.00,4800.00,5120.00,686150
1-May-13,5245.00,5285.00,5090.00,5110.00,365230
30-Apr-13,5260.00,5300.00,5035.00,5060.00,596679
29-Apr-13,5225.00,5310.00,5199.38,5275.00,309350
26-Apr-13,5300.00,5325.00,5026.62,5026.62,433504
25-Apr-13,5235.00,5325.00,5164.66,5315.00,520136
24-Apr-13,4861.00,5051.55,4856.83,5045.00,429183
23-Apr-13,4840.00,4878.25,4758.00,4831.00,633895
22-Apr-13,4704.00,4920.74,4704.00,4870.00,630901
19-Apr-13,4682.00,4809.00,4619.00,4664.00,677783
18-Apr-13,4411.00,4636.00,4353.00,4613.00,643573
17-Apr-13,4600.00,4668.00,4520.00,4566.00,576318
16-Apr-13,4553.00,4800.00,4545.00,4672.00,847260
15-Apr-13,4849.00,4849.00,4452.00,4602.30,992089
12-Apr-13,5160.00,5215.00,4943.00,4958.00,542176
11-Apr-13,5320.00,5330.00,5185.00,5195.00,283569
10-Apr-13,5420.00,5478.75,5330.00,5340.00,305046
9-Apr-13,5290.00,5480.00,5290.00,5460.00,324875
8-Apr-13,5305.00,5370.00,5255.00,5295.00,264575
5-Apr-13,5245.00,5365.00,5170.00,5290.00,408739
4-Apr-13,5280.00,5375.00,5155.00,5160.00,475418
3-Apr-13,5510.00,5510.00,5353.60,5375.00,373178
2-Apr-13,5625.00,5690.00,5550.00,5590.00,221605
28-Mar-13,5680.00,5760.00,5616.50,5680.00,310404
27-Mar-13,5570.00,5705.00,5540.00,5670.00,178284
26-Mar-13,5575.00,5605.00,5510.00,5565.00,196198
25-Mar-13,5675.00,5675.00,5560.00,5561.56,212447
22-Mar-13,5620.00,5690.00,5605.00,5635.00,208596
21-Mar-13,5520.00,5645.00,5445.00,5635.00,252114
20-Mar-13,5510.00,5560.00,5475.00,5495.00,222866
19-Mar-13,5520.00,5555.00,5420.00,5535.00,249007
18-Mar-13,5440.00,5570.00,5425.00,5520.00,248431
15-Mar-13,5525.00,5605.00,5475.00,5492.74,356474
14-Mar-13,5530.00,5555.00,5475.00,5515.00,278194
13-Mar-13,5545.00,5581.51,5485.00,5510.00,277355
12-Mar-13,5460.00,5635.00,5430.00,5565.00,248165
11-Mar-13,5445.00,5472.53,5405.00,5455.00,157038
8-Mar-13,5510.00,5510.54,5325.00,5445.00,464744
7-Mar-13,5585.00,5610.00,5500.00,5515.00,360670
6-Mar-13,5450.00,5515.00,5365.00,5500.00,335290
5-Mar-13,5370.00,5465.00,5345.00,5420.00,287858
4-Mar-13,5410.00,5420.00,5335.00,5385.00,161373
1-Mar-13,5475.00,5487.14,5400.00,5430.00,541367
28-Feb-13,5600.00,5625.00,5455.00,5486.76,336307
27-Feb-13,5630.00,5670.00,5565.00,5630.00,265214
26-Feb-13,5420.00,5625.00,5410.00,5530.00,402584
25-Feb-13,5380.00,5495.00,5370.00,5475.00,320769
22-Feb-13,5425.00,5505.00,5335.00,5390.00,339366
21-Feb-13,5410.00,5475.00,5331.60,5450.00,349967
20-Feb-13,5555.00,5630.88,5485.00,5510.00,265892
19-Feb-13,5535.00,5581.73,5530.00,5550.00,214968
18-Feb-13,5585.00,5635.17,5545.00,5545.00,130693
15-Feb-13,5655.00,5720.00,5550.00,5580.00,451685
14-Feb-13,5840.00,5880.84,5754.20,5800.00,218241
13-Feb-13,5775.00,5895.00,5775.00,5871.00,212506
12-Feb-13,5825.00,5855.77,5750.00,5785.00,247155
11-Feb-13,5985.00,6005.00,5798.00,5845.00,265845
8-Feb-13,6085.00,6110.00,5985.00,6021.42,225943
7-Feb-13,6185.00,6190.00,6055.00,6120.00,275769
6-Feb-13,6185.00,6245.00,6160.00,6185.00,130356
5-Feb-13,6255.00,6320.00,6143.60,6155.00,228224
4-Feb-13,6145.00,6465.88,6075.00,6309.70,490308
1-Feb-13,6010.00,6095.00,5997.50,6085.00,321829
31-Jan-13,6040.00,6100.00,5965.00,5970.00,352696
30-Jan-13,6090.00,6105.00,6026.80,6085.00,178120
29-Jan-13,5990.00,6090.00,5990.00,6090.00,230080
28-Jan-13,6018.50,6080.00,6000.00,6005.00,159694
25-Jan-13,6120.00,6150.00,5965.00,6130.00,230345
24-Jan-13,6200.00,6200.00,6125.00,6165.00,210596
23-Jan-13,6125.00,6203.00,6080.00,6100.00,268743
22-Jan-13,5915.00,6030.00,5820.00,5947.62,267210
21-Jan-13,5845.00,5930.00,5825.00,5910.00,97675
18-Jan-13,5865.00,5898.42,5803.60,5815.00,203784
17-Jan-13,5850.00,5890.00,5790.00,5840.00,165985
16-Jan-13,5870.00,5920.00,5820.00,5890.00,243523
15-Jan-13,5865.00,5942.78,5825.00,5890.00,153576
14-Jan-13,5875.00,5920.00,5845.00,5885.00,190733
11-Jan-13,5945.00,5948.28,5821.25,5900.00,351934
10-Jan-13,5880.00,6023.02,5836.25,5950.00,256050
9-Jan-13,5795.00,5872.00,5775.00,5860.00,245185
8-Jan-13,5855.00,5871.98,5765.00,5780.00,239099
7-Jan-13,5955.00,5975.00,5835.00,5875.00,204662
4-Jan-13,6105.00,6110.00,5885.00,5975.00,372162
3-Jan-13,6205.00,6260.00,6123.37,6230.00,204885
2-Jan-13,6110.00,6260.32,6100.00,6245.00,288963
31-Dec-12,5990.00,6055.00,5912.24,5950.00,30685
28-Dec-12,6090.00,6110.00,5998.70,6010.00,184488
27-Dec-12,6120.00,6190.00,6015.00,6090.00,201927
24-Dec-12,6105.00,6155.00,6050.00,6120.00,57826
21-Dec-12,5985.00,6155.00,5955.00,6125.00,336814
20-Dec-12,6070.00,6130.00,5960.00,5965.00,269721
19-Dec-12,6145.00,6245.00,6085.00,6105.00,214961
18-Dec-12,6225.00,6285.00,6145.00,6150.00,304956
17-Dec-12,6205.00,6240.00,6170.00,6220.00,224620
14-Dec-12,6240.00,6324.57,6185.00,6240.00,316980
13-Dec-12,6390.00,6390.00,6195.00,6275.44,302980
12-Dec-12,6365.00,6425.00,6305.00,6345.00,158035
11-Dec-12,6400.00,6405.00,6290.00,6330.00,257975
10-Dec-12,6375.00,6470.00,6360.00,6385.00,142359
7-Dec-12,6410.00,6455.00,6370.00,6390.00,181715
6-Dec-12,6410.00,6435.00,6315.00,6395.00,254843
5-Dec-12,6540.00,6620.00,6402.70,6480.00,305363
4-Dec-12,6580.00,6670.00,6460.00,6480.00,417875
3-Dec-12,6700.00,6700.91,6640.00,6665.00,166719
30-Nov-12,6630.00,6755.00,6615.00,6665.00,245335
29-Nov-12,6605.00,6695.00,6595.00,6640.02,288860
28-Nov-12,6515.00,6600.00,6460.00,6580.00,302880
27-Nov-12,6630.00,6660.00,6530.00,6565.00,160165
26-Nov-12,6670.00,6670.00,6480.00,6540.00,264238
23-Nov-12,6560.00,6715.00,6525.00,6655.00,184531
22-Nov-12,6585.00,6655.00,6580.00,6580.00,145553
21-Nov-12,6615.00,6620.00,6505.00,6570.00,190917
20-Nov-12,6660.00,6735.00,6615.00,6670.00,266864
19-Nov-12,6445.00,6665.62,6440.00,6655.00,287979
16-Nov-12,6440.00,6482.50,6350.00,6350.00,255550
15-Nov-12,6400.00,6600.00,6340.00,6475.00,527355
14-Nov-12,6840.00,6935.00,6573.03,6575.00,479269
13-Nov-12,6850.00,6935.00,6765.00,6930.00,395904
12-Nov-12,7050.00,7055.00,6915.00,6950.00,217606
9-Nov-12,7200.00,7250.00,6985.00,7006.46,325287
8-Nov-12,7135.00,7155.00,7005.00,7070.00,345613
7-Nov-12,7250.00,7274.18,6883.53,6950.00,723220
6-Nov-12,7335.00,7440.00,7335.00,7395.00,175474
5-Nov-12,7265.00,7385.00,7235.00,7325.00,149369
2-Nov-12,7410.00,7495.00,7255.00,7325.00,345709
1-Nov-12,7385.00,7455.00,7335.00,7435.00,180728
31-Oct-12,7245.00,7432.00,7241.65,7400.00,327770
30-Oct-12,7320.00,7410.00,7230.00,7250.00,237512
29-Oct-12,7320.00,7390.00,7275.00,7335.00,94910
26-Oct-12,7380.00,7455.00,7295.00,7375.00,224036
25-Oct-12,7330.00,7505.00,7330.00,7425.00,280118
24-Oct-12,7425.00,7472.17,7340.00,7380.00,225387
23-Oct-12,7630.00,7633.88,7405.00,7430.00,250646
22-Oct-12,7590.00,7651.55,7515.00,7615.00,272613
19-Oct-12,7505.00,7585.00,7365.92,7415.00,321969
18-Oct-12,7770.00,7785.00,7535.00,7570.00,307661
17-Oct-12,7700.00,7810.00,7690.00,7745.00,268621
16-Oct-12,7600.00,7740.00,7600.00,7705.00,246862
15-Oct-12,7545.00,7714.51,7515.00,7540.00,423938
12-Oct-12,7645.00,7720.00,7600.00,7605.00,170230
11-Oct-12,7675.00,7745.00,7626.54,7675.00,255266
10-Oct-12,7665.00,7700.00,7515.00,7600.00,290120
9-Oct-12,7805.00,7870.00,7720.00,7750.00,233256
8-Oct-12,7695.00,7790.00,7643.60,7770.00,184946
5-Oct-12,7785.00,7860.00,7745.00,7775.00,308836
4-Oct-12,7660.00,7835.00,7655.00,7755.00,393885
3-Oct-12,7625.00,7770.00,7605.00,7735.00,225398
2-Oct-12,7805.00,7891.87,7735.00,7770.00,358687
1-Oct-12,7605.00,7701.05,7580.00,7665.00,311078
28-Sep-12,7570.00,7670.00,7510.00,7615.00,299486
27-Sep-12,7375.00,7495.00,7330.00,7475.00,271801
26-Sep-12,7340.00,7410.00,7258.45,7335.00,429641
25-Sep-12,7500.00,7500.00,7380.00,7435.00,342262
24-Sep-12,7530.00,7530.00,7369.20,7395.00,405248
21-Sep-12,7430.00,7605.00,7335.00,7517.74,538938
20-Sep-12,7415.00,7465.00,7375.20,7440.00,425430
19-Sep-12,7450.00,7530.00,7430.00,7500.00,293095
18-Sep-12,7410.00,7460.00,7310.00,7415.00,426487
17-Sep-12,7440.00,7515.00,7380.00,7455.00,288627
14-Sep-12,7165.00,7520.00,7140.00,7415.00,748342
13-Sep-12,6840.00,6940.00,6795.00,6830.00,232528
12-Sep-12,6875.00,7030.00,6765.00,6885.00,325292
11-Sep-12,6920.00,7006.79,6840.00,6950.00,328244
10-Sep-12,6970.00,7076.77,6950.00,7025.00,369696
7-Sep-12,6830.00,7135.00,6795.00,7050.00,575650
6-Sep-12,6510.00,6830.74,6506.40,6795.00,758708
5-Sep-12,6405.00,6520.00,6370.00,6455.00,309943
4-Sep-12,6430.00,6450.00,6345.00,6395.00,278356
3-Sep-12,6395.00,6480.00,6382.20,6425.00,180659
31-Aug-12,6190.00,6375.00,6175.00,6322.53,379061
30-Aug-12,6215.00,6230.00,6130.00,6180.00,167832
29-Aug-12,6275.00,6286.15,6190.00,6215.00,247449
28-Aug-12,6325.00,6355.00,6235.00,6300.00,144780
24-Aug-12,6365.00,6395.19,6250.00,6370.00,174026
23-Aug-12,6215.00,6440.00,6215.00,6400.00,408146
22-Aug-12,6205.00,6245.00,6125.00,6145.00,227203
21-Aug-12,6195.00,6335.00,6150.00,6315.00,233243
20-Aug-12,6215.00,6230.00,6125.00,6165.00,142415
17-Aug-12,6205.00,6245.00,6150.00,6240.00,135616
16-Aug-12,6180.00,6225.00,6165.00,6205.00,164055
15-Aug-12,6165.00,6205.00,6045.00,6118.00,201820
14-Aug-12,6255.00,6296.16,6150.00,6215.00,212086
13-Aug-12,6360.00,6365.00,6255.00,6280.00,172304
10-Aug-12,6255.00,6375.00,6220.00,6355.00,180861
9-Aug-12,6300.00,6450.00,6185.00,6290.00,325023
8-Aug-12,6085.00,6210.00,6075.00,6190.00,230650
7-Aug-12,5980.00,6085.00,5960.00,6085.00,207007
6-Aug-12,5805.00,5980.00,5785.00,5855.35,143852
3-Aug-12,5780.00,5860.00,5715.00,5795.00,191131
2-Aug-12,5695.00,5795.00,5655.00,5700.00,232010
1-Aug-12,5740.00,5805.00,5570.00,5680.00,394855
31-Jul-12,5845.00,5925.00,5800.00,5800.00,172749
30-Jul-12,5755.00,5860.00,5736.75,5805.00,169674
27-Jul-12,5685.00,5776.00,5670.00,5750.00,216279
26-Jul-12,5630.00,5695.00,5560.00,5670.00,285046
25-Jul-12,5390.00,5625.00,5385.00,5575.00,268415
24-Jul-12,5410.00,5480.00,5400.00,5433.08,160081
23-Jul-12,5460.00,5481.84,5335.00,5410.00,260981
20-Jul-12,5595.00,5645.00,5510.00,5520.00,239528
19-Jul-12,5655.00,5710.00,5610.00,5635.00,272651
18-Jul-12,5695.00,5745.00,5650.00,5710.00,165071
17-Jul-12,5800.00,5835.00,5650.00,5650.00,238151
16-Jul-12,5820.00,5850.00,5745.00,5805.00,207518
13-Jul-12,5795.00,5935.00,5765.00,5925.00,295822
12-Jul-12,5755.00,5785.68,5645.00,5758.50,381264
11-Jul-12,5825.00,5860.00,5725.00,5817.84,270797
10-Jul-12,5850.00,5940.00,5815.00,5865.00,182439
9-Jul-12,5900.00,5920.00,5795.00,5885.30,208426
6-Jul-12,5990.00,6030.02,5935.00,5945.00,277774
5-Jul-12,5985.00,6132.61,5945.00,6020.09,293080
4-Jul-12,5950.00,6035.00,5950.00,6000.00,105752
3-Jul-12,5790.00,6000.00,5790.00,5985.00,243273
2-Jul-12,5725.00,5805.00,5685.00,5800.00,177107
29-Jun-12,5730.00,5790.00,5680.00,5735.00,253243
28-Jun-12,5740.00,5770.00,5620.00,5732.87,201556
27-Jun-12,5760.00,5804.62,5665.00,5750.00,202749
26-Jun-12,5765.00,5816.85,5660.00,5725.00,299571
25-Jun-12,5680.00,5824.16,5640.00,5680.00,295420
22-Jun-12,5765.00,5766.98,5675.00,5703.65,258780
21-Jun-12,5945.00,6005.00,5805.00,5950.00,377302
20-Jun-12,6060.00,6090.00,5905.00,5995.00,314399
19-Jun-12,5995.00,6090.00,5995.00,6035.00,285604
18-Jun-12,5965.00,6020.00,5875.00,5980.00,280206
15-Jun-12,5950.00,6110.00,5940.00,5970.00,481606
14-Jun-12,5910.00,5910.62,5810.00,5885.00,304082
13-Jun-12,5760.00,5885.00,5735.00,5885.00,335280
12-Jun-12,5615.00,5765.00,5605.00,5653.66,305375
11-Jun-12,5765.00,5765.00,5560.00,5600.00,311134
8-Jun-12,5605.00,5650.00,5515.00,5625.00,394117
7-Jun-12,5950.00,5975.00,5635.00,5645.00,635273
6-Jun-12,5740.00,6040.00,5700.00,5868.99,527273
1-Jun-12,5170.00,5570.00,5105.00,5555.00,692243
31-May-12,5155.00,5223.56,5125.00,5205.39,547065
30-May-12,5155.00,5165.00,5055.00,5120.00,282248
29-May-12,5185.00,5260.62,5155.00,5205.00,245323
28-May-12,5185.00,5255.00,5085.00,5105.00,117937
25-May-12,5160.00,5182.50,5045.00,5140.93,350594
24-May-12,4990.00,5200.00,4988.00,5170.00,513551
23-May-12,4916.00,4916.00,4752.00,4787.00,513912
22-May-12,5000.00,5035.00,4914.00,4992.00,505627
21-May-12,4849.00,4950.00,4798.00,4933.00,575593
18-May-12,4777.00,4914.54,4747.00,4894.00,694634
17-May-12,4645.00,4877.00,4616.00,4855.00,914578
16-May-12,4528.00,4685.00,4480.00,4640.00,719988
15-May-12,4655.00,4738.00,4565.00,4596.00,473692
14-May-12,4795.00,4795.00,4649.00,4703.00,356384
11-May-12,4836.00,4859.00,4710.93,4851.00,449649
10-May-12,4850.00,4887.00,4748.00,4833.00,450306
9-May-12,4797.00,4819.00,4690.00,4807.00,794526
8-May-12,5075.00,5081.40,4769.00,4773.00,609138
4-May-12,5100.00,5168.87,5000.00,5120.00,509364
3-May-12,5395.00,5411.74,5110.00,5150.00,426277
2-May-12,5400.00,5470.00,5320.00,5350.00,311607
1-May-12,5415.00,5460.00,5275.00,5337.50,343639
30-Apr-12,5550.00,5568.75,5415.00,5425.00,323668
27-Apr-12,5565.00,5690.00,5555.00,5615.00,270447
26-Apr-12,5430.00,5643.37,5425.00,5620.00,414214
25-Apr-12,5300.00,5380.00,5285.00,5345.00,238602
24-Apr-12,5250.00,5331.80,5230.00,5270.00,288562
23-Apr-12,5390.00,5416.25,5225.00,5280.00,267607
20-Apr-12,5455.00,5495.00,5395.00,5440.00,195396
19-Apr-12,5450.00,5520.00,5430.00,5445.00,225986
18-Apr-12,5485.00,5585.00,5405.00,5420.00,384765
17-Apr-12,5475.00,5500.00,5379.20,5490.00,411650
16-Apr-12,5565.00,5650.50,5520.00,5550.00,314198
13-Apr-12,5620.00,5655.00,5528.70,5565.00,393544
12-Apr-12,5445.00,5628.39,5410.00,5525.00,586895
11-Apr-12,5450.00,5500.00,5370.00,5405.00,475521
10-Apr-12,5630.00,5693.75,5425.00,5617.72,687617
5-Apr-12,5150.00,5220.00,5070.00,5175.40,394544
4-Apr-12,5250.00,5310.00,5130.00,5250.00,487792
3-Apr-12,5410.00,5425.00,5280.00,5280.00,304336
2-Apr-12,5425.00,5546.88,5192.23,5420.00,679761
30-Mar-12,5565.00,5575.00,5370.00,5370.00,729851
29-Mar-12,5480.00,5573.24,5445.00,5470.00,482462
28-Mar-12,5595.00,5631.13,5470.00,5490.00,587371
27-Mar-12,5760.00,5815.11,5610.00,5625.00,376943
26-Mar-12,5725.00,5935.00,5080.16,5780.00,677211
23-Mar-12,5700.00,5739.35,5410.00,5700.00,1210364
22-Mar-12,5938.50,6070.00,5500.00,5765.00,2277758
21-Mar-12,6475.00,6650.00,6455.00,6595.00,476758
20-Mar-12,6440.00,6450.00,6315.00,6390.00,525514
19-Mar-12,6450.00,6579.24,6420.00,6560.00,482191
16-Mar-12,6625.00,7095.00,6480.00,6490.00,541071
15-Mar-12,6860.00,7095.00,6650.00,6650.00,502365
14-Mar-12,7215.00,7218.00,6830.00,6850.00,526459
13-Mar-12,7220.00,7230.00,7085.00,7110.00,242621
12-Mar-12,7200.00,7200.00,7113.56,7165.00,204300
9-Mar-12,7080.00,7205.00,7030.00,7195.00,271972
8-Mar-12,6975.00,7175.00,6975.00,7045.00,307123
7-Mar-12,6890.00,6986.67,6885.00,6935.00,191151
6-Mar-12,7005.00,7005.00,6825.00,6860.00,320264
5-Mar-12,7170.00,7185.00,7005.00,7030.00,283546
2-Mar-12,7265.00,7300.00,7175.00,7210.00,185596
1-Mar-12,7220.00,7350.00,7185.00,7295.00,273123
29-Feb-12,7425.00,7450.00,7185.00,7197.41,377904
28-Feb-12,7275.00,7425.00,7270.00,7410.00,221768
27-Feb-12,7290.00,7335.00,7225.00,7335.00,182169
24-Feb-12,7450.00,7455.00,7305.00,7335.00,213353
23-Feb-12,7295.00,7505.00,7260.00,7500.00,409010
22-Feb-12,7165.00,7280.00,7113.55,7245.00,221806
21-Feb-12,7160.00,7175.00,7041.93,7135.00,205769
20-Feb-12,7100.00,7165.00,7080.00,7135.00,126027
17-Feb-12,7075.00,7215.00,7030.00,7060.00,300767
16-Feb-12,7115.00,7120.00,6930.00,6980.00,217039
15-Feb-12,7195.00,7225.00,7120.00,7155.00,189928
14-Feb-12,7110.00,7199.37,7100.00,7155.00,210479
13-Feb-12,7245.00,7250.00,7115.00,7145.00,155244
10-Feb-12,7235.00,7265.24,7100.00,7200.00,307765
9-Feb-12,7265.00,7325.00,7175.00,7305.00,245046
8-Feb-12,7220.00,7325.00,7220.00,7245.00,297333
7-Feb-12,7450.00,7486.40,7255.00,7295.00,436686
6-Feb-12,7400.00,7720.00,7060.00,7565.00,355998
3-Feb-12,7445.00,7510.00,7275.00,7400.00,315486
2-Feb-12,7355.00,7545.00,7320.00,7420.00,408467
1-Feb-12,7250.00,7365.00,7190.00,7300.00,279147
31-Jan-12,7285.00,7320.96,7165.00,7165.00,390115
30-Jan-12,7210.00,7265.00,7175.00,7245.00,334694
27-Jan-12,7125.00,7309.85,7125.00,7260.00,394505
26-Jan-12,6960.00,7175.00,6960.00,7170.00,406867
25-Jan-12,6865.00,6959.04,6795.00,6825.00,320168
24-Jan-12,7065.00,7080.00,6915.00,6965.00,357743
23-Jan-12,7015.00,7130.00,7005.00,7115.00,238452
20-Jan-12,7170.00,7175.00,7025.00,7055.00,465027
19-Jan-12,7260.00,7380.00,7175.00,7175.00,342965
18-Jan-12,7200.00,7260.00,7126.88,7260.00,282109
17-Jan-12,7325.00,7350.00,7155.00,7205.00,169796
16-Jan-12,7080.00,7215.00,7062.50,7215.00,128147
13-Jan-12,7275.00,7295.00,7030.00,7115.00,241350
12-Jan-12,7125.00,7290.00,7120.00,7235.00,300989
11-Jan-12,7200.00,7205.00,7065.00,7105.00,291599
10-Jan-12,7005.00,7285.00,6970.00,7220.00,333979
9-Jan-12,6970.00,7050.00,6875.00,6900.00,237027
6-Jan-12,6990.00,7079.50,6935.00,7000.00,237010
5-Jan-12,6970.00,7015.00,6900.00,6960.00,280995
4-Jan-12,6910.00,7005.00,6870.00,6935.00,275740
3-Jan-12,6670.00,6910.00,6670.00,6910.00,349291
30-Dec-11,6545.00,6637.20,6545.00,6585.00,91500
29-Dec-11,6570.00,6614.90,6435.00,6545.00,279009
28-Dec-11,6635.00,6690.00,6540.00,6540.00,232137
23-Dec-11,-,-,-,6650.00,0
22-Dec-11,6700.00,6735.00,6540.00,6585.00,227525
21-Dec-11,6770.00,6810.00,6655.00,6700.00,313385
20-Dec-11,6500.00,6800.00,6445.00,6700.00,436478
19-Dec-11,6485.00,6585.00,6410.00,6495.00,331472
16-Dec-11,6420.00,6555.00,6400.00,6515.00,563728
15-Dec-11,6395.00,6550.00,6285.00,6385.00,553426
14-Dec-11,6665.00,6700.00,6350.00,6360.00,653264
13-Dec-11,6695.00,6860.00,6690.00,6770.00,247335
12-Dec-11,6870.00,6905.00,6655.00,6655.00,286745
9-Dec-11,6780.00,6945.00,6780.00,6870.00,234058
8-Dec-11,6980.00,7070.00,6790.00,6820.00,570852
7-Dec-11,6815.00,6990.00,6800.00,6945.00,401156
6-Dec-11,6625.00,6745.00,6625.00,6710.00,271632
5-Dec-11,6710.00,6790.00,6640.00,6715.00,259665
2-Dec-11,6795.00,6940.00,6685.00,6700.00,272455
1-Dec-11,6775.00,6855.89,6645.00,6750.00,249135
30-Nov-11,6640.00,6853.77,6264.60,6715.00,698707
29-Nov-11,6270.00,6640.00,6237.05,6600.00,707650
28-Nov-11,6575.00,6610.00,6200.00,6240.00,807649
25-Nov-11,6800.00,6813.75,6670.00,6775.00,259393
24-Nov-11,6795.00,6911.46,6760.00,6790.00,187711
23-Nov-11,6910.00,6960.00,6765.00,6810.00,373196
22-Nov-11,6820.00,6960.00,6775.00,6875.00,435897
21-Nov-11,7065.00,7065.00,6745.00,6750.00,472828
18-Nov-11,7295.00,7328.13,7160.00,7160.00,350921
17-Nov-11,7515.00,7478.12,7332.52,7315.00,357275
16-Nov-11,7430.00,7530.00,7360.00,7515.00,352738
15-Nov-11,7355.00,7480.50,7303.75,7450.00,289990
14-Nov-11,7430.00,7438.12,7315.00,7400.00,266669
11-Nov-11,7250.00,7400.00,7220.00,7400.00,290680
10-Nov-11,7340.00,7465.00,7180.00,7250.00,514083
9-Nov-11,7385.00,7565.00,7335.00,7555.00,633033
8-Nov-11,7415.00,7460.00,7350.00,7380.00,374416
7-Nov-11,7270.00,7475.00,7240.00,7455.00,312628
4-Nov-11,7400.00,7485.00,7255.00,7310.00,306709
3-Nov-11,7050.00,7391.46,7030.00,7355.00,578785
2-Nov-11,6935.00,7330.00,6915.00,7235.00,539213
1-Nov-11,6745.00,6785.00,6635.00,6735.00,350564
31-Oct-11,6865.00,6965.00,6795.00,6795.00,323459
28-Oct-11,6870.00,7095.00,6780.00,7040.00,389178
27-Oct-11,7030.00,7030.00,6805.00,6860.00,372782
26-Oct-11,6840.00,6905.00,6760.00,6880.00,345229
25-Oct-11,6470.00,6710.00,6400.00,6710.00,422429
24-Oct-11,6330.00,6445.00,6285.00,6435.00,388369
21-Oct-11,6280.00,6345.00,6235.00,6280.00,337464
20-Oct-11,6300.00,6445.00,6225.00,6285.00,409489
19-Oct-11,6430.00,6515.00,6335.00,6385.00,300949
18-Oct-11,6415.00,6450.00,6240.00,6335.00,271971
17-Oct-11,6490.00,6570.00,6365.00,6450.00,252855
14-Oct-11,6425.00,6555.00,6420.00,6485.00,256140
13-Oct-11,6590.00,6675.00,6390.00,6480.00,362214
12-Oct-11,6520.00,6715.00,6460.00,6595.00,353998
11-Oct-11,6450.00,6485.00,6345.00,6410.00,223561
10-Oct-11,6415.00,6555.00,6360.00,6490.00,266632
7-Oct-11,6350.00,6560.00,6350.00,6400.00,319362
6-Oct-11,6265.00,6485.00,6230.00,6480.00,423045
5-Oct-11,6080.00,6170.00,5953.75,6145.00,464601
4-Oct-11,6485.00,6522.31,6110.00,6125.00,400185
3-Oct-11,6210.00,6535.00,6210.00,6520.00,440497
30-Sep-11,6120.00,6290.00,6040.00,6290.00,409719
29-Sep-11,6265.00,6285.00,6090.00,6130.00,287193
28-Sep-11,6420.00,6480.00,6295.00,6295.00,294965
27-Sep-11,6360.00,6575.00,6330.00,6485.00,562566
26-Sep-11,6180.00,6255.00,6025.00,6170.00,687306
23-Sep-11,6670.00,6761.11,6315.00,6350.00,586708
22-Sep-11,6985.00,7060.00,6640.00,6665.00,547478
21-Sep-11,7195.00,7315.00,7150.00,7180.00,257735
20-Sep-11,7080.00,7230.00,0.00,7215.00,336091
19-Sep-11,6830.00,7130.00,6825.00,7065.00,507295
16-Sep-11,6790.00,6985.00,6680.00,6955.00,704740
15-Sep-11,6925.00,7005.00,6670.00,6730.00,711843
14-Sep-11,6890.00,7060.00,6890.00,6935.00,346230
13-Sep-11,6980.00,7030.00,6850.00,6970.00,465946
12-Sep-11,6940.00,7050.00,6835.00,6910.00,278981
9-Sep-11,7040.00,7135.00,7000.00,7070.00,467647
8-Sep-11,6800.00,7055.00,6800.00,7040.00,740722
7-Sep-11,6825.00,6865.00,6655.00,6780.00,513493
6-Sep-11,6770.00,7070.00,6720.00,6940.00,782441
5-Sep-11,6610.00,6765.82,6605.00,6735.00,371668
2-Sep-11,6425.00,6695.00,6365.00,6670.00,383597
1-Sep-11,6480.00,6490.00,6360.00,6395.00,481262
31-Aug-11,6455.00,6545.00,6415.00,6485.00,547499
30-Aug-11,6250.00,6470.00,6135.00,6470.00,495907
26-Aug-11,-,-,-,6340.00,0
25-Aug-11,6465.00,6470.00,6170.00,6270.00,776963
24-Aug-11,6485.00,6665.00,6315.00,6410.00,847990
23-Aug-11,6935.00,6935.00,6675.00,6640.00,506516
22-Aug-11,6600.00,6920.00,6546.92,6870.00,185333
19-Aug-11,6400.00,6630.00,6291.30,6610.00,865206
18-Aug-11,6350.00,6490.00,6350.00,6415.00,372398
17-Aug-11,6400.00,6490.00,6375.00,6440.00,325861
16-Aug-11,6225.00,6435.00,6205.00,6435.00,441746
15-Aug-11,6240.00,6260.00,6135.00,6180.00,282773
12-Aug-11,6220.00,6310.00,6115.00,6170.00,503900
11-Aug-11,6505.00,6510.00,6165.00,6185.00,564735
10-Aug-11,6180.00,6425.00,6105.00,6385.00,599225
9-Aug-11,6265.00,6370.00,5965.00,6120.00,799109
8-Aug-11,5795.00,6200.00,5795.00,6145.00,618529
5-Aug-11,5800.00,5850.00,5710.00,5720.00,664245
4-Aug-11,5800.00,6030.00,5710.00,5920.00,894881
3-Aug-11,5500.00,5630.00,5500.00,5555.00,351538
2-Aug-11,5505.00,5590.00,5480.00,5565.00,336421
1-Aug-11,5570.00,5595.00,5490.00,5535.00,297460
29-Jul-11,5515.00,5610.00,5500.00,5555.00,268156
28-Jul-11,5570.00,5650.00,5535.00,5555.00,231143
27-Jul-11,5605.00,5720.00,5595.00,5635.00,387059
26-Jul-11,5630.00,5640.00,5575.00,5600.00,277769
25-Jul-11,5585.00,5675.00,5570.00,5625.00,216748
22-Jul-11,5570.00,5605.00,5521.06,5595.00,231939
21-Jul-11,5540.00,5585.00,5495.00,5550.00,366570
20-Jul-11,5555.00,5555.00,5440.00,5520.00,310552
19-Jul-11,5600.00,5610.00,5500.00,5525.00,310639
18-Jul-11,5430.00,5585.00,5430.00,5560.00,314537
15-Jul-11,5420.00,5510.00,5405.00,5465.00,249324
14-Jul-11,5410.00,5555.00,5400.00,5465.00,449669
13-Jul-11,5240.00,5461.22,5240.00,5440.00,316141
12-Jul-11,5180.00,5240.00,5160.00,5215.00,324575
11-Jul-11,5225.00,5325.00,5210.00,5240.00,377197
8-Jul-11,5295.00,5300.00,5215.00,5255.00,224630
7-Jul-11,5225.00,5290.00,5200.00,5285.00,303184
6-Jul-11,5155.00,5185.00,5125.00,5185.00,218929
5-Jul-11,5165.00,5185.00,5135.00,5155.00,127701
4-Jul-11,5165.00,5185.00,5135.00,5160.00,146260
1-Jul-11,5220.00,5230.00,5165.00,5175.00,367409
30-Jun-11,5200.00,5275.00,5190.00,5255.00,192233
29-Jun-11,5090.00,5215.00,5075.00,5205.00,328352
28-Jun-11,5020.00,5095.00,5005.00,5055.00,231767
27-Jun-11,4944.00,5025.00,4914.00,5003.08,297485
24-Jun-11,4980.00,5060.00,4731.74,5025.00,394559
23-Jun-11,4890.00,4940.00,4857.00,4920.00,470709
22-Jun-11,4787.00,4951.00,4771.00,4945.00,532618
21-Jun-11,4673.00,4791.00,4637.00,4783.00,388261
20-Jun-11,4652.00,4679.00,4583.00,4637.00,358966
17-Jun-11,4581.00,4696.00,4550.00,4679.00,582073
16-Jun-11,4669.00,4677.00,4554.00,4580.00,638347
15-Jun-11,4736.00,4794.00,4706.00,4711.00,538844
14-Jun-11,4701.00,4763.00,4701.00,4728.00,410866
13-Jun-11,4799.00,4822.00,4749.00,4750.00,354582
10-Jun-11,4888.00,4901.00,4789.00,4802.00,389262
9-Jun-11,4725.00,4849.00,4717.00,4843.00,487303
8-Jun-11,4897.00,4916.00,4793.00,4797.00,454754
7-Jun-11,4943.00,4945.00,4877.00,4898.00,448583
6-Jun-11,4913.00,4989.00,4891.00,4967.00,247965
3-Jun-11,4924.00,4948.00,4858.00,4923.00,387275
2-Jun-11,4937.00,5015.00,4909.00,4909.00,384352
1-Jun-11,5015.00,5025.00,4948.00,4980.00,336886
31-May-11,4964.00,5030.00,4959.00,5015.00,343108
27-May-11,4848.00,4951.00,4848.00,4929.00,372945
26-May-11,4885.00,4893.00,4821.00,4826.00,341584
25-May-11,4787.00,4867.00,4770.00,4861.00,381676
24-May-11,4716.00,4889.00,4716.00,4813.00,523285
23-May-11,4685.00,4775.00,4668.00,4720.00,654042
20-May-11,4741.00,4817.00,4688.00,4744.07,411311
19-May-11,4844.00,4856.00,4719.00,4723.00,461641
18-May-11,4673.00,4824.00,4673.00,4797.00,433296
17-May-11,4700.00,4749.00,4609.00,4620.00,702949
16-May-11,4687.00,4755.00,4659.00,4725.00,411883
13-May-11,4736.00,4799.00,4689.00,4701.00,405739
12-May-11,4731.00,4757.00,4660.00,4704.00,443482
11-May-11,4918.00,4941.00,4768.19,4790.00,430479
10-May-11,4890.00,4969.00,4852.00,4899.00,410096
9-May-11,4912.00,4992.00,4851.00,4890.00,464659
6-May-11,4894.00,4963.00,4805.00,4920.00,441470
5-May-11,5065.00,5100.00,4873.00,4900.00,498460
4-May-11,4974.00,5020.00,4923.00,4973.00,443692
3-May-11,5050.00,5120.00,4924.00,4976.00,694395
28-Apr-11,-,-,-,5220.00,0
27-Apr-11,5210.00,5255.00,5130.00,5160.00,284176
26-Apr-11,5185.00,5275.00,5170.00,5195.00,428233
21-Apr-11,-,-,-,5305.00,0
20-Apr-11,5240.00,5360.00,5240.00,5360.00,303863
19-Apr-11,5235.00,5270.00,5205.00,5215.00,136490
18-Apr-11,5310.00,5310.00,5195.00,5210.00,420353
15-Apr-11,5245.00,5330.00,5220.00,5315.00,277786
14-Apr-11,5200.00,5280.00,5150.00,5230.00,287733
13-Apr-11,5205.00,5280.00,5190.00,5205.00,271573
12-Apr-11,5245.00,5275.00,5195.00,5200.00,288463
11-Apr-11,5325.00,5410.00,5300.00,5325.00,431001
8-Apr-11,5260.00,5345.00,5260.00,5340.00,187006
7-Apr-11,5275.00,5301.57,5185.00,5230.00,312530
6-Apr-11,5395.00,5565.00,5245.00,5260.00,532206
5-Apr-11,5105.00,5240.00,5055.00,5225.00,523679
4-Apr-11,5185.00,5250.00,5080.00,5105.00,431107
1-Apr-11,5040.00,5220.00,5030.00,5200.00,500316
31-Mar-11,4610.00,5010.00,4573.00,4968.00,1352712
30-Mar-11,4610.00,4654.00,4560.00,4567.00,403444
29-Mar-11,4661.00,4665.00,4601.00,4656.00,254699
28-Mar-11,4752.00,4752.00,4635.00,4638.00,225257
25-Mar-11,4770.00,4809.00,4736.00,4736.00,340570
24-Mar-11,4650.00,4737.72,4648.00,4723.00,480099
23-Mar-11,4490.00,4628.85,4484.00,4614.00,566660
22-Mar-11,4512.00,4553.00,4451.00,4510.00,298891
21-Mar-11,4580.00,4581.00,4490.00,4490.00,288521
18-Mar-11,4518.00,4615.00,4494.00,4535.00,801945
17-Mar-11,4457.00,4513.00,4438.00,4508.00,326071
16-Mar-11,4453.00,4555.00,4416.00,4460.00,484679
15-Mar-11,4426.00,4468.00,4320.00,4425.00,660312
14-Mar-11,4559.00,4591.00,4495.00,4505.00,320462
11-Mar-11,4480.00,4556.00,4462.00,4550.00,343447
10-Mar-11,4562.00,4565.00,4451.00,4504.00,560217
9-Mar-11,4574.00,4654.00,4479.00,4629.00,824390
8-Mar-11,4774.00,4780.00,4424.00,4480.00,1244881
7-Mar-11,4936.00,4988.00,4878.00,4880.00,396171
4-Mar-11,4990.00,5010.00,4902.00,4957.00,301057
3-Mar-11,5005.00,5050.00,4963.77,4965.00,28333
2-Mar-11,4965.00,5075.00,4945.00,4997.00,403626
1-Mar-11,5040.00,5080.00,4960.00,5010.00,290757
28-Feb-11,5010.00,5075.00,4974.00,4985.00,61732
25-Feb-11,4940.00,5025.00,4940.00,5020.00,70304145
24-Feb-11,4979.00,5045.00,4970.00,5005.00,27455213
23-Feb-11,5030.00,5060.00,5000.00,5030.00,325168
22-Feb-11,5165.00,5200.00,5020.00,5115.00,559449
21-Feb-11,5045.00,5240.00,5034.85,5235.00,560766
18-Feb-11,4905.00,5035.00,4857.00,5035.00,550926
17-Feb-11,4842.00,4919.00,4842.00,4919.00,474649
16-Feb-11,4850.00,4917.00,4816.00,4859.00,294477
15-Feb-11,4884.00,4895.00,4816.00,4830.00,282513
14-Feb-11,4840.00,4891.00,4840.00,4885.00,212350
11-Feb-11,4908.00,4946.00,4850.00,4891.00,375137
10-Feb-11,5005.00,5010.00,4867.00,4894.00,393084
9-Feb-11,5140.00,5140.00,5025.00,5040.00,349925
8-Feb-11,5080.00,5185.00,5055.00,5125.00,506430
7-Feb-11,5060.00,5200.00,5030.00,5110.00,349127
4-Feb-11,4980.00,5040.00,4926.00,4980.00,550673
3-Feb-11,4856.00,4917.00,4816.00,4880.00,492577
2-Feb-11,4874.00,4940.00,4860.00,4925.00,664126
1-Feb-11,4775.00,4845.00,4762.00,4816.00,325429
31-Jan-11,4835.00,4897.00,4724.00,4730.00,405250
28-Jan-11,4781.00,4863.00,4750.00,4847.00,545134
27-Jan-11,4833.00,5025.00,4807.00,4809.00,736719
26-Jan-11,4885.00,4888.00,4730.00,4739.00,578311
25-Jan-11,4970.00,4979.00,4853.00,4855.00,542272
24-Jan-11,4989.00,5045.00,4956.00,5035.00,486226
21-Jan-11,4971.00,5045.00,4945.00,5025.00,455696
20-Jan-11,5130.00,5155.00,4939.00,4964.00,622116
19-Jan-11,5220.00,5225.00,5140.00,5155.00,440594
18-Jan-11,5055.00,5150.00,5045.00,5150.00,332645
17-Jan-11,5070.00,5150.00,5025.00,5045.00,294740
14-Jan-11,5130.00,5130.00,5050.00,5075.00,287603
13-Jan-11,5205.00,5210.00,5115.00,5130.00,265273
12-Jan-11,5240.00,5275.00,5160.00,5175.00,274378
11-Jan-11,5165.00,5245.00,5145.00,5245.00,449569
10-Jan-11,5100.00,5160.00,5040.00,5140.00,283807
7-Jan-11,5120.00,5140.00,5040.00,5105.00,494640
6-Jan-11,5105.00,5330.00,5085.00,5304.00,549880
5-Jan-11,5190.00,5200.00,5040.00,5090.00,299239
4-Jan-11,5275.00,5290.00,5140.00,5175.00,342067
31-Dec-10,5315.00,5330.00,5270.00,5275.00,66013
30-Dec-10,5425.00,5435.00,5310.00,5315.00,151723
29-Dec-10,5455.00,5575.00,5385.00,5445.00,207823
24-Dec-10,-,-,-,5320.00,0
23-Dec-10,5530.00,5530.00,5435.00,5500.00,120738
22-Dec-10,5510.00,5540.00,5480.00,5500.00,170477
21-Dec-10,5630.00,5660.00,5470.00,5490.00,310934
20-Dec-10,5595.00,5645.00,5565.00,5600.00,133651
17-Dec-10,5655.00,5655.00,5510.00,5615.00,452881
16-Dec-10,5645.00,5710.00,5525.00,5610.00,280070
15-Dec-10,5710.00,5730.00,5655.00,5655.00,207201
14-Dec-10,5755.00,5805.00,5695.00,5770.00,288399
13-Dec-10,5680.00,5780.00,5645.00,5755.00,197882
10-Dec-10,5640.00,5670.00,5545.00,5605.00,201904
9-Dec-10,5710.00,5740.00,5585.00,5615.00,355853
8-Dec-10,5800.00,5865.00,5660.00,5700.00,483989
7-Dec-10,5945.00,6045.00,5870.00,5905.00,459443
6-Dec-10,5955.00,5960.00,5745.00,5885.00,609383
3-Dec-10,6050.00,6115.00,6015.00,6030.00,423225
2-Dec-10,6050.00,6090.00,6005.00,6070.00,391227
1-Dec-10,6030.00,6090.00,6020.00,6030.00,260975
30-Nov-10,6025.00,6080.00,5975.00,5995.00,435595
29-Nov-10,6090.00,6130.00,6035.00,6040.00,292496
26-Nov-10,6065.00,6090.00,5965.00,6070.00,196595
25-Nov-10,6030.00,6125.00,6005.00,6085.00,126267
24-Nov-10,6095.00,6115.00,6030.00,6050.00,196344
23-Nov-10,6070.00,6135.00,6015.00,6070.00,352425
22-Nov-10,6090.00,6100.00,5955.00,6005.00,183236
19-Nov-10,6060.00,6090.00,5935.00,6025.00,278624
18-Nov-10,6000.00,6050.00,5990.00,6045.00,238694
17-Nov-10,5930.00,6020.00,5895.00,5970.00,298014
16-Nov-10,6070.00,6075.00,5920.00,5930.00,370373
15-Nov-10,6085.00,6160.00,6050.00,6100.00,214816
12-Nov-10,6110.00,6165.00,6025.00,6075.00,390740
11-Nov-10,6190.00,6225.00,6115.00,6160.00,284101
10-Nov-10,6100.00,6175.00,6025.00,6160.00,475643
9-Nov-10,6005.00,6330.00,5960.00,6265.00,559503
8-Nov-10,5965.00,6030.00,5930.00,5990.00,307527
5-Nov-10,5965.00,6025.00,5915.00,5940.00,315208
4-Nov-10,5875.00,6030.00,5830.00,5965.00,581884
3-Nov-10,5955.00,5960.00,5765.00,5800.00,262878
2-Nov-10,5860.00,5940.00,5850.00,5920.00,196041
1-Nov-10,5900.00,5945.00,5820.00,5855.00,228315
29-Oct-10,5815.00,5860.00,5750.00,5825.00,417788
28-Oct-10,5835.00,5840.00,5735.00,5810.00,321679
27-Oct-10,5905.00,5905.00,5740.00,5770.00,398123
26-Oct-10,6010.00,6040.00,5885.00,5960.00,296590
25-Oct-10,6040.00,6160.00,6020.00,6060.00,344967
22-Oct-10,6010.00,6025.00,5920.00,5970.00,409228
21-Oct-10,6120.00,6205.00,6045.00,6045.00,547690
20-Oct-10,6210.00,6245.00,6105.00,6175.00,376230
19-Oct-10,6465.00,6470.00,6200.00,6225.00,422997
18-Oct-10,6485.00,6495.00,6410.00,6420.00,259205
15-Oct-10,6620.00,6625.00,6485.00,6565.00,401082
14-Oct-10,6585.00,6640.00,6455.00,6595.00,571517
13-Oct-10,6500.00,6595.00,6465.00,6540.00,383983
12-Oct-10,6445.00,6460.00,6355.00,6435.00,213467
11-Oct-10,6490.00,6525.00,6420.00,6455.00,267180
8-Oct-10,6375.00,6530.00,6290.00,6515.00,372791
7-Oct-10,6600.00,6645.00,6320.00,6375.00,456019
6-Oct-10,6660.00,6755.00,6570.00,6585.00,444424
5-Oct-10,6470.00,6690.00,6420.00,6655.00,360029
4-Oct-10,6505.00,6555.00,6445.00,6460.00,220284
1-Oct-10,6440.00,6550.00,6400.00,6525.00,350437
30-Sep-10,6480.00,6540.00,6365.00,6370.00,419193
29-Sep-10,6560.00,6610.00,6460.00,6485.00,282015
28-Sep-10,6370.00,6535.00,6290.00,6510.00,364591
27-Sep-10,6500.00,6525.00,6365.00,6370.00,286589
24-Sep-10,6450.00,6580.00,6440.00,6485.00,355012
23-Sep-10,6550.00,6620.00,6475.00,6560.00,335132
22-Sep-10,6430.00,6555.00,6400.00,6490.00,373934
21-Sep-10,6405.00,6425.00,6300.00,6310.00,242740
20-Sep-10,6330.00,6445.00,6325.00,6435.00,241311
17-Sep-10,6295.00,6385.00,6260.00,6340.00,529926
16-Sep-10,6240.00,6325.00,6220.00,6295.00,422954
15-Sep-10,6350.00,6360.00,6230.00,6245.00,322068
14-Sep-10,6135.00,6310.00,6130.00,6290.00,332616
13-Sep-10,6135.00,6145.00,6050.00,6120.00,204561
10-Sep-10,6120.00,6135.00,6040.00,6100.00,165179
9-Sep-10,6055.00,6200.00,5990.00,6105.00,395296
8-Sep-10,6035.00,6115.00,6005.00,6100.00,401569
7-Sep-10,6010.00,6100.00,5950.00,6080.00,365183
6-Sep-10,5940.00,6015.00,5895.00,6015.00,179341
3-Sep-10,6005.00,6040.00,5885.00,5910.00,506877
2-Sep-10,5965.00,6050.00,5935.00,5975.00,511851
1-Sep-10,6035.00,6155.00,5980.00,6010.00,506469
31-Aug-10,5880.00,6080.00,5820.00,6080.00,526050
27-Aug-10,5825.00,5935.00,5785.00,5925.00,364978
26-Aug-10,5820.00,5850.00,5775.00,5815.00,333131
25-Aug-10,5700.00,5755.00,5665.00,5740.00,353683
24-Aug-10,5740.00,5765.00,5625.00,5730.00,469611
23-Aug-10,5845.00,5890.00,5785.00,5805.00,212992
20-Aug-10,5890.00,5935.00,5780.00,5815.00,300658
19-Aug-10,5825.00,5845.00,5715.00,5820.00,311161
18-Aug-10,5755.00,5780.00,5675.00,5770.00,286393
17-Aug-10,5605.00,5740.00,5590.00,5725.00,290938
16-Aug-10,5515.00,5600.00,5500.00,5585.00,252660
13-Aug-10,5605.00,5665.00,5510.00,5510.00,268571
12-Aug-10,5490.00,5605.00,5460.00,5595.00,512928
11-Aug-10,5470.00,5560.00,5410.00,5465.00,490093
10-Aug-10,5375.00,5465.00,5370.00,5440.00,406838
9-Aug-10,5505.00,5590.00,5355.00,5395.00,328802
6-Aug-10,5510.00,5525.00,5375.00,5410.00,392894
5-Aug-10,5690.00,5690.00,5385.00,5395.00,540756
4-Aug-10,5535.00,5725.00,5530.00,5715.00,369863
3-Aug-10,5565.00,5605.00,5500.00,5555.00,581309
2-Aug-10,5685.00,5750.00,5605.00,5635.00,518729
30-Jul-10,5645.00,5785.00,5605.00,5730.00,457915
29-Jul-10,5685.00,5745.00,5655.00,5665.00,281000
28-Jul-10,5670.00,5755.00,5615.00,5690.00,400635
27-Jul-10,5910.00,5930.00,5685.00,5700.00,423434
26-Jul-10,6035.00,6075.00,5890.00,5935.00,319152
23-Jul-10,6045.00,6110.00,6000.00,6035.00,214137
22-Jul-10,5960.00,6070.00,5910.00,6055.00,313187
21-Jul-10,6020.00,6105.00,6000.00,6015.00,442830
20-Jul-10,5950.00,6025.00,5885.00,5990.00,310596
19-Jul-10,5940.00,6095.00,5895.00,5915.00,296716
16-Jul-10,6090.00,6215.00,5930.00,5970.00,503414
15-Jul-10,6175.00,6270.00,6125.00,6170.00,335044
14-Jul-10,6250.00,6270.00,6100.00,6225.00,332247
13-Jul-10,6140.00,6280.00,6075.00,6245.00,226796
12-Jul-10,6195.00,6235.00,6115.00,6125.00,179144
9-Jul-10,6210.00,6285.00,6140.00,6225.00,335651
8-Jul-10,6350.00,6370.00,6210.00,6245.00,446707
7-Jul-10,6125.00,6285.00,6080.00,6285.00,330356
6-Jul-10,6155.00,6280.00,6125.00,6260.06,367918
5-Jul-10,6180.00,6180.00,6100.00,6125.00,83339
2-Jul-10,6115.00,6235.00,6080.00,6180.00,320335
1-Jul-10,6310.00,6420.00,6040.00,6080.00,508157
30-Jun-10,6360.00,6470.00,6305.00,6425.00,484043
29-Jun-10,6440.00,6445.00,6300.00,6360.00,360860
28-Jun-10,6515.00,6600.00,6470.00,6560.00,305892
25-Jun-10,6415.00,6500.00,6355.00,6480.00,305965
24-Jun-10,6475.00,6475.00,6320.00,6400.00,339555
23-Jun-10,6445.00,6540.00,6350.00,6420.00,358422
22-Jun-10,6425.00,6580.00,6415.00,6470.00,291157
21-Jun-10,6560.00,6590.00,6470.00,6505.00,308548
18-Jun-10,6295.00,6435.00,6275.00,6430.00,804816
17-Jun-10,6190.00,6285.00,6145.00,6250.00,328933
16-Jun-10,6160.00,6185.00,6120.00,6175.00,219348
15-Jun-10,6050.00,6165.00,6020.00,6115.00,315769
14-Jun-10,6130.00,6210.00,6065.00,6100.00,387046
11-Jun-10,6060.00,6140.00,6010.00,6075.00,324076
10-Jun-10,6010.00,6150.00,6005.00,6100.00,576944
9-Jun-10,6060.00,6105.00,5980.00,6045.00,476199
8-Jun-10,5990.00,6135.00,5970.00,6090.00,404918
7-Jun-10,5890.00,5960.00,5865.00,5955.00,372606
4-Jun-10,5960.00,6035.00,5845.00,5900.00,375512
3-Jun-10,6140.00,6200.00,5960.00,5975.00,460512
2-Jun-10,6070.00,6150.00,5985.00,6130.00,368593
1-Jun-10,5995.00,6195.00,5940.00,6195.00,445844
28-May-10,6005.00,6095.00,5975.00,5990.00,413110
27-May-10,5960.00,6045.00,5935.00,6025.00,466783
26-May-10,5875.00,6045.00,5815.00,5965.00,480102
25-May-10,5590.00,5750.00,5560.00,5705.00,549970
24-May-10,5670.00,5780.00,5570.00,5750.00,501650
21-May-10,5550.00,5685.00,5480.00,5660.00,655282
20-May-10,5750.00,5775.00,5505.00,5640.00,807471
19-May-10,5960.00,6005.00,5730.00,5735.00,597950
18-May-10,6120.00,6145.00,5965.00,6050.00,427474
17-May-10,6065.00,6285.00,6060.00,6105.00,530461
14-May-10,6095.00,6165.00,5970.00,6010.00,570725
13-May-10,6105.00,6190.00,6035.00,6175.00,380763
11-May-10,5530.00,5885.00,5510.00,5870.00,594661
10-May-10,5835.00,5850.00,5490.00,5580.00,693080
7-May-10,5640.00,5785.00,5600.00,5635.00,704720
6-May-10,5345.00,5615.00,5240.00,5580.00,469766
5-May-10,5455.00,5525.00,5325.00,5445.00,368487
4-May-10,5440.00,5585.00,5365.00,5415.00,472840
30-Apr-10,5450.00,5620.00,5400.00,5585.00,518353
29-Apr-10,5430.00,5485.00,5375.00,5420.00,503780
28-Apr-10,5225.00,5375.00,5225.00,5330.00,652619
27-Apr-10,5230.00,5300.00,5155.00,5155.00,448592
26-Apr-10,5345.00,5440.00,5260.00,5260.00,479297
23-Apr-10,5110.00,5285.00,5040.00,5275.00,367167
22-Apr-10,5125.00,5230.00,5045.00,5080.00,368523
21-Apr-10,5170.00,5170.00,5045.00,5075.00,320520
16-Apr-10,5260.00,5310.00,5120.00,5125.00,353516
15-Apr-10,5300.00,5335.00,5230.00,5320.00,214488
14-Apr-10,5325.00,5365.00,5250.00,5325.00,260543
13-Apr-10,5330.00,5350.00,5210.00,5240.00,344529
12-Apr-10,5475.00,5490.00,5340.00,5355.00,310354
9-Apr-10,5405.00,5550.00,5385.00,5460.00,345713
8-Apr-10,5420.00,5440.00,5325.00,5390.00,298152
7-Apr-10,5300.00,5430.00,5235.00,5420.00,484157
6-Apr-10,5260.00,5310.00,5215.00,5305.00,275489
1-Apr-10,5080.00,5240.00,5080.00,5220.00,418893
31-Mar-10,4927.00,5020.00,4927.00,5015.00,430403
30-Mar-10,4990.00,5015.00,4892.00,4914.00,313092
29-Mar-10,4984.00,5015.00,4962.00,5010.00,204800
26-Mar-10,4900.00,4970.00,4875.00,4942.00,367348
25-Mar-10,4850.00,4946.00,4840.00,4933.00,271475
24-Mar-10,4905.00,4962.00,4818.00,4888.00,290363
23-Mar-10,4879.00,4943.00,4864.00,4912.00,313064
22-Mar-10,4810.00,4854.00,4742.00,4854.00,311536
19-Mar-10,4900.00,4936.00,4800.00,4810.00,805494
18-Mar-10,4956.00,5005.00,4898.00,4937.00,406783
17-Mar-10,5005.00,5040.00,4979.00,5010.00,302880
16-Mar-10,4934.00,5015.00,4899.00,5000.00,354165
15-Mar-10,4930.00,4962.00,4874.00,4878.00,291292
12-Mar-10,4985.00,5030.00,4948.00,4984.00,450496
11-Mar-10,4935.00,5040.00,4916.00,4976.00,434522
10-Mar-10,5035.00,5135.00,5005.00,5105.00,374195
9-Mar-10,5045.00,5050.00,4983.00,5005.00,406550
8-Mar-10,5125.00,5175.00,5065.00,5080.00,248665
5-Mar-10,5060.00,5190.00,5060.00,5155.00,354843
4-Mar-10,5150.00,5180.00,5080.00,5085.00,326223
3-Mar-10,5075.00,5200.00,5025.00,5195.00,442748
2-Mar-10,4907.00,5030.00,4864.00,5015.00,683185
1-Mar-10,4752.00,4832.00,4715.00,4830.00,498568
26-Feb-10,4670.00,4690.00,4588.00,4677.00,470826
25-Feb-10,4518.00,4596.00,4436.00,4556.00,1220246
24-Feb-10,4585.00,4598.00,4458.00,4578.00,569319
23-Feb-10,4679.00,4741.00,4544.00,4562.00,401647
22-Feb-10,4719.00,4779.00,4679.00,4688.00,401230
19-Feb-10,4682.00,4722.00,4618.00,4699.00,697675
18-Feb-10,4640.00,4776.00,4579.00,4765.00,492347
17-Feb-10,4690.00,4775.00,4639.00,4663.00,483764
16-Feb-10,4568.00,4705.00,4550.00,4693.00,465117
15-Feb-10,4508.00,4579.00,4501.00,4510.00,238912
12-Feb-10,4577.00,4611.00,4402.00,4486.00,738040
11-Feb-10,4465.00,4572.00,4412.00,4492.00,569463
10-Feb-10,4500.00,4579.00,4393.00,4425.00,473695
9-Feb-10,4391.00,4521.00,4369.00,4463.00,700987
8-Feb-10,4400.00,4544.00,4370.00,4480.00,638747
5-Feb-10,4260.00,4290.00,4126.00,4209.00,869001
4-Feb-10,4530.00,4530.00,4273.00,4294.00,491747
3-Feb-10,4620.00,4639.00,4538.00,4556.00,496955
2-Feb-10,4530.00,4625.00,4468.00,4600.00,568495
1-Feb-10,4378.00,4511.00,4335.00,4495.00,414114
29-Jan-10,4374.00,4476.00,4350.00,4393.00,474206
28-Jan-10,4473.00,4525.00,4323.00,4325.00,535448
27-Jan-10,4450.00,4520.00,4402.00,4450.00,363679
26-Jan-10,4538.00,4546.00,4448.00,4495.00,643167
25-Jan-10,4603.00,4734.00,4552.00,4575.00,435175
22-Jan-10,4668.00,4688.00,4532.00,4644.00,697916
21-Jan-10,4852.00,4932.00,4667.00,4687.00,555649
20-Jan-10,4970.00,4970.00,4800.00,4828.00,635942
19-Jan-10,5090.00,5105.00,5015.00,5035.00,282386
18-Jan-10,5065.00,5135.00,5045.00,5095.00,345910
15-Jan-10,5090.00,5130.00,5015.00,5035.00,442527
14-Jan-10,5125.00,5170.00,5040.00,5070.00,236849
13-Jan-10,5070.00,5200.00,5010.00,5035.00,310566
12-Jan-10,5295.00,5305.00,5140.00,5180.00,318663
11-Jan-10,5320.00,5400.00,5255.00,5275.00,273282
8-Jan-10,5255.00,5270.00,5210.00,5250.00,175266
7-Jan-10,5260.00,5345.00,5190.00,5270.00,316751
6-Jan-10,5200.00,5330.00,5155.00,5325.00,351664
5-Jan-10,5185.00,5195.00,5105.00,5175.00,298254
4-Jan-10,4895.00,5140.00,4895.00,5140.00,256513
