31-Dec-02,31.06,31.11,30.21,30.93,3529400
30-Dec-02,31.44,31.49,30.76,31.20,2849900
27-Dec-02,31.88,31.91,30.98,31.22,2485400
26-Dec-02,31.98,32.68,31.68,31.88,2143400
24-Dec-02,32.08,32.29,31.76,31.90,1271000
23-Dec-02,32.46,32.80,32.03,32.30,3410300
20-Dec-02,31.89,32.52,31.68,32.39,7577100
19-Dec-02,31.06,32.11,30.99,31.40,5535800
18-Dec-02,32.20,32.20,31.23,31.54,3987000
17-Dec-02,32.22,32.86,31.94,32.19,3772500
16-Dec-02,31.48,32.98,31.45,32.22,4028500
13-Dec-02,32.08,32.08,31.28,31.45,3680500
12-Dec-02,31.91,32.59,31.73,32.07,3085900
11-Dec-02,31.89,32.34,31.65,32.08,2975500
10-Dec-02,32.16,32.49,31.95,32.30,3937100
9-Dec-02,32.42,32.77,32.02,32.02,3988700
6-Dec-02,31.98,33.23,31.94,32.90,4148100
5-Dec-02,33.29,33.42,32.44,32.69,3931500
4-Dec-02,32.88,33.23,32.48,33.06,5406600
3-Dec-02,33.79,33.79,33.12,33.26,4586900
2-Dec-02,34.07,34.78,33.38,33.79,5870500
29-Nov-02,34.50,34.65,34.05,34.06,2373800
27-Nov-02,33.42,34.69,33.40,34.25,4706300
26-Nov-02,34.39,34.46,33.12,33.17,6545800
25-Nov-02,34.57,34.85,33.99,34.46,4577000
22-Nov-02,34.48,34.86,34.28,34.57,5520800
21-Nov-02,33.93,34.77,33.86,34.48,6908200
20-Nov-02,32.64,34.18,32.60,33.72,7714400
19-Nov-02,32.37,33.12,32.16,32.60,4645100
18-Nov-02,33.20,33.25,32.05,32.15,6359300
15-Nov-02,32.34,32.95,31.85,32.94,6645800
14-Nov-02,31.57,32.35,31.31,32.33,5193800
13-Nov-02,30.69,31.50,30.14,30.80,5925500
12-Nov-02,30.62,31.19,30.54,30.68,4144000
11-Nov-02,30.84,31.06,30.60,30.76,3078500
8-Nov-02,30.68,31.76,30.68,31.11,4611700
7-Nov-02,31.81,31.89,30.79,31.06,5390200
6-Nov-02,32.38,32.38,31.19,32.23,7086500
5-Nov-02,31.77,32.51,31.50,32.02,7410200
4-Nov-02,32.36,34.22,32.23,32.84,10494300
1-Nov-02,31.65,31.89,30.99,31.72,6453100
31-Oct-02,31.76,31.94,31.28,31.82,7151200
30-Oct-02,30.62,31.71,30.39,31.61,7699300
29-Oct-02,29.97,30.56,29.37,30.56,8714400
28-Oct-02,29.15,30.68,28.31,29.97,10447500
25-Oct-02,28.44,29.09,27.61,28.99,5561700
24-Oct-02,29.71,29.82,28.28,28.49,6285100
23-Oct-02,29.73,29.75,28.48,29.49,7157000
22-Oct-02,29.58,30.36,29.53,29.86,4305700
21-Oct-02,29.53,30.57,29.01,30.14,5648200
18-Oct-02,29.49,30.39,29.10,29.58,4645300
17-Oct-02,28.98,29.84,28.98,29.84,6280200
16-Oct-02,28.96,29.34,27.79,28.18,6755700
15-Oct-02,28.66,29.86,28.57,29.50,8690100
14-Oct-02,26.40,27.48,26.38,27.21,4534200
11-Oct-02,26.21,27.70,26.21,27.01,8827000
10-Oct-02,24.04,25.81,23.36,25.64,8299500
9-Oct-02,24.32,24.68,23.75,23.91,8853100
8-Oct-02,24.23,25.13,23.42,24.85,10500000
7-Oct-02,24.96,25.12,23.23,23.28,9632800
4-Oct-02,26.22,26.45,24.24,24.96,8408600
3-Oct-02,27.34,27.69,25.99,26.22,7319100
2-Oct-02,28.39,28.64,27.12,27.30,5162200
1-Oct-02,27.39,28.63,26.70,28.63,6105300
30-Sep-02,27.06,27.65,26.47,27.28,7911200
27-Sep-02,28.78,29.00,27.48,27.54,4789300
26-Sep-02,28.44,29.00,28.08,28.78,5417000
25-Sep-02,27.54,28.00,26.47,27.74,5405500
24-Sep-02,27.37,28.13,27.07,27.09,6005500
23-Sep-02,27.34,27.70,26.61,27.36,4788500
20-Sep-02,28.07,28.26,27.45,27.81,9169100
19-Sep-02,27.65,28.52,27.56,27.61,5353500
18-Sep-02,28.74,28.95,27.62,28.40,9102700
17-Sep-02,30.84,30.98,29.03,29.09,6893500
16-Sep-02,29.58,30.60,29.58,30.48,3427300
13-Sep-02,29.18,30.19,29.18,29.92,4487700
12-Sep-02,30.00,30.26,29.45,29.61,4082100
11-Sep-02,31.60,31.63,30.25,30.44,3293500
10-Sep-02,30.45,30.62,29.97,30.62,6007300
9-Sep-02,29.43,30.67,29.36,30.50,5392100
6-Sep-02,30.29,30.69,30.29,30.36,3508800
5-Sep-02,29.53,30.28,29.42,29.85,4613700
4-Sep-02,29.27,30.34,29.27,30.19,5728300
3-Sep-02,31.11,31.15,29.06,29.17,6126900
30-Aug-02,31.42,32.32,31.28,31.55,3131500
29-Aug-02,31.06,31.84,30.94,31.53,4142900
28-Aug-02,32.20,32.31,31.40,31.71,3471400
27-Aug-02,33.47,33.66,32.16,32.45,4578300
26-Aug-02,32.75,33.47,32.54,33.29,3149900
23-Aug-02,33.10,33.22,32.54,32.67,3232700
22-Aug-02,32.40,33.64,32.34,33.42,4379000
21-Aug-02,32.04,32.57,31.28,32.40,3624600
20-Aug-02,32.38,32.72,31.53,31.96,4817600
19-Aug-02,32.11,32.99,31.94,32.93,4317700
16-Aug-02,32.55,32.66,31.91,32.20,3922300
15-Aug-02,31.85,32.83,31.64,32.77,5055700
14-Aug-02,30.16,31.94,29.92,31.82,6176500
13-Aug-02,30.80,31.88,30.28,30.48,4564900
12-Aug-02,30.84,31.44,30.30,31.04,4365400
9-Aug-02,30.41,31.63,30.01,31.46,6416600
8-Aug-02,28.96,31.02,28.94,30.67,6295400
7-Aug-02,28.66,29.12,28.14,28.94,7078200
6-Aug-02,26.99,28.80,26.98,28.00,7294700
5-Aug-02,28.89,29.05,26.42,26.56,9891900
2-Aug-02,29.86,29.86,28.46,28.89,5546900
1-Aug-02,30.06,30.41,29.53,30.06,7427800
31-Jul-02,30.62,30.93,29.86,30.85,11432600
30-Jul-02,29.09,29.84,28.66,29.68,7450500
29-Jul-02,27.12,29.44,27.08,29.30,8047800
26-Jul-02,26.29,27.12,26.00,26.40,5390200
25-Jul-02,26.63,27.43,25.24,26.48,8406600
24-Jul-02,24.28,26.78,23.56,26.63,12083900
23-Jul-02,25.59,26.13,24.54,25.08,10516700
22-Jul-02,27.12,27.84,25.29,25.35,12070400
19-Jul-02,28.72,28.94,27.43,27.69,7000900
18-Jul-02,29.66,30.28,29.05,29.34,5325800
17-Jul-02,29.31,30.19,28.88,29.76,11712300
16-Jul-02,29.12,30.28,29.09,29.64,8578900
15-Jul-02,30.06,30.14,27.93,29.44,9437700
12-Jul-02,30.65,31.10,30.06,30.61,4561700
11-Jul-02,30.07,31.28,29.50,30.65,7007300
10-Jul-02,31.79,32.35,30.44,30.48,7176500
9-Jul-02,32.46,33.07,31.60,31.64,5392300
8-Jul-02,32.73,33.23,32.25,32.38,4803800
5-Jul-02,32.27,32.80,31.98,32.68,2379900
3-Jul-02,31.82,31.94,30.98,31.67,6333800
2-Jul-02,32.38,32.86,31.96,32.23,8982300
1-Jul-02,32.07,32.92,31.98,32.47,6119400
28-Jun-02,32.24,33.32,31.37,31.78,11323200
27-Jun-02,31.89,32.72,31.31,32.44,6612600
26-Jun-02,31.50,31.59,30.44,31.21,6900200
25-Jun-02,32.46,33.08,31.76,31.78,5764900
24-Jun-02,32.51,33.01,31.37,32.46,5966700
21-Jun-02,32.18,32.88,32.16,32.64,10426400
20-Jun-02,32.94,33.41,32.59,32.73,4883300
19-Jun-02,33.61,34.26,33.12,33.23,4667500
18-Jun-02,32.94,34.46,32.91,33.86,5173900
17-Jun-02,31.94,33.69,31.85,33.42,7071400
14-Jun-02,30.58,31.75,30.21,31.46,7521500
13-Jun-02,32.41,32.50,31.32,31.43,8565400
12-Jun-02,32.02,33.64,31.99,32.50,9157700
11-Jun-02,34.87,35.04,33.64,33.89,5046500
10-Jun-02,34.26,34.95,33.92,34.68,4710100
7-Jun-02,34.26,34.81,33.40,34.26,9442500
6-Jun-02,35.98,35.98,35.11,35.32,3611500
5-Jun-02,35.42,36.03,35.22,35.88,4678400
4-Jun-02,35.88,35.88,34.69,35.08,7791400
3-Jun-02,37.31,37.70,35.88,35.95,4040000
31-May-02,37.18,37.96,37.14,37.20,4601100
30-May-02,36.53,37.27,36.32,36.97,3982200
29-May-02,36.40,37.43,36.30,37.06,3480100
28-May-02,37.19,37.34,36.17,36.47,4225600
24-May-02,37.65,37.90,36.85,37.21,3688500
23-May-02,37.48,37.70,36.90,37.55,4275200
22-May-02,37.01,37.32,36.61,37.10,5092200
21-May-02,38.24,38.40,36.96,37.00,4857000
20-May-02,38.68,38.68,37.52,37.89,4139400
17-May-02,38.98,39.30,38.15,38.67,4923500
16-May-02,39.16,39.29,38.46,38.94,3350200
15-May-02,38.30,39.30,38.19,39.26,5125300
14-May-02,38.50,39.02,38.28,38.93,6142400
13-May-02,36.50,38.02,36.43,37.62,4968100
10-May-02,36.84,37.13,36.08,36.31,4217600
9-May-02,37.37,37.71,36.78,36.95,3912000
8-May-02,36.01,37.62,35.72,37.36,5783500
7-May-02,35.94,36.12,35.55,35.58,5776100
6-May-02,36.58,36.84,35.94,35.97,4956000
3-May-02,36.94,36.94,36.31,36.61,5477400
2-May-02,36.66,37.01,36.58,36.94,7067500
1-May-02,35.94,36.60,35.32,36.52,4752000
30-Apr-02,35.88,36.16,35.66,35.88,6655300
29-Apr-02,36.77,36.92,35.87,35.88,6853100
26-Apr-02,37.47,37.70,36.58,36.79,5702700
25-Apr-02,37.10,37.70,36.62,37.28,6841700
24-Apr-02,37.62,37.97,36.90,37.24,4300800
23-Apr-02,37.53,38.40,37.30,37.48,6318900
22-Apr-02,38.00,38.27,37.13,37.28,5701600
19-Apr-02,37.88,38.06,37.60,38.00,8724900
18-Apr-02,35.88,37.19,35.30,37.09,9534100
17-Apr-02,36.37,36.79,36.01,36.01,4402300
16-Apr-02,35.77,36.46,35.67,36.19,4874600
15-Apr-02,35.48,35.66,34.86,35.14,4429900
12-Apr-02,35.22,35.69,35.14,35.38,3823900
11-Apr-02,36.14,36.31,34.98,35.15,6191000
10-Apr-02,36.18,36.77,35.96,36.22,5450100
9-Apr-02,35.88,36.71,35.79,36.08,4873900
8-Apr-02,35.31,35.94,35.09,35.56,4484200
5-Apr-02,35.04,35.83,35.04,35.61,3791100
4-Apr-02,34.61,35.24,34.45,35.13,6274400
3-Apr-02,35.33,35.60,34.43,34.58,5778100
2-Apr-02,34.91,35.18,34.53,34.88,6359900
1-Apr-02,35.40,35.44,34.87,35.17,4527100
28-Mar-02,36.13,36.44,35.48,35.84,4288700
27-Mar-02,35.27,36.09,35.26,36.04,5461600
26-Mar-02,35.15,36.20,35.12,35.52,4915500
25-Mar-02,35.74,35.96,35.11,35.33,4134100
22-Mar-02,35.96,36.47,35.82,35.96,5505000
21-Mar-02,36.24,36.40,34.91,35.89,8276100
20-Mar-02,36.79,37.17,36.50,36.61,4804800
19-Mar-02,36.71,37.36,36.69,37.21,5509900
18-Mar-02,36.71,37.17,36.18,36.71,5621400
15-Mar-02,35.86,36.89,35.70,36.88,8944100
14-Mar-02,35.41,35.62,34.71,35.53,5699100
13-Mar-02,35.52,35.88,35.26,35.41,5155300
12-Mar-02,35.45,36.21,35.45,35.95,7093500
11-Mar-02,35.63,36.61,35.56,36.36,6343800
8-Mar-02,35.00,36.14,34.93,35.41,8072500
7-Mar-02,34.98,34.99,34.56,34.57,6723900
6-Mar-02,34.47,35.00,34.23,34.93,5389600
5-Mar-02,34.06,34.99,33.99,34.17,8751300
4-Mar-02,32.80,34.56,32.80,34.46,9118300
1-Mar-02,31.90,32.68,31.63,32.65,5787900
28-Feb-02,31.45,32.55,31.28,31.89,8056000
27-Feb-02,30.93,32.02,30.91,31.30,6398100
26-Feb-02,30.96,31.11,30.14,30.84,5133600
25-Feb-02,29.79,30.71,29.58,30.66,5263100
22-Feb-02,29.31,29.73,28.74,29.44,4397000
21-Feb-02,29.75,30.16,29.14,29.24,5306900
20-Feb-02,29.58,29.74,28.80,29.61,4979900
19-Feb-02,29.47,29.92,28.94,29.09,4436500
15-Feb-02,30.32,30.35,29.44,29.47,4672800
14-Feb-02,30.77,30.84,30.06,30.26,6448900
13-Feb-02,29.18,29.84,28.92,29.76,6427900
12-Feb-02,29.26,29.27,28.83,28.87,5194100
11-Feb-02,29.18,29.53,28.88,29.33,5416000
8-Feb-02,29.09,29.97,28.99,29.62,4948800
7-Feb-02,28.54,29.71,28.54,28.92,5569300
6-Feb-02,29.97,29.97,28.46,28.79,7216800
5-Feb-02,29.25,30.19,28.48,30.19,6050600
4-Feb-02,30.54,30.55,29.14,29.24,5298100
1-Feb-02,30.78,30.98,30.45,30.71,4592800
31-Jan-02,30.51,31.37,30.01,31.37,5819800
30-Jan-02,30.43,30.89,29.19,30.89,9272000
29-Jan-02,31.77,31.81,29.75,30.14,8344500
28-Jan-02,32.31,32.53,31.32,31.75,6155500
25-Jan-02,31.59,32.77,31.54,32.37,3780800
24-Jan-02,32.13,32.80,31.85,32.16,4433500
23-Jan-02,32.47,32.68,31.74,31.89,4832200
22-Jan-02,32.80,33.10,32.49,32.58,3836300
18-Jan-02,32.52,32.77,32.29,32.39,4580300
17-Jan-02,32.44,32.79,32.29,32.52,4233700
16-Jan-02,32.72,32.72,31.95,32.06,5280600
15-Jan-02,32.14,33.08,32.02,33.03,5859700
14-Jan-02,32.39,32.57,31.63,31.72,6778100
11-Jan-02,32.86,33.25,32.52,32.74,4613600
10-Jan-02,32.75,33.24,32.65,33.05,4847000
9-Jan-02,32.51,33.34,32.38,32.51,4759800
8-Jan-02,32.81,32.91,32.21,32.42,4806200
7-Jan-02,33.28,33.37,32.85,32.90,5416200
4-Jan-02,31.94,33.08,31.94,33.00,5628600
3-Jan-02,31.50,32.10,31.40,31.89,4584200
2-Jan-02,31.19,31.48,30.68,31.40,4947100
31-Dec-01,31.78,31.80,31.15,31.23,5196800
28-Dec-01,30.88,31.68,30.80,31.54,5030500
27-Dec-01,30.58,30.89,30.50,30.62,3251300
26-Dec-01,30.06,30.76,29.88,30.36,4141500
24-Dec-01,29.95,30.26,29.86,29.98,2175100
21-Dec-01,29.87,30.36,29.50,29.58,9300000
20-Dec-01,29.80,30.47,29.36,29.36,4920800
19-Dec-01,28.84,30.57,28.79,30.28,6899900
18-Dec-01,29.01,29.36,28.71,29.21,4639900
17-Dec-01,28.22,29.07,28.13,29.01,5595700
14-Dec-01,28.35,28.46,27.76,28.23,7298900
13-Dec-01,28.74,29.02,28.45,28.52,7499900
12-Dec-01,28.88,29.31,28.49,29.24,12558400
11-Dec-01,30.48,30.84,29.79,29.98,5118400
10-Dec-01,30.01,30.40,29.68,29.75,3793000
7-Dec-01,30.41,30.80,29.89,30.36,3673100
6-Dec-01,30.28,31.01,29.84,30.76,5312500
5-Dec-01,29.18,30.62,29.09,30.28,6148700
4-Dec-01,28.83,29.31,28.34,29.18,5078300
3-Dec-01,28.31,28.43,28.00,28.12,5261500
30-Nov-01,29.16,29.22,28.61,28.80,4267000
29-Nov-01,29.44,29.44,28.52,29.16,5709500
28-Nov-01,29.78,30.32,29.36,29.44,4091800
27-Nov-01,30.51,30.85,29.98,30.26,4580900
26-Nov-01,30.14,30.76,30.09,30.73,5389300
23-Nov-01,29.38,30.07,29.33,30.07,2109300
21-Nov-01,29.36,29.56,28.96,29.31,2964500
20-Nov-01,29.75,29.90,29.38,29.44,3862300
19-Nov-01,29.60,30.01,29.31,29.92,4253400
16-Nov-01,29.53,29.58,28.88,28.99,6669800
15-Nov-01,29.25,30.34,28.93,30.09,9652300
14-Nov-01,28.66,29.60,28.44,29.25,7552800
13-Nov-01,28.60,28.61,27.78,28.13,8467800
12-Nov-01,28.62,28.62,27.12,28.08,6819800
9-Nov-01,28.39,28.96,28.05,28.62,4526700
8-Nov-01,28.04,29.22,28.00,28.35,8404900
7-Nov-01,26.74,27.82,26.70,27.72,6239700
6-Nov-01,26.25,26.99,25.96,26.74,6307100
5-Nov-01,26.25,27.04,26.25,26.57,5319800
2-Nov-01,26.05,26.29,25.82,26.20,3801000
1-Nov-01,25.50,26.16,25.22,26.02,4642100
31-Oct-01,26.21,26.43,25.68,25.75,4089800
30-Oct-01,26.12,26.37,25.50,25.83,4013100
29-Oct-01,26.75,26.76,26.08,26.20,3436600
26-Oct-01,26.64,27.07,26.38,26.88,3233400
25-Oct-01,25.86,26.93,25.63,26.84,4167500
24-Oct-01,26.65,26.72,26.04,26.24,5048100
23-Oct-01,26.34,27.04,25.83,26.48,6457000
22-Oct-01,25.44,26.86,24.74,26.53,10563200
19-Oct-01,26.33,26.33,25.16,25.66,6136600
18-Oct-01,26.38,26.50,26.03,26.33,5378500
17-Oct-01,27.87,28.17,26.25,26.29,7417300
16-Oct-01,27.12,27.65,26.87,27.39,5835000
15-Oct-01,26.24,27.78,25.81,27.03,7946600
12-Oct-01,25.16,26.34,25.11,26.24,8247000
11-Oct-01,26.05,26.86,26.00,26.25,9678100
10-Oct-01,26.25,26.69,25.43,25.83,14162700
9-Oct-01,24.47,25.55,24.04,25.38,5568900
8-Oct-01,23.94,24.11,23.35,24.01,6164600
5-Oct-01,25.51,25.51,23.80,24.32,8388500
4-Oct-01,26.50,26.50,25.07,25.27,7813100
3-Oct-01,25.30,26.33,24.94,26.20,7428800
2-Oct-01,25.55,25.89,24.56,25.38,8415800
1-Oct-01,25.29,25.89,24.50,25.71,6578900
28-Sep-01,24.19,25.99,24.18,25.43,9770100
27-Sep-01,23.89,24.19,23.06,24.03,7380000
26-Sep-01,23.95,24.23,23.32,23.87,9249900
25-Sep-01,24.50,24.52,23.00,23.56,10299100
24-Sep-01,23.58,24.28,23.23,24.07,13264700
21-Sep-01,22.09,23.54,21.18,22.41,18737700
20-Sep-01,22.07,24.06,22.02,22.92,19168000
19-Sep-01,23.67,24.06,22.05,22.75,21383700
18-Sep-01,25.94,25.94,23.62,23.96,24160000
17-Sep-01,25.38,26.57,25.38,26.47,36541000
10-Sep-01,29.60,30.90,29.49,30.63,9786400
7-Sep-01,30.54,30.70,29.82,30.28,7002500
6-Sep-01,31.59,31.60,30.64,30.87,6878900
5-Sep-01,31.81,32.32,30.68,32.14,6479300
4-Sep-01,31.59,32.59,30.99,31.89,7709400
31-Aug-01,31.50,32.46,31.50,31.87,5036000
30-Aug-01,32.18,32.38,31.06,31.46,6495000
29-Aug-01,32.72,32.80,32.03,32.38,4019900
28-Aug-01,33.28,33.51,32.38,32.38,2753300
27-Aug-01,33.39,33.63,33.13,33.28,2811100
24-Aug-01,33.03,33.53,32.92,33.43,5634200
23-Aug-01,32.58,33.25,32.33,32.98,3991500
22-Aug-01,32.11,32.58,31.66,32.58,7079300
21-Aug-01,33.04,33.30,31.98,32.02,5946900
20-Aug-01,32.74,33.41,32.59,33.38,3632600
17-Aug-01,33.38,33.38,32.42,32.81,4359400
16-Aug-01,33.78,33.78,32.74,33.38,5151800
15-Aug-01,34.65,34.81,33.69,33.83,4239900
14-Aug-01,34.53,35.12,34.30,34.47,3744800
13-Aug-01,34.87,35.04,34.54,34.96,2347900
10-Aug-01,34.75,34.93,34.02,34.87,3034500
9-Aug-01,34.74,34.84,33.96,34.83,4735900
8-Aug-01,35.00,35.26,34.78,34.82,2891800
7-Aug-01,34.96,35.57,34.82,35.15,3551100
6-Aug-01,35.00,35.18,34.59,34.81,3132500
3-Aug-01,35.72,35.97,34.99,35.39,3788000
2-Aug-01,36.30,36.68,35.96,36.24,4765900
1-Aug-01,35.33,36.36,35.31,36.30,7163700
31-Jul-01,34.74,35.70,34.74,35.29,5751700
30-Jul-01,34.34,34.78,34.34,34.74,4030400
27-Jul-01,34.12,34.56,34.06,34.55,4660200
26-Jul-01,33.25,34.04,33.10,33.92,5714900
25-Jul-01,32.94,33.34,32.78,33.30,4429600
24-Jul-01,33.34,33.56,32.97,33.08,4773900
23-Jul-01,33.23,33.69,33.04,33.36,5394300
20-Jul-01,33.25,33.39,32.90,33.23,3923100
19-Jul-01,33.12,33.78,32.72,33.25,8064900
18-Jul-01,33.25,33.64,32.52,32.81,8618500
17-Jul-01,33.57,34.06,33.12,33.93,4404700
16-Jul-01,34.39,34.48,33.41,33.56,3812600
13-Jul-01,33.70,34.50,33.56,34.44,4476600
12-Jul-01,32.90,33.80,32.68,33.70,4158200
11-Jul-01,32.33,32.78,32.02,32.66,5455100
10-Jul-01,33.41,33.42,32.29,32.38,5366500
9-Jul-01,33.69,33.69,33.18,33.42,4211300
6-Jul-01,34.21,34.39,33.44,33.50,3094400
5-Jul-01,34.97,34.97,34.37,34.55,2934600
3-Jul-01,34.91,35.05,34.48,34.95,2407800
2-Jul-01,34.12,34.96,33.78,34.57,5271700
29-Jun-01,34.76,34.77,33.95,33.95,6465100
28-Jun-01,33.47,35.00,33.47,34.54,6895000
27-Jun-01,34.48,34.56,33.36,33.47,6355400
26-Jun-01,34.31,34.56,33.37,34.12,5695400
25-Jun-01,35.66,35.88,34.78,34.90,5140300
22-Jun-01,35.61,35.85,35.00,35.66,5085900
21-Jun-01,34.12,35.79,34.12,35.35,7223000
20-Jun-01,34.08,34.65,33.87,34.53,6442200
19-Jun-01,33.72,34.20,33.60,33.81,6800900
18-Jun-01,34.08,34.34,33.49,33.72,7112700
15-Jun-01,34.34,34.72,33.76,34.07,9688500
14-Jun-01,35.28,35.28,34.26,34.80,9235500
13-Jun-01,36.62,37.34,36.20,36.33,4887700
12-Jun-01,36.23,36.90,35.79,36.58,6549500
11-Jun-01,36.31,36.69,35.88,36.23,5156000
8-Jun-01,36.02,36.12,35.61,35.87,2867200
7-Jun-01,36.22,36.40,35.44,36.02,7581900
6-Jun-01,37.23,37.24,36.54,36.64,3574400
5-Jun-01,37.10,37.67,36.75,37.28,7127300
4-Jun-01,37.09,37.49,36.75,37.40,2600600
1-Jun-01,36.86,37.15,36.31,37.08,3851200
31-May-01,37.41,37.48,36.47,36.86,4643500
30-May-01,37.14,37.80,36.88,36.99,4657800
29-May-01,38.13,38.13,37.06,37.11,6891700
25-May-01,39.02,39.02,37.80,37.91,4097000
24-May-01,39.31,39.44,38.15,39.02,4185800
23-May-01,40.03,40.03,38.96,39.11,5103100
22-May-01,39.86,40.73,39.50,40.29,6716000
21-May-01,38.15,39.59,37.90,39.37,5160500
18-May-01,38.82,38.93,37.64,38.24,4519700
17-May-01,38.76,39.14,38.11,38.82,5821900
16-May-01,36.53,39.01,36.09,38.76,6801000
15-May-01,37.11,37.30,36.30,36.61,5095900
14-May-01,36.71,37.26,36.69,37.11,2614400
11-May-01,37.19,37.56,36.62,36.99,4110600
10-May-01,37.36,37.79,37.23,37.48,5932300
9-May-01,35.60,36.66,35.58,36.40,5090500
8-May-01,36.71,36.98,35.44,36.14,9993600
7-May-01,38.06,38.27,37.69,37.83,3359000
4-May-01,37.59,38.70,36.53,38.37,5757300
3-May-01,37.28,37.41,36.66,37.15,5930700
2-May-01,37.41,38.37,37.14,37.84,7293700
1-May-01,36.92,37.64,36.76,36.97,6537700
30-Apr-01,38.49,38.61,37.14,37.14,5955800
27-Apr-01,37.23,38.41,37.23,38.27,6344300
26-Apr-01,36.31,37.39,36.31,36.66,5947900
25-Apr-01,35.44,36.23,35.06,35.96,7530500
24-Apr-01,36.09,36.30,35.35,35.66,5817300
23-Apr-01,36.09,36.18,34.92,35.45,6784700
20-Apr-01,37.37,37.37,36.22,36.31,5770500
19-Apr-01,37.17,38.32,36.75,37.59,7107500
18-Apr-01,34.26,39.38,34.26,37.26,10670600
17-Apr-01,33.36,34.34,33.08,34.11,3916100
16-Apr-01,33.73,34.34,33.18,33.71,4457400
12-Apr-01,33.22,34.56,33.16,34.29,5420100
11-Apr-01,34.39,34.99,33.25,33.64,6222500
10-Apr-01,33.16,33.58,32.64,33.40,8399100
9-Apr-01,32.36,32.97,31.98,32.49,5208800
6-Apr-01,32.16,33.22,31.85,32.12,7827300
5-Apr-01,32.77,33.55,32.38,33.52,8738500
4-Apr-01,33.15,33.47,31.46,31.68,8932100
3-Apr-01,34.18,34.48,32.93,33.24,7160800
2-Apr-01,33.21,35.44,33.21,34.75,13299800
30-Mar-01,36.53,36.82,34.48,36.14,15417400
29-Mar-01,33.60,34.62,33.60,34.09,6335100
28-Mar-01,34.39,34.90,33.65,34.13,7225000
27-Mar-01,33.25,35.00,32.55,34.69,10545800
26-Mar-01,32.81,33.83,32.61,33.06,10351700
23-Mar-01,30.76,32.24,30.58,32.20,11733800
22-Mar-01,30.76,31.83,29.75,30.36,23812000
21-Mar-01,32.38,32.38,30.19,30.62,16203300
20-Mar-01,34.39,34.41,32.38,32.61,9809500
19-Mar-01,34.34,34.34,33.32,33.92,7164900
16-Mar-01,34.82,35.33,33.34,33.41,11641600
15-Mar-01,35.09,35.44,34.26,34.82,12315800
14-Mar-01,34.34,35.38,33.25,33.67,11791300
13-Mar-01,35.88,36.49,35.26,36.43,6586200
12-Mar-01,36.79,36.81,34.94,35.35,8120300
9-Mar-01,38.66,38.67,37.01,37.39,5558400
8-Mar-01,39.20,39.52,38.32,38.88,4059400
7-Mar-01,37.71,38.68,37.63,38.68,4705000
6-Mar-01,38.34,38.85,37.23,37.62,5833400
5-Mar-01,38.50,38.63,37.20,37.88,3760900
2-Mar-01,37.41,38.93,37.08,38.28,6353300
1-Mar-01,38.04,38.26,36.75,37.62,8330400
28-Feb-01,39.81,39.93,38.24,38.40,6242900
27-Feb-01,39.16,40.12,38.82,39.76,6332300
26-Feb-01,39.32,39.58,38.24,39.55,6692800
23-Feb-01,39.11,39.52,38.06,39.29,5649700
22-Feb-01,38.47,39.09,36.65,38.94,9991700
21-Feb-01,39.62,40.09,38.27,38.47,5454500
20-Feb-01,41.39,41.50,39.46,40.23,5659500
16-Feb-01,41.06,41.54,40.46,41.32,4512600
15-Feb-01,41.17,41.35,40.52,41.00,4220500
14-Feb-01,41.12,41.23,40.41,40.81,4268600
13-Feb-01,42.02,42.44,40.51,40.93,5541400
12-Feb-01,41.17,42.18,41.17,42.10,3972800
9-Feb-01,41.91,41.99,41.08,41.15,3912600
8-Feb-01,40.69,42.31,40.65,41.21,6177700
7-Feb-01,41.43,42.13,39.81,40.57,7724800
6-Feb-01,42.36,42.37,40.95,41.12,5817400
5-Feb-01,42.21,42.93,41.96,42.36,4040300
2-Feb-01,41.55,43.71,41.48,42.10,8683500
1-Feb-01,41.21,41.86,41.21,41.55,5885700
31-Jan-01,41.82,42.44,40.25,41.21,8897100
30-Jan-01,41.12,42.10,40.90,41.92,8949500
29-Jan-01,41.39,42.28,41.34,41.66,7388200
26-Jan-01,40.58,41.23,40.14,40.80,7938100
25-Jan-01,41.23,41.67,40.25,40.58,8629900
24-Jan-01,41.56,41.56,39.87,40.47,13540500
23-Jan-01,40.47,41.45,40.25,40.69,20242400
22-Jan-01,42.77,42.98,38.66,39.38,15159100
19-Jan-01,43.42,43.64,41.18,42.55,8084800
18-Jan-01,44.30,44.35,42.93,43.42,5140900
17-Jan-01,43.37,43.81,42.82,43.26,7980800
16-Jan-01,41.95,42.82,41.51,42.27,5641800
12-Jan-01,42.82,42.82,41.07,41.95,7100100
11-Jan-01,40.74,42.49,40.36,41.89,8168100
10-Jan-01,40.91,42.00,40.47,40.85,10736700
9-Jan-01,42.88,43.31,40.41,41.07,9923500
8-Jan-01,45.39,45.39,42.55,42.82,8718300
5-Jan-01,46.59,46.65,44.19,45.12,6352800
4-Jan-01,49.49,49.71,47.03,47.41,8206700
3-Jan-01,45.06,49.93,45.01,48.95,8966100
2-Jan-01,47.69,47.85,45.12,45.50,4367200
29-Dec-00,47.69,48.51,47.58,48.07,4379400
28-Dec-00,47.47,47.69,46.81,47.25,3555800
27-Dec-00,47.41,47.69,46.54,46.54,7058400
26-Dec-00,46.76,46.98,46.05,46.59,3879100
22-Dec-00,46.38,47.14,45.99,46.54,4319800
21-Dec-00,46.38,46.38,45.06,45.99,6095100
20-Dec-00,48.07,48.12,44.57,45.01,7293300
19-Dec-00,49.98,50.64,47.58,48.07,5356700
18-Dec-00,48.45,50.70,48.40,49.66,5531700
15-Dec-00,48.29,48.51,46.92,47.80,6199800
14-Dec-00,49.44,49.49,47.69,48.51,4791400
13-Dec-00,49.38,50.81,49.22,49.44,3921500
12-Dec-00,49.22,49.55,48.45,49.16,2547000
11-Dec-00,48.73,49.82,48.40,49.44,3773500
8-Dec-00,47.25,48.89,47.25,47.25,3786300
7-Dec-00,47.25,47.96,46.59,46.76,3403900
6-Dec-00,47.14,49.11,46.81,46.98,4953300
5-Dec-00,46.81,48.12,45.88,46.87,6874500
4-Dec-00,46.98,47.03,44.95,45.64,7485800
1-Dec-00,49.22,49.22,47.25,47.47,4770400
30-Nov-00,49.60,51.84,46.70,48.07,10028800
29-Nov-00,48.29,50.04,48.12,49.82,4315400
28-Nov-00,46.27,49.33,46.27,48.20,4976000
27-Nov-00,47.25,47.25,46.27,46.38,3296200
24-Nov-00,45.23,45.72,44.79,44.95,1799900
22-Nov-00,46.27,47.03,44.73,45.45,3565800
21-Nov-00,45.94,46.81,43.81,46.59,4355900
20-Nov-00,49.06,49.06,45.99,46.05,5405600
17-Nov-00,50.04,50.53,48.23,49.06,4447700
16-Nov-00,50.31,52.01,49.88,50.53,2466400
15-Nov-00,50.09,52.06,49.44,50.42,3760800
14-Nov-00,48.89,51.52,48.89,50.15,3440000
13-Nov-00,49.82,50.75,48.62,49.00,3526200
10-Nov-00,50.64,51.95,49.93,49.93,3504200
9-Nov-00,50.91,51.79,49.93,50.97,3971700
8-Nov-00,53.65,53.65,50.64,50.75,3914200
7-Nov-00,52.83,53.76,52.66,53.43,2330100
6-Nov-00,52.39,53.05,51.90,53.05,3297100
3-Nov-00,51.19,52.83,50.53,52.28,3797000
2-Nov-00,51.19,51.68,50.37,50.42,3816200
1-Nov-00,52.39,52.61,49.98,51.13,4503300
31-Oct-00,51.08,52.66,50.20,52.50,4805100
30-Oct-00,49.33,51.52,49.27,51.13,3622600
27-Oct-00,48.89,49.22,47.96,48.84,3440500
26-Oct-00,49.38,49.49,46.43,47.63,6806900
25-Oct-00,50.53,51.41,49.88,50.20,5105500
24-Oct-00,47.96,50.20,47.85,50.04,5076800
23-Oct-00,48.23,49.49,47.25,47.80,4959300
20-Oct-00,48.51,49.77,48.51,49.00,2942400
19-Oct-00,48.34,49.77,48.29,49.06,4283100
18-Oct-00,46.27,48.67,44.30,47.47,8145700
17-Oct-00,48.34,49.00,46.48,47.03,5521600
16-Oct-00,47.69,49.55,47.25,48.78,5399300
13-Oct-00,45.01,47.52,45.01,47.20,5119500
12-Oct-00,49.00,49.77,44.79,45.39,9531800
11-Oct-00,48.02,48.95,47.31,47.58,7038600
10-Oct-00,49.82,49.82,48.12,48.56,6168800
9-Oct-00,50.75,50.75,49.38,49.55,4123900
6-Oct-00,52.99,53.16,50.31,50.70,6840200
5-Oct-00,53.98,54.69,53.16,53.38,3735400
4-Oct-00,53.87,54.09,53.27,53.27,2752600
3-Oct-00,54.63,54.85,53.70,53.81,3935100
2-Oct-00,53.38,55.12,52.39,55.12,4220700
29-Sep-00,53.65,54.20,53.10,53.16,2853700
28-Sep-00,51.41,54.25,51.41,53.32,3307500
27-Sep-00,51.62,51.90,51.08,51.30,3109100
26-Sep-00,52.56,53.10,51.46,52.12,2333700
25-Sep-00,51.62,52.83,51.08,52.39,3318200
22-Sep-00,50.97,51.84,50.64,51.41,3060700
21-Sep-00,49.71,51.13,48.89,50.97,3811300
20-Sep-00,50.37,50.91,49.33,50.75,4054500
19-Sep-00,50.75,52.39,50.75,52.34,3515200
18-Sep-00,51.35,51.62,50.75,50.91,2905800
15-Sep-00,52.99,53.54,51.41,51.90,4975300
14-Sep-00,53.54,54.14,52.94,53.21,2409400
13-Sep-00,54.14,54.47,52.77,53.65,3608600
12-Sep-00,54.20,54.20,52.99,54.14,3449300
11-Sep-00,52.50,54.20,52.50,54.09,3751200
8-Sep-00,51.79,53.10,51.57,53.05,3523300
7-Sep-00,52.50,52.50,51.19,51.90,1837100
6-Sep-00,52.50,54.14,52.06,52.06,4184000
5-Sep-00,51.13,52.45,51.08,52.28,2714400
1-Sep-00,52.06,52.39,51.08,51.13,2119400
31-Aug-00,51.62,52.83,51.62,51.84,3945300
30-Aug-00,51.46,52.23,51.30,51.57,2292000
29-Aug-00,51.73,52.23,51.02,51.13,3514600
28-Aug-00,0.00,52.45,49.88,52.45,4912000
25-Aug-00,49.55,50.04,49.49,49.49,2472800
24-Aug-00,50.75,50.75,48.78,50.09,4479300
23-Aug-00,51.02,51.02,49.88,50.15,3717800
22-Aug-00,52.06,52.17,50.26,50.70,4130900
21-Aug-00,51.62,52.55,51.41,51.73,2774500
18-Aug-00,51.62,51.79,50.97,51.19,2355500
17-Aug-00,50.26,51.62,50.15,51.19,2772200
16-Aug-00,51.41,52.23,50.09,50.15,3072000
15-Aug-00,52.45,52.45,51.35,51.79,3129700
14-Aug-00,52.61,52.88,51.41,52.50,2807100
11-Aug-00,51.41,52.88,51.13,52.28,3615300
10-Aug-00,52.23,52.50,51.19,51.30,2658400
9-Aug-00,50.86,52.61,50.86,52.17,3655500
8-Aug-00,51.52,51.52,50.31,51.41,3224600
7-Aug-00,51.84,52.34,50.91,51.41,4060100
4-Aug-00,51.52,52.66,50.91,52.34,4313900
3-Aug-00,48.89,51.24,48.89,50.75,3913800
2-Aug-00,49.82,50.70,49.16,50.20,3145900
1-Aug-00,49.88,50.31,49.44,49.82,2386700
31-Jul-00,48.89,50.20,48.84,49.60,3491100
28-Jul-00,51.41,51.41,48.18,48.84,4405300
27-Jul-00,49.22,51.13,49.11,51.02,3774600
26-Jul-00,48.29,49.77,48.23,48.67,4032300
25-Jul-00,50.09,50.42,48.67,48.89,4227100
24-Jul-00,51.84,52.28,49.16,49.93,4543700
21-Jul-00,49.66,52.12,49.66,51.84,6135000
20-Jul-00,48.23,50.53,48.23,49.77,3854100
19-Jul-00,48.23,48.73,47.69,48.18,2608000
18-Jul-00,49.00,49.05,47.47,48.29,3531200
17-Jul-00,49.88,50.20,48.12,49.27,4146900
14-Jul-00,48.29,49.98,48.07,49.93,3934300
13-Jul-00,48.67,48.67,47.80,48.18,2040900
12-Jul-00,47.47,48.62,46.98,48.12,3995400
11-Jul-00,48.02,48.51,46.59,47.36,3898500
10-Jul-00,46.92,48.18,46.21,48.02,4046600
7-Jul-00,45.94,47.09,45.55,47.03,4057400
6-Jul-00,44.90,45.55,44.35,45.45,4148800
5-Jul-00,46.16,46.32,45.12,45.61,3551000
3-Jul-00,44.52,46.05,44.52,45.83,1727300
30-Jun-00,45.23,45.66,44.62,45.61,4626500
29-Jun-00,46.21,46.54,45.50,45.94,3451200
28-Jun-00,46.54,48.07,46.54,46.54,4657100
27-Jun-00,49.00,49.27,47.03,47.41,3532000
26-Jun-00,46.92,49.44,46.87,49.16,3622200
23-Jun-00,46.76,47.52,46.16,46.92,3237600
22-Jun-00,45.83,46.81,45.45,46.76,3628200
21-Jun-00,47.30,47.30,45.61,46.05,2450200
20-Jun-00,46.16,47.80,46.16,47.25,3503000
19-Jun-00,45.66,48.18,45.45,46.81,4874400
16-Jun-00,48.56,48.73,44.95,45.20,6749800
15-Jun-00,49.33,49.77,47.20,48.56,4448000
14-Jun-00,47.91,50.04,47.80,49.77,4398300
13-Jun-00,47.03,47.85,46.21,47.69,2827400
12-Jun-00,47.03,47.69,46.81,46.98,2647300
9-Jun-00,48.56,49.27,46.81,47.09,2780700
8-Jun-00,49.16,49.44,48.18,48.18,2910400
7-Jun-00,47.47,49.82,47.41,49.38,3261000
6-Jun-00,48.45,48.45,46.81,47.25,4124200
5-Jun-00,49.22,49.22,47.96,48.67,3291800
2-Jun-00,0.00,49.88,48.56,49.44,5281400
1-Jun-00,47.09,48.02,46.38,47.14,4718600
31-May-00,44.35,47.58,43.97,47.25,5411800
30-May-00,43.42,44.41,43.42,44.30,1956500
26-May-00,43.09,43.70,42.60,42.93,1971800
25-May-00,43.75,44.79,42.44,42.77,4386600
24-May-00,44.41,45.83,43.20,43.75,4909000
23-May-00,43.09,44.52,43.09,44.41,3138400
22-May-00,43.97,44.30,42.60,43.42,3423800
19-May-00,44.46,44.73,43.53,44.02,3259200
18-May-00,44.41,45.83,44.41,45.34,3103000
17-May-00,44.62,45.28,43.97,44.57,3497300
16-May-00,45.99,46.05,44.68,44.73,4006200
15-May-00,44.19,45.83,43.91,45.66,3884700
12-May-00,42.98,44.30,42.88,43.97,3614500
11-May-00,41.78,43.31,41.56,43.31,3719200
10-May-00,43.27,43.82,41.56,41.78,10078701
9-May-00,44.31,44.91,43.01,43.12,7196901
8-May-00,42.25,44.38,42.21,44.31,6310101
5-May-00,42.18,42.74,41.23,42.58,5787801
4-May-00,41.78,42.90,41.68,42.18,6877401
3-May-00,43.01,43.63,40.79,41.38,8568300
2-May-00,44.11,44.11,42.98,43.14,6960099
1-May-00,43.60,44.65,42.67,44.11,8754099
28-Apr-00,45.16,45.71,43.56,43.56,7829799
27-Apr-00,44.43,45.22,43.71,45.16,8125599
26-Apr-00,46.04,46.55,45.02,45.05,7854501
25-Apr-00,44.00,46.04,43.98,46.04,9648300
24-Apr-00,41.59,44.03,41.38,43.72,11234301
20-Apr-00,40.57,41.92,40.41,41.67,5364201
19-Apr-00,40.65,41.01,40.16,40.65,5561901
18-Apr-00,39.41,40.97,39.34,40.77,6582300
17-Apr-00,38.75,39.74,38.43,39.04,10476900
14-Apr-00,41.81,41.96,38.41,39.04,15599100
13-Apr-00,43.92,44.11,42.25,42.54,8906700
12-Apr-00,42.61,44.87,42.60,43.85,11735799
11-Apr-00,42.07,42.69,41.08,42.30,8749899
10-Apr-00,40.52,42.25,40.26,41.72,8150301
7-Apr-00,41.19,41.19,40.39,40.52,6852300
6-Apr-00,41.96,41.98,40.81,41.08,9252000
5-Apr-00,42.54,42.90,41.76,42.10,8424201
4-Apr-00,45.31,45.98,41.58,42.83,14532501
3-Apr-00,43.63,45.80,43.54,45.31,8973399
31-Mar-00,43.27,43.85,42.69,43.40,6343401
30-Mar-00,44.14,44.47,43.09,43.41,6783699
29-Mar-00,44.33,45.05,43.49,44.18,6366699
28-Mar-00,43.60,45.13,43.40,44.43,7989000
27-Mar-00,45.31,45.45,43.45,43.85,7021500
24-Mar-00,45.42,45.84,44.82,45.35,9556800
23-Mar-00,43.05,45.45,42.32,45.42,11253501
22-Mar-00,42.72,43.05,41.78,43.05,6332700
21-Mar-00,41.38,43.41,40.36,42.50,11600901
20-Mar-00,42.25,42.85,41.07,41.38,8717901
17-Mar-00,41.52,42.83,41.10,41.85,11811501
16-Mar-00,39.92,42.70,39.77,41.89,17310600
15-Mar-00,37.51,39.12,37.06,38.72,11212299
14-Mar-00,37.81,38.57,37.26,37.42,9378999
13-Mar-00,36.06,38.28,35.66,36.88,10196499
10-Mar-00,35.88,37.82,35.49,36.91,12442401
9-Mar-00,36.09,36.24,34.82,35.77,12832200
8-Mar-00,36.90,36.90,35.27,35.77,11338299
7-Mar-00,37.73,37.88,36.17,36.82,11138499
6-Mar-00,0.00,38.97,37.48,37.66,7263201
3-Mar-00,0.00,40.32,38.24,38.90,8742300
2-Mar-00,0.00,40.05,38.57,38.92,8690199
1-Mar-00,0.00,40.05,38.52,39.48,7794099
29-Feb-00,39.63,39.68,38.32,39.10,8563899
28-Feb-00,36.86,39.48,36.86,38.64,16362699
25-Feb-00,38.21,39.04,36.13,36.35,16516200
24-Feb-00,40.10,40.37,37.55,37.88,19853100
23-Feb-00,40.50,40.99,39.83,40.25,10836201
22-Feb-00,40.65,40.87,40.10,40.54,13774401
18-Feb-00,43.09,43.11,39.44,40.21,15490701
17-Feb-00,44.94,45.31,41.63,43.11,14188899
16-Feb-00,45.60,45.67,44.33,44.83,7582299
15-Feb-00,44.94,46.51,44.82,46.36,4674399
14-Feb-00,44.73,46.02,44.73,44.87,5425599
11-Feb-00,45.16,46.06,44.27,44.73,6509100
10-Feb-00,45.64,46.47,44.76,45.02,5984001
9-Feb-00,47.46,47.46,45.16,45.62,7145799
8-Feb-00,47.64,48.17,47.42,47.49,5263701
7-Feb-00,47.04,47.75,46.89,47.33,4476699
4-Feb-00,47.46,47.68,46.80,47.04,5148300
3-Feb-00,47.93,48.22,46.80,47.46,7449501
2-Feb-00,49.10,49.10,47.68,47.84,8907099
1-Feb-00,47.95,49.39,47.73,49.24,9228699
31-Jan-00,45.75,48.30,45.69,48.00,7415499
28-Jan-00,46.95,47.28,45.96,46.11,7029801
27-Jan-00,46.91,47.86,46.64,47.48,6243900
26-Jan-00,46.62,47.80,46.47,46.55,13200900
25-Jan-00,44.18,46.26,44.18,46.15,10147401
24-Jan-00,44.94,46.04,43.89,44.29,9912999
21-Jan-00,44.58,44.80,43.98,44.20,6288501
20-Jan-00,43.78,45.05,43.23,44.42,11277900
19-Jan-00,44.73,45.09,43.34,43.40,6588501
18-Jan-00,46.04,46.04,44.14,44.16,5870400
14-Jan-00,46.02,46.95,45.95,46.47,6252801
13-Jan-00,45.60,46.11,44.94,45.45,5801100
12-Jan-00,45.44,46.29,44.71,45.22,5783700
11-Jan-00,44.98,46.62,44.80,45.45,7101099
10-Jan-00,44.58,45.62,44.25,45.04,4888899
7-Jan-00,43.92,44.73,43.27,44.42,6024600
6-Jan-00,42.40,44.40,42.40,43.78,10997100
5-Jan-00,43.85,44.62,42.90,42.96,8609799
4-Jan-00,45.25,45.42,43.45,44.09,10318599
3-Jan-00,47.93,47.93,45.45,45.82,6437400
31-Dec-99,0.00,48.95,48.22,48.44,1166499
30-Dec-99,0.00,48.95,48.00,48.30,2993400
29-Dec-99,0.00,48.48,47.31,48.22,3233601
28-Dec-99,0.00,47.69,46.20,47.13,3943101
27-Dec-99,0.00,47.35,46.11,46.11,3079500
23-Dec-99,0.00,46.57,45.27,46.40,2972499
22-Dec-99,0.00,46.11,45.27,45.27,2702100
21-Dec-99,0.00,46.60,44.51,45.98,7519899
20-Dec-99,0.00,45.91,44.62,45.33,4604001
17-Dec-99,0.00,45.51,44.69,45.20,9544500
16-Dec-99,0.00,45.80,44.18,44.47,8371299
15-Dec-99,0.00,46.91,46.07,46.09,5405400
14-Dec-99,0.00,47.88,46.77,46.77,5534700
13-Dec-99,0.00,49.06,47.93,48.51,6096600
10-Dec-99,0.00,49.21,46.93,48.88,8270400
9-Dec-99,0.00,47.42,46.13,46.57,6651501
8-Dec-99,0.00,46.73,45.75,46.11,4079700
7-Dec-99,0.00,46.60,45.55,46.29,5987400
6-Dec-99,0.00,46.29,45.40,46.26,4383000
3-Dec-99,0.00,46.46,45.53,45.82,5297301
2-Dec-99,0.00,45.09,44.29,44.76,4117701
1-Dec-99,0.00,44.73,43.49,44.51,4935501
30-Nov-99,0.00,44.76,43.12,44.09,6380100
29-Nov-99,0.00,44.18,42.90,43.07,5028900
26-Nov-99,0.00,44.96,44.47,44.47,1144599
24-Nov-99,0.00,45.24,44.58,44.58,3238401
23-Nov-99,0.00,45.78,44.87,45.29,5587299
22-Nov-99,0.00,45.58,44.80,45.33,3956499
19-Nov-99,0.00,45.71,45.05,45.16,3890499
18-Nov-99,0.00,45.82,45.09,45.13,6599799
17-Nov-99,0.00,46.18,45.05,45.05,4492101
16-Nov-99,0.00,46.69,45.22,46.47,9166500
15-Nov-99,0.00,46.00,44.89,45.82,7079499
12-Nov-99,0.00,45.16,43.16,44.94,7852500
11-Nov-99,0.00,42.80,41.98,42.47,7077099
10-Nov-99,0.00,43.12,42.18,42.25,7269000
9-Nov-99,0.00,43.23,42.29,42.56,7692501
8-Nov-99,0.00,43.89,42.61,42.81,6458700
5-Nov-99,0.00,44.07,43.20,43.63,6093801
4-Nov-99,0.00,43.87,42.52,42.63,7465599
3-Nov-99,0.00,43.23,42.43,42.83,8204601
2-Nov-99,0.00,44.14,42.85,42.98,8402601
1-Nov-99,0.00,44.03,43.27,43.41,10578501
29-Oct-99,0.00,46.31,44.29,44.87,16900899
28-Oct-99,0.00,46.91,45.42,46.91,16894701
27-Oct-99,0.00,44.29,42.10,43.89,9551001
26-Oct-99,0.00,42.65,41.19,42.18,10233300
25-Oct-99,0.00,43.03,41.63,41.78,8789400
22-Oct-99,0.00,43.65,42.54,43.31,6609699
21-Oct-99,0.00,42.49,41.18,42.21,6140901
20-Oct-99,0.00,42.23,40.88,42.18,5289000
19-Oct-99,0.00,41.63,40.63,40.76,8848701
18-Oct-99,0.00,40.28,38.90,40.17,11329401
15-Oct-99,0.00,40.45,39.04,39.34,10722600
14-Oct-99,0.00,41.52,40.23,41.38,8158899
13-Oct-99,0.00,42.32,41.10,41.38,6504999
12-Oct-99,0.00,43.12,42.29,42.32,5040600
11-Oct-99,0.00,43.56,42.83,43.38,4421100
8-Oct-99,0.00,43.67,42.18,43.62,6902400
7-Oct-99,0.00,42.98,42.10,42.50,9118200
6-Oct-99,0.00,42.70,40.99,42.69,10389399
5-Oct-99,0.00,42.14,40.23,40.99,13156599
4-Oct-99,0.00,40.23,38.37,40.08,6103800
1-Oct-99,0.00,38.88,37.95,38.28,6977901
30-Sep-99,0.00,39.59,38.73,39.34,6103800
29-Sep-99,0.00,39.39,38.77,38.92,4902999
28-Sep-99,0.00,39.99,38.13,39.57,9204000
27-Sep-99,0.00,40.36,39.26,39.34,5475099
24-Sep-99,0.00,39.99,39.21,39.74,6209499
23-Sep-99,0.00,40.37,39.06,39.44,7075101
22-Sep-99,0.00,40.28,39.26,39.75,6633399
21-Sep-99,0.00,40.46,39.92,40.14,5851899
20-Sep-99,0.00,40.72,40.43,40.56,2929299
17-Sep-99,0.00,41.21,40.21,40.76,6741501
16-Sep-99,0.00,40.36,38.97,39.77,8258700
15-Sep-99,0.00,40.96,39.74,39.95,7374699
14-Sep-99,0.00,40.65,39.85,40.61,4620099
13-Sep-99,0.00,41.16,40.43,40.87,3500001
10-Sep-99,0.00,41.52,40.72,40.79,5651799
9-Sep-99,0.00,40.65,39.79,40.39,5362500
8-Sep-99,0.00,41.78,40.28,40.28,7523700
7-Sep-99,0.00,41.52,40.81,41.12,3584301
3-Sep-99,0.00,41.56,40.61,41.38,7891500
2-Sep-99,0.00,39.97,38.90,39.59,7627701
1-Sep-99,0.00,40.61,39.77,40.50,5837100
31-Aug-99,0.00,41.08,39.74,40.06,7916901
30-Aug-99,0.00,42.27,40.68,40.70,7513401
27-Aug-99,0.00,42.81,41.94,42.14,5363199
26-Aug-99,0.00,43.74,42.69,42.89,6536199
25-Aug-99,0.00,42.96,41.43,42.90,10506699
24-Aug-99,0.00,43.89,42.40,43.09,11436801
23-Aug-99,0.00,42.89,41.96,42.65,7407000
20-Aug-99,0.00,41.74,40.50,41.63,5892501
19-Aug-99,0.00,40.61,39.34,40.36,6137799
18-Aug-99,0.00,40.65,39.79,39.99,4758900
17-Aug-99,0.00,40.97,40.21,40.87,8178201
16-Aug-99,0.00,39.63,38.86,39.59,5005599
13-Aug-99,0.00,39.30,38.79,39.24,6118299
12-Aug-99,0.00,38.53,37.41,37.81,5784999
11-Aug-99,0.00,37.33,36.42,37.00,7148901
10-Aug-99,0.00,36.68,35.86,36.28,7883001
9-Aug-99,0.00,36.86,35.62,36.42,7439499
6-Aug-99,0.00,37.00,35.55,35.86,8108799
5-Aug-99,0.00,37.15,35.51,37.04,8020899
4-Aug-99,0.00,37.84,35.77,35.98,8583801
3-Aug-99,0.00,38.32,36.71,36.91,8706300
2-Aug-99,0.00,39.55,37.82,37.90,8763699
30-Jul-99,0.00,40.12,38.22,38.39,6540699
29-Jul-99,0.00,40.66,39.30,40.37,7492500
28-Jul-99,0.00,41.96,40.94,41.16,9361800
27-Jul-99,0.00,41.81,39.92,41.48,10299099
26-Jul-99,0.00,40.17,38.79,39.77,5675199
23-Jul-99,0.00,40.32,39.24,39.50,5898999
22-Jul-99,0.00,40.28,38.46,39.92,8087499
21-Jul-99,0.00,39.74,38.57,39.04,4910499
20-Jul-99,0.00,41.07,38.79,38.99,7763199
19-Jul-99,0.00,40.72,39.55,40.56,5685801
16-Jul-99,0.00,39.66,38.57,39.59,4111899
15-Jul-99,0.00,39.30,38.73,39.12,4917699
14-Jul-99,0.00,39.03,38.32,38.32,3196200
13-Jul-99,0.00,39.75,38.73,38.79,3971499
12-Jul-99,0.00,39.74,38.83,39.41,5343300
9-Jul-99,0.00,39.34,38.32,38.90,4593699
8-Jul-99,0.00,39.83,38.66,38.97,5932599
7-Jul-99,0.00,40.26,39.28,39.55,4765701
6-Jul-99,0.00,40.79,39.66,40.28,5282199
2-Jul-99,0.00,40.36,38.83,40.10,5337099
1-Jul-99,0.00,38.83,37.70,38.79,7022901
30-Jun-99,0.00,38.94,36.59,37.92,11037000
29-Jun-99,0.00,37.15,36.11,37.13,4001700
28-Jun-99,0.00,36.88,36.13,36.49,4737501
25-Jun-99,0.00,36.06,35.18,35.68,3822501
24-Jun-99,0.00,35.98,34.71,34.96,4460601
23-Jun-99,0.00,36.26,35.57,35.73,3922401
22-Jun-99,0.00,36.91,36.24,36.35,3096300
21-Jun-99,0.00,37.00,36.28,36.80,3768000
18-Jun-99,0.00,37.00,36.17,36.33,5523801
17-Jun-99,0.00,36.97,36.17,36.64,4865601
16-Jun-99,0.00,36.28,35.51,36.13,5696499
15-Jun-99,0.00,35.07,34.56,34.69,3994899
14-Jun-99,0.00,35.11,34.36,34.46,3877800
11-Jun-99,0.00,36.42,34.71,35.41,5417001
10-Jun-99,0.00,36.28,35.15,35.88,3802599
9-Jun-99,0.00,37.55,36.17,36.46,4243701
8-Jun-99,0.00,37.70,37.19,37.59,4789401
7-Jun-99,0.00,37.46,36.79,37.30,4843200
4-Jun-99,0.00,36.49,35.33,36.49,4418700
3-Jun-99,0.00,35.44,34.51,35.44,5245101
2-Jun-99,0.00,34.66,33.51,34.51,5664900
1-Jun-99,0.00,35.18,34.20,34.44,7040499
28-May-99,0.00,35.38,34.09,35.27,5626101
27-May-99,0.00,35.49,33.91,34.05,7414200
26-May-99,0.00,35.57,33.51,34.84,6436299
25-May-99,0.00,35.04,33.36,33.36,4995000
24-May-99,0.00,34.96,33.96,34.04,6330300
21-May-99,0.00,35.77,34.67,35.04,4851099
20-May-99,0.00,36.53,35.95,35.95,4805799
19-May-99,0.00,36.39,35.64,36.39,5659401
18-May-99,0.00,36.42,35.40,36.24,7907301
17-May-99,0.00,35.73,34.53,35.44,7491399
14-May-99,0.00,35.84,34.67,35.18,8081700
13-May-99,0.00,36.86,36.06,36.35,6162201
12-May-99,0.00,37.15,36.49,36.71,9772701
11-May-99,0.00,38.94,37.24,37.24,5571900
10-May-99,0.00,39.41,37.99,38.17,3975000
7-May-99,0.00,39.34,38.28,39.24,6532101
6-May-99,0.00,38.59,36.97,38.17,6431199
5-May-99,0.00,38.02,36.66,37.70,6354399
4-May-99,0.00,38.72,37.04,37.04,6034200
3-May-99,0.00,39.08,37.59,38.86,4413900
30-Apr-99,0.00,39.61,37.61,38.08,4826400
29-Apr-99,0.00,40.05,39.34,39.44,5101701
28-Apr-99,0.00,40.50,38.73,38.77,4192899
27-Apr-99,0.00,40.50,38.97,40.43,5063199
26-Apr-99,0.00,39.61,38.90,39.14,4947501
23-Apr-99,0.00,40.50,38.64,39.44,5307501
22-Apr-99,0.00,41.56,38.90,39.97,11237001
21-Apr-99,0.00,39.30,37.19,39.30,5621601
20-Apr-99,0.00,37.88,36.64,37.15,4583100
19-Apr-99,0.00,38.53,36.66,36.75,6406500
16-Apr-99,0.00,38.61,37.39,37.84,6832800
15-Apr-99,0.00,39.57,36.90,38.95,10212600
14-Apr-99,0.00,40.77,39.55,39.77,8979501
13-Apr-99,0.00,40.54,38.90,40.36,8744100
12-Apr-99,0.00,39.54,36.97,39.44,7880601
9-Apr-99,0.00,37.70,36.29,37.41,3787899
8-Apr-99,0.00,37.95,37.00,37.22,6358899
7-Apr-99,0.00,36.97,35.88,36.84,5615799
6-Apr-99,0.00,36.55,35.62,35.91,4437900
5-Apr-99,0.00,36.59,35.62,36.55,5440500
1-Apr-99,0.00,35.49,34.49,35.26,5528901
31-Mar-99,0.00,35.77,34.24,34.31,5135001
30-Mar-99,0.00,36.09,35.27,35.40,3790599
29-Mar-99,0.00,36.24,35.26,35.93,4286601
26-Mar-99,0.00,35.60,34.93,35.18,3910101
25-Mar-99,0.00,35.73,34.71,35.69,4907100
24-Mar-99,0.00,35.44,33.89,34.13,6276801
23-Mar-99,0.00,35.68,34.67,35.35,5889699
22-Mar-99,0.00,36.28,35.66,35.80,3748800
19-Mar-99,0.00,37.77,35.69,35.88,8551500
18-Mar-99,0.00,37.19,35.62,37.19,6791499
17-Mar-99,0.00,35.84,34.96,35.24,4599501
16-Mar-99,0.00,36.93,35.86,36.00,5221800
15-Mar-99,0.00,37.41,36.35,36.64,5927799
12-Mar-99,0.00,37.22,35.48,36.79,8543301
11-Mar-99,0.00,35.98,34.40,35.98,7236999
10-Mar-99,0.00,35.15,34.24,34.27,4436901
9-Mar-99,0.00,34.89,33.80,34.46,5310600
8-Mar-99,0.00,34.38,33.80,33.96,5636001
5-Mar-99,0.00,34.60,33.58,34.56,8717901
4-Mar-99,0.00,33.00,31.87,32.93,7502700
3-Mar-99,0.00,32.16,31.25,31.41,5449701
2-Mar-99,0.00,32.85,31.91,31.96,6827001
1-Mar-99,0.00,32.52,31.76,32.49,8410500
26-Feb-99,0.00,31.76,31.10,31.61,8076900
25-Feb-99,0.00,31.45,30.45,31.43,4806501
24-Feb-99,0.00,32.98,31.34,31.38,6207801
23-Feb-99,0.00,32.82,31.54,32.52,10296300
22-Feb-99,0.00,31.76,29.94,31.61,6591501
19-Feb-99,0.00,30.69,29.72,30.07,5669400
18-Feb-99,0.00,30.27,29.65,29.90,6296700
17-Feb-99,0.00,30.81,29.47,29.92,6056499
16-Feb-99,0.00,30.28,29.41,29.77,4898499
12-Feb-99,0.00,29.68,28.76,29.12,3962601
11-Feb-99,0.00,29.68,28.19,29.43,5211501
10-Feb-99,0.00,28.26,27.72,28.19,4364799
9-Feb-99,0.00,28.35,27.79,27.95,6652599
8-Feb-99,0.00,28.97,28.08,28.28,5056299
5-Feb-99,0.00,29.17,28.34,28.59,5926401
4-Feb-99,0.00,29.98,28.99,29.21,6401400
3-Feb-99,0.00,29.43,28.35,29.28,6396900
2-Feb-99,0.00,29.19,28.57,29.05,4259799
1-Feb-99,0.00,30.39,29.34,29.36,3205800
29-Jan-99,0.00,30.19,29.03,29.98,4961901
28-Jan-99,0.00,29.50,28.85,29.26,4975800
27-Jan-99,0.00,30.21,28.96,28.97,4824699
26-Jan-99,0.00,29.72,29.16,29.65,4580301
25-Jan-99,0.00,29.57,28.48,29.57,6191700
22-Jan-99,0.00,29.47,28.55,28.70,6155700
21-Jan-99,0.00,30.10,28.86,29.87,5222199
20-Jan-99,0.00,30.96,29.25,29.72,6144999
19-Jan-99,0.00,30.58,29.12,29.28,6299100
15-Jan-99,0.00,30.41,28.23,30.41,7795800
14-Jan-99,0.00,29.25,27.64,27.97,6313101
13-Jan-99,0.00,29.28,28.70,28.76,4954101
12-Jan-99,0.00,30.76,29.63,29.83,3571299
11-Jan-99,0.00,31.65,29.87,30.96,5264700
8-Jan-99,0.00,31.72,30.76,31.49,5552001
7-Jan-99,0.00,30.70,29.70,30.56,5841300
6-Jan-99,0.00,30.36,29.37,30.19,5979201
5-Jan-99,0.00,29.56,28.81,29.01,5743800
4-Jan-99,0.00,30.59,29.57,29.57,3545901
31-Dec-98,0.00,30.67,29.79,29.87,2532099
30-Dec-98,0.00,30.85,30.38,30.54,2320299
29-Dec-98,0.00,30.74,29.68,30.59,3042900
28-Dec-98,0.00,30.12,29.65,29.70,1985700
24-Dec-98,0.00,30.54,29.98,30.12,1349100
23-Dec-98,0.00,30.28,29.43,30.12,3081600
22-Dec-98,0.00,29.88,29.43,29.61,2411301
21-Dec-98,0.00,30.10,29.26,29.36,3884301
18-Dec-98,0.00,29.34,28.50,29.26,6674901
17-Dec-98,0.00,28.85,27.55,28.74,6869100
16-Dec-98,0.00,27.81,27.01,27.24,3054501
15-Dec-98,0.00,27.61,26.82,27.61,4673400
14-Dec-98,0.00,27.57,26.59,26.66,4662399
11-Dec-98,0.00,28.23,27.04,27.32,6681000
10-Dec-98,0.00,28.46,28.04,28.30,3377799
9-Dec-98,0.00,28.23,27.92,28.15,5635701
8-Dec-98,0.00,29.12,28.10,28.26,4053801
7-Dec-98,0.00,29.43,28.77,29.19,2936499
4-Dec-98,0.00,28.74,28.26,28.74,5075901
3-Dec-98,0.00,29.43,27.97,28.15,5299701
2-Dec-98,0.00,29.63,28.85,29.36,4354500
1-Dec-98,0.00,29.14,28.35,28.96,5216001
30-Nov-98,0.00,30.12,29.16,29.16,4377099
27-Nov-98,0.00,30.34,30.01,30.14,1414599
25-Nov-98,0.00,30.74,30.03,30.18,4500999
24-Nov-98,0.00,31.07,30.39,30.41,7026600
23-Nov-98,0.00,31.78,30.61,31.74,6147099
20-Nov-98,0.00,30.81,29.83,30.47,5984700
19-Nov-98,0.00,29.99,29.45,29.54,4313001
18-Nov-98,0.00,29.77,28.70,29.76,5990901
17-Nov-98,0.00,29.76,28.19,28.96,9216999
16-Nov-98,0.00,28.59,28.04,28.25,6030099
13-Nov-98,0.00,27.79,26.99,27.55,3206901
12-Nov-98,0.00,27.17,26.52,26.92,3897399
11-Nov-98,0.00,27.92,26.86,26.97,5673099
10-Nov-98,0.00,27.39,27.03,27.12,5688900
9-Nov-98,0.00,28.54,27.48,27.64,6748299
6-Nov-98,0.00,28.41,27.63,28.35,5022699
5-Nov-98,0.00,27.68,26.92,27.64,5633301
4-Nov-98,0.00,27.52,26.77,27.39,8878299
3-Nov-98,0.00,27.24,26.26,26.35,6139899
2-Nov-98,0.00,26.90,26.01,26.77,6324099
30-Oct-98,0.00,26.33,25.42,25.67,7500699
29-Oct-98,0.00,25.44,24.79,24.97,7059300
28-Oct-98,0.00,25.79,25.09,25.35,5332299
27-Oct-98,0.00,26.84,25.15,25.33,9091401
26-Oct-98,0.00,26.52,25.24,25.68,6734601
23-Oct-98,0.00,25.93,25.37,25.53,4846299
22-Oct-98,0.00,26.06,25.09,25.93,5046099
21-Oct-98,0.00,26.10,25.06,25.37,6939201
20-Oct-98,0.00,26.95,26.08,26.13,8729601
19-Oct-98,0.00,26.73,25.79,26.08,8611500
16-Oct-98,0.00,26.22,25.11,25.90,13820301
15-Oct-98,0.00,26.33,23.51,25.79,10608300
14-Oct-98,0.00,24.55,22.71,23.56,9136701
13-Oct-98,0.00,23.82,22.62,22.87,5259501
12-Oct-98,0.00,23.73,23.07,23.24,8531301
9-Oct-98,0.00,22.44,20.51,22.44,10449000
8-Oct-98,0.00,21.31,19.52,21.09,14339499
7-Oct-98,0.00,21.74,20.43,21.34,19568601
6-Oct-98,0.00,21.96,20.61,20.69,9410199
5-Oct-98,0.00,21.54,20.51,21.12,8804799
2-Oct-98,0.00,21.85,20.76,21.67,11903901
1-Oct-98,0.00,22.27,20.98,21.42,11080200
30-Sep-98,0.00,23.42,21.85,22.62,12547101
29-Sep-98,0.00,24.33,23.46,23.56,6753801
28-Sep-98,0.00,24.48,23.53,24.18,10312101
25-Sep-98,0.00,23.67,22.58,23.46,13216299
24-Sep-98,0.00,24.00,22.44,23.09,14266200
23-Sep-98,0.00,24.46,23.46,24.31,13720800
22-Sep-98,0.00,24.89,23.60,23.67,9035100
21-Sep-98,0.00,24.80,23.69,24.79,5887299
18-Sep-98,0.00,24.88,24.18,24.62,7320801
17-Sep-98,0.00,24.77,24.29,24.44,9542301
16-Sep-98,0.00,25.79,24.80,25.37,12701499
15-Sep-98,0.00,24.79,23.31,24.73,10087299
14-Sep-98,0.00,24.17,23.33,23.80,10483401
11-Sep-98,0.00,23.26,20.40,22.84,15609099
10-Sep-98,0.00,21.09,19.81,20.25,19403901
9-Sep-98,0.00,23.60,22.04,22.34,8179899
8-Sep-98,0.00,23.60,22.25,23.31,15312600
4-Sep-98,0.00,22.91,20.83,21.45,14829699
3-Sep-98,0.00,23.89,21.58,22.51,13950399
2-Sep-98,0.00,24.89,23.93,24.40,7730601
1-Sep-98,0.00,24.48,21.63,23.89,14884200
31-Aug-98,0.00,25.86,22.71,22.73,12644901
28-Aug-98,0.00,26.99,25.31,25.50,8604000
27-Aug-98,0.00,27.99,26.08,26.52,11706501
26-Aug-98,0.00,28.41,27.63,28.32,4991901
25-Aug-98,0.00,28.96,27.75,28.23,3865500
24-Aug-98,0.00,28.50,27.92,28.32,4512000
21-Aug-98,0.00,27.83,27.06,27.70,8524800
20-Aug-98,0.00,29.36,28.26,28.30,5090100
19-Aug-98,0.00,29.79,29.23,29.43,5118501
18-Aug-98,0.00,29.36,28.03,29.25,6144000
17-Aug-98,0.00,28.04,26.81,28.01,5462100
14-Aug-98,0.00,28.55,27.24,27.30,6508500
13-Aug-98,0.00,28.81,27.68,27.75,6541401
12-Aug-98,0.00,29.50,28.66,28.74,8853501
11-Aug-98,0.00,28.81,27.24,28.70,12360000
10-Aug-98,0.00,29.72,29.17,29.37,4349001
7-Aug-98,0.00,30.30,29.43,29.43,11871300
6-Aug-98,0.00,30.90,29.32,29.45,17640501
5-Aug-98,0.00,31.80,30.74,31.60,7240800
4-Aug-98,0.00,32.45,31.00,31.01,5029599
3-Aug-98,0.00,32.58,31.98,31.98,3707901
31-Jul-98,0.00,33.25,32.05,32.16,4011000
30-Jul-98,0.00,33.47,32.94,33.18,2629899
29-Jul-98,0.00,33.22,32.63,32.85,4317801
28-Jul-98,0.00,32.78,31.76,32.71,6184500
27-Jul-98,0.00,32.93,30.78,32.87,6256200
24-Jul-98,0.00,32.05,30.47,31.20,5000100
23-Jul-98,0.00,32.74,31.61,31.71,3888501
22-Jul-98,0.00,32.54,31.69,32.52,5586999
21-Jul-98,0.00,33.47,32.76,32.76,2485101
20-Jul-98,0.00,33.84,33.22,33.38,2518101
17-Jul-98,0.00,34.05,33.62,33.74,2286099
16-Jul-98,0.00,33.74,33.40,33.58,2709300
15-Jul-98,0.00,34.56,33.38,33.38,3408300
14-Jul-98,0.00,34.38,33.73,34.35,2643999
13-Jul-98,0.00,34.22,33.89,33.95,2898600
10-Jul-98,0.00,34.11,33.14,34.04,4593399
9-Jul-98,0.00,33.45,33.13,33.31,3464601
8-Jul-98,0.00,33.45,33.07,33.36,2696901
7-Jul-98,0.00,33.82,32.98,33.22,3934401
6-Jul-98,0.00,33.03,32.51,33.00,4153701
2-Jul-98,0.00,32.63,32.25,32.52,1889400
1-Jul-98,0.00,33.22,32.05,32.63,5450100
30-Jun-98,0.00,33.22,32.22,33.14,5337099
29-Jun-98,0.00,33.18,32.34,32.54,5905800
26-Jun-98,0.00,32.60,31.91,32.20,3606399
25-Jun-98,0.00,32.34,31.69,31.80,6809499
24-Jun-98,0.00,31.80,30.65,31.65,5645301
23-Jun-98,0.00,31.03,30.76,30.85,3374400
22-Jun-98,0.00,31.07,30.74,30.74,2196501
19-Jun-98,0.00,31.18,30.70,31.03,5336100
18-Jun-98,0.00,30.87,30.59,30.70,3164700
17-Jun-98,0.00,30.96,29.99,30.58,4850700
16-Jun-98,0.00,29.90,29.12,29.54,5655501
15-Jun-98,0.00,30.03,29.43,29.52,4273800
12-Jun-98,0.00,30.27,29.36,29.94,6854700
11-Jun-98,0.00,31.67,30.32,30.32,3625599
10-Jun-98,0.00,31.43,30.92,31.38,3775899
9-Jun-98,0.00,31.60,30.81,31.21,3305400
8-Jun-98,0.00,31.98,30.43,31.76,5727000
5-Jun-98,0.00,30.45,30.07,30.45,3609099
4-Jun-98,0.00,30.28,29.76,30.28,3001899
3-Jun-98,0.00,30.30,29.87,29.92,3196899
2-Jun-98,0.00,30.49,30.08,30.12,3501000
1-Jun-98,0.00,30.52,29.90,30.25,3161901
29-May-98,0.00,30.49,29.90,29.90,3382299
28-May-98,0.00,30.19,29.57,30.12,3100101
27-May-98,0.00,29.79,28.99,29.54,5223501
26-May-98,0.00,30.38,29.72,29.72,3679800
22-May-98,0.00,30.81,30.21,30.27,2414400
21-May-98,0.00,30.92,30.25,30.67,6138501
20-May-98,0.00,31.07,29.99,30.92,5793900
19-May-98,0.00,30.41,29.83,29.87,3468000
18-May-98,0.00,30.47,29.96,30.19,3155400
15-May-98,0.00,30.72,30.30,30.32,3284799
14-May-98,0.00,30.94,30.34,30.63,4169499
13-May-98,0.00,30.81,30.19,30.72,5571900
12-May-98,0.00,30.19,29.32,30.12,3992499
11-May-98,0.00,30.03,29.50,29.50,3193500
8-May-98,0.00,30.01,29.10,29.63,4668900
7-May-98,0.00,29.52,29.01,29.03,5688600
6-May-98,0.00,30.12,28.85,28.99,6546900
5-May-98,0.00,30.74,29.85,29.85,4043901
4-May-98,0.00,30.63,30.27,30.43,3207501
1-May-98,0.00,30.74,29.77,30.74,3735399
30-Apr-98,0.00,30.23,29.70,29.77,7909701
29-Apr-98,0.00,29.90,29.36,29.54,5706699
28-Apr-98,0.00,30.34,29.47,29.47,5977800
27-Apr-98,0.00,30.56,29.17,29.61,12104001
24-Apr-98,0.00,30.61,29.37,29.68,6780201
23-Apr-98,0.00,30.67,29.54,30.03,6353400
22-Apr-98,0.00,30.96,30.08,30.89,6263100
21-Apr-98,0.00,30.54,29.79,30.01,4699401
20-Apr-98,0.00,31.18,29.57,30.23,7986600
17-Apr-98,0.00,31.54,30.59,31.18,11061399
16-Apr-98,0.00,30.01,29.36,29.83,4798299
15-Apr-98,0.00,30.63,30.05,30.23,3654099
14-Apr-98,0.00,30.96,30.32,30.56,5040900
13-Apr-98,0.00,31.58,30.01,30.87,8263899
9-Apr-98,0.00,31.65,31.01,31.20,5961399
8-Apr-98,0.00,30.43,30.07,30.25,5383101
7-Apr-98,0.00,30.61,30.01,30.08,7050099
6-Apr-98,0.00,30.59,29.77,30.52,11496600
3-Apr-98,0.00,29.14,28.15,28.85,10222200
2-Apr-98,0.00,27.72,26.88,27.53,4459500
1-Apr-98,0.00,27.10,26.77,26.92,4397400
31-Mar-98,0.00,27.10,26.55,26.75,5512101
30-Mar-98,0.00,27.06,26.41,26.52,4061799
27-Mar-98,0.00,27.39,26.90,26.95,3477600
26-Mar-98,0.00,27.57,27.10,27.10,3504099
25-Mar-98,0.00,28.10,27.39,27.72,5317899
24-Mar-98,0.00,28.10,27.86,27.95,3032901
23-Mar-98,0.00,28.26,27.68,27.72,3463899
20-Mar-98,0.00,28.59,28.08,28.37,4027800
19-Mar-98,0.00,28.45,28.10,28.34,2983800
18-Mar-98,0.00,28.50,27.77,28.28,3476199
17-Mar-98,0.00,28.04,27.35,27.90,5078601
16-Mar-98,0.00,27.37,26.99,27.37,2595699
13-Mar-98,0.00,27.26,26.86,26.88,2489301
12-Mar-98,0.00,27.32,27.03,27.08,2853399
11-Mar-98,0.00,27.37,26.86,27.28,3194499
10-Mar-98,0.00,27.04,26.64,26.88,4111899
9-Mar-98,0.00,27.44,26.81,26.90,3185301
6-Mar-98,0.00,27.32,26.62,27.19,2733900
5-Mar-98,0.00,26.86,26.41,26.70,2996499
4-Mar-98,0.00,27.17,26.68,26.77,3771099
3-Mar-98,0.00,27.24,26.62,27.06,5194299
2-Mar-98,0.00,26.86,26.13,26.70,7022499
27-Feb-98,0.00,26.41,25.60,26.24,5625399
26-Feb-98,0.00,26.13,25.80,25.97,3386700
25-Feb-98,0.00,26.01,25.55,25.93,3100800
24-Feb-98,0.00,25.77,25.44,25.46,2988600
23-Feb-98,0.00,25.86,25.37,25.86,3346200
20-Feb-98,0.00,25.64,25.02,25.64,6570900
19-Feb-98,0.00,25.59,25.17,25.26,4502100
18-Feb-98,0.00,26.08,25.73,25.82,3992499
17-Feb-98,0.00,26.19,25.71,25.93,3190701
13-Feb-98,0.00,25.93,25.71,25.73,2687001
12-Feb-98,0.00,26.08,25.04,25.82,4270401
11-Feb-98,0.00,25.55,25.24,25.46,2860899
10-Feb-98,0.00,25.60,24.80,25.28,4363101
9-Feb-98,0.00,25.24,24.66,24.88,4109499
6-Feb-98,0.00,25.64,25.22,25.24,4609500
5-Feb-98,0.00,25.68,25.02,25.28,5783700
4-Feb-98,0.00,25.50,25.13,25.44,3554901
3-Feb-98,0.00,25.35,25.09,25.33,2542101
2-Feb-98,0.00,25.31,24.55,25.24,5920200
30-Jan-98,0.00,24.58,24.28,24.38,4417701
29-Jan-98,0.00,24.55,24.04,24.40,5081400
28-Jan-98,0.00,24.77,24.11,24.17,7299501
27-Jan-98,0.00,24.40,23.18,24.33,7089501
26-Jan-98,0.00,23.44,23.00,23.13,4157799
23-Jan-98,0.00,23.53,22.84,23.04,3161601
22-Jan-98,0.00,23.73,23.16,23.33,3779301
21-Jan-98,0.00,24.04,23.78,23.78,2634399
20-Jan-98,0.00,24.11,23.80,24.02,4641501
16-Jan-98,0.00,24.26,23.89,23.89,4279299
15-Jan-98,0.00,24.26,23.67,23.71,3079200
14-Jan-98,0.00,24.38,24.17,24.29,3118599
13-Jan-98,0.00,24.33,23.97,24.13,2906901
12-Jan-98,0.00,23.93,23.38,23.82,4355199
9-Jan-98,0.00,24.53,23.71,23.89,5561901
8-Jan-98,0.00,24.95,24.55,24.62,2905101
7-Jan-98,0.00,25.37,24.75,25.13,4385700
6-Jan-98,0.00,25.84,25.24,25.37,3604701
5-Jan-98,0.00,26.13,25.71,25.90,4021599
2-Jan-98,0.00,25.93,25.73,25.84,3089799
