31-Dec-02,54.05,55.79,53.33,54.22,918200
30-Dec-02,54.00,54.37,53.40,54.17,1114700
27-Dec-02,54.30,54.45,53.80,53.95,710500
26-Dec-02,54.25,54.70,54.00,54.28,641800
24-Dec-02,54.45,54.64,53.96,54.10,455000
23-Dec-02,54.35,54.95,54.18,54.33,1238300
20-Dec-02,53.30,54.60,53.30,54.35,2557700
19-Dec-02,52.91,54.60,52.84,53.95,1951600
18-Dec-02,53.60,53.60,52.49,52.91,1943500
17-Dec-02,53.35,53.90,53.13,53.60,1183400
16-Dec-02,52.50,53.50,52.25,53.48,1271300
13-Dec-02,51.85,52.90,51.64,52.10,1248300
12-Dec-02,51.90,52.15,51.30,52.04,914900
11-Dec-02,52.55,52.65,51.74,51.96,1207000
10-Dec-02,53.05,53.40,52.40,53.38,532000
9-Dec-02,53.39,53.40,52.56,52.75,765300
6-Dec-02,51.80,53.64,51.76,53.64,789700
5-Dec-02,53.52,53.52,52.53,52.89,876100
4-Dec-02,52.30,53.85,52.03,53.27,1075300
3-Dec-02,52.91,52.95,52.10,52.53,975900
2-Dec-02,53.40,54.52,52.40,52.88,1870500
29-Nov-02,52.80,53.10,52.40,52.57,420100
27-Nov-02,50.88,53.20,50.80,52.59,1355900
26-Nov-02,51.75,51.96,50.60,50.77,1291600
25-Nov-02,53.00,53.01,51.75,52.31,985300
22-Nov-02,53.04,53.70,52.37,52.74,1022700
21-Nov-02,53.00,53.48,52.78,53.16,1274900
20-Nov-02,52.12,52.99,51.60,52.80,1164300
19-Nov-02,52.40,52.75,52.00,52.37,1324500
18-Nov-02,53.57,54.00,53.08,53.23,1052200
15-Nov-02,54.75,55.34,52.75,53.45,4210400
14-Nov-02,55.00,56.25,55.00,56.12,2524000
13-Nov-02,53.55,54.86,52.90,54.70,2547300
12-Nov-02,53.20,54.50,53.20,53.60,1634300
11-Nov-02,54.45,54.91,53.65,54.07,1564200
8-Nov-02,53.97,54.75,53.87,54.60,1113700
7-Nov-02,54.61,54.77,53.75,53.97,1972600
6-Nov-02,54.15,54.95,53.88,54.60,1303900
5-Nov-02,53.40,54.38,53.10,54.23,1441700
4-Nov-02,53.95,54.25,53.19,53.26,1465300
1-Nov-02,52.99,54.01,52.60,53.82,1092600
31-Oct-02,53.60,54.03,52.62,53.19,1463000
30-Oct-02,53.00,54.35,52.73,53.78,1973500
29-Oct-02,53.59,54.10,51.75,52.60,3092000
28-Oct-02,54.90,54.99,53.46,53.73,1376600
25-Oct-02,53.20,54.25,52.31,54.05,1565900
24-Oct-02,53.35,53.75,52.50,52.78,1026800
23-Oct-02,53.00,53.35,51.65,53.35,1495900
22-Oct-02,52.00,53.35,51.96,53.25,1851400
21-Oct-02,53.09,53.50,52.42,53.50,1405600
18-Oct-02,53.37,53.60,51.90,53.34,2116200
17-Oct-02,53.00,53.87,51.75,53.75,2078900
16-Oct-02,52.64,53.09,51.73,52.45,2178500
15-Oct-02,52.30,54.15,52.10,53.72,2351600
14-Oct-02,51.21,52.00,50.85,51.38,1047800
11-Oct-02,49.92,52.00,49.92,51.46,1879300
10-Oct-02,47.72,50.44,47.41,49.92,1738500
9-Oct-02,48.95,49.07,47.03,47.77,2797100
8-Oct-02,49.75,49.99,48.46,49.06,2433300
7-Oct-02,51.07,51.07,48.25,49.05,2931100
4-Oct-02,51.97,51.98,49.96,51.06,2764400
3-Oct-02,51.40,52.45,50.90,52.02,2284300
2-Oct-02,51.99,52.55,50.50,51.15,2492200
1-Oct-02,50.90,52.50,50.17,52.43,2215800
30-Sep-02,50.45,50.45,48.01,50.07,3398700
27-Sep-02,51.87,52.30,50.27,50.45,2283700
26-Sep-02,49.65,52.10,49.60,51.95,2546400
25-Sep-02,48.60,49.65,47.99,49.40,1433000
24-Sep-02,48.05,48.75,47.50,47.60,1704300
23-Sep-02,47.75,49.25,47.31,48.80,1807800
20-Sep-02,48.20,48.89,47.15,47.75,2627000
19-Sep-02,44.20,48.60,44.18,47.76,6332900
18-Sep-02,44.10,44.45,42.75,42.80,2276400
17-Sep-02,44.90,45.35,44.03,44.40,1756900
16-Sep-02,44.65,44.65,43.45,43.97,1199900
13-Sep-02,44.95,44.95,44.07,44.50,2500900
12-Sep-02,45.98,46.00,45.03,45.15,1206500
11-Sep-02,46.50,46.75,45.92,46.00,761200
10-Sep-02,46.40,46.75,45.79,46.00,1267400
9-Sep-02,46.43,46.50,44.90,46.40,2721200
6-Sep-02,46.25,46.85,46.10,46.51,1436100
5-Sep-02,46.75,46.90,45.57,45.83,1612600
4-Sep-02,46.28,47.55,46.07,47.50,1058900
3-Sep-02,46.95,47.20,45.90,46.03,1597600
30-Aug-02,47.20,47.87,46.97,47.35,720200
29-Aug-02,46.75,47.53,46.56,47.12,829100
28-Aug-02,47.96,48.03,47.05,47.42,922000
27-Aug-02,48.60,49.50,47.90,48.21,966800
26-Aug-02,48.50,48.55,47.11,48.05,1290900
23-Aug-02,49.99,50.24,48.40,48.62,671300
22-Aug-02,49.00,50.20,48.85,49.98,1089300
21-Aug-02,48.83,49.28,48.46,49.15,1425600
20-Aug-02,49.00,49.48,48.40,48.83,1031600
19-Aug-02,48.65,49.80,48.47,49.61,876600
16-Aug-02,47.80,49.60,47.62,48.95,1398300
15-Aug-02,48.59,49.28,47.90,48.00,1634300
14-Aug-02,47.00,48.57,46.35,48.39,1210000
13-Aug-02,47.10,48.29,46.80,46.92,1107300
12-Aug-02,48.05,48.10,47.00,47.54,1227800
9-Aug-02,48.04,49.33,47.50,48.85,1104900
8-Aug-02,47.40,48.73,46.75,48.29,1808600
7-Aug-02,47.90,47.96,45.90,47.27,1485700
6-Aug-02,45.80,48.00,45.75,47.02,1874800
5-Aug-02,45.90,46.37,44.83,44.90,1551300
2-Aug-02,48.69,48.69,45.84,46.72,1946800
1-Aug-02,49.95,50.00,48.45,48.70,1705000
31-Jul-02,49.10,50.95,48.89,50.95,2298700
30-Jul-02,48.75,49.86,48.55,49.07,2135400
29-Jul-02,47.70,49.68,47.65,49.62,1753400
26-Jul-02,46.74,47.05,45.80,47.03,1040100
25-Jul-02,45.95,47.40,45.00,46.74,2371600
24-Jul-02,44.50,46.15,43.71,45.95,4129700
23-Jul-02,46.15,47.49,45.26,45.99,3166200
22-Jul-02,48.35,50.50,45.56,46.00,4935900
19-Jul-02,50.25,50.50,48.78,49.21,3908600
18-Jul-02,50.62,50.82,50.10,50.51,1661100
17-Jul-02,51.70,52.10,49.91,50.67,1819000
16-Jul-02,50.10,51.50,49.21,51.15,2280600
15-Jul-02,49.94,50.85,48.56,50.78,2089500
12-Jul-02,50.45,51.45,49.49,49.90,1519100
11-Jul-02,51.75,52.05,50.25,50.44,2563000
10-Jul-02,53.30,53.60,52.21,52.25,2015900
9-Jul-02,52.92,53.92,52.90,53.09,1076700
8-Jul-02,53.00,53.35,52.63,52.72,1432300
5-Jul-02,53.00,53.20,52.70,53.15,506400
3-Jul-02,52.00,53.07,52.00,52.81,1444200
2-Jul-02,52.20,52.54,51.65,51.82,1937900
1-Jul-02,53.40,53.74,52.21,52.40,1304300
28-Jun-02,51.83,53.76,51.64,53.40,2172500
27-Jun-02,51.35,52.12,51.05,51.58,2547700
26-Jun-02,48.01,50.61,47.25,50.25,4942600
25-Jun-02,51.50,52.50,47.42,48.00,14620200
24-Jun-02,56.39,57.03,55.65,56.02,1519000
21-Jun-02,55.05,56.67,55.05,56.39,2254700
20-Jun-02,55.10,55.70,55.00,55.29,1329100
19-Jun-02,55.86,56.23,55.26,55.40,1441200
18-Jun-02,56.25,56.39,55.60,55.96,1179800
17-Jun-02,56.25,56.75,56.20,56.62,1648100
14-Jun-02,56.74,57.25,55.54,56.07,1460200
13-Jun-02,56.10,57.09,56.02,56.74,1148200
12-Jun-02,55.60,56.24,55.23,55.90,993900
11-Jun-02,56.10,56.90,55.85,56.00,2215900
10-Jun-02,54.41,55.98,54.35,55.45,1132000
7-Jun-02,53.30,54.78,53.30,54.34,1127000
6-Jun-02,53.70,54.20,53.16,53.97,1442900
5-Jun-02,52.75,53.25,52.44,53.20,865500
4-Jun-02,53.30,53.37,52.07,52.65,1183000
3-Jun-02,54.04,54.24,53.30,53.40,916900
31-May-02,54.00,54.60,53.68,53.95,1181500
30-May-02,52.95,53.84,52.95,53.79,939500
29-May-02,52.35,53.47,52.27,53.15,683200
28-May-02,52.50,52.90,52.00,52.10,1201900
24-May-02,53.35,53.84,52.96,52.96,878800
23-May-02,53.30,54.19,53.20,54.00,665900
22-May-02,53.10,53.47,52.95,53.41,734900
21-May-02,54.03,54.44,53.10,53.20,962000
20-May-02,54.33,55.08,53.70,54.13,883500
17-May-02,55.10,55.30,53.55,54.33,1316800
16-May-02,54.60,54.69,53.80,54.48,594100
15-May-02,54.00,54.90,54.00,54.42,902500
14-May-02,53.11,54.40,53.02,53.70,920600
13-May-02,52.10,53.38,51.93,52.94,821500
10-May-02,52.35,52.63,51.43,51.58,891800
9-May-02,53.00,53.40,52.25,52.30,1434600
8-May-02,50.35,52.83,50.34,52.76,1915000
7-May-02,50.64,50.95,49.85,49.91,1051700
6-May-02,51.03,51.78,50.63,50.64,719100
3-May-02,51.64,52.18,51.28,51.49,968400
2-May-02,51.62,52.30,51.40,51.64,1712400
1-May-02,51.67,51.67,50.00,51.31,2961600
30-Apr-02,53.45,53.80,51.25,51.67,3053600
29-Apr-02,54.35,54.98,53.81,53.81,899900
26-Apr-02,53.66,54.58,53.62,54.34,1181600
25-Apr-02,53.00,54.04,52.78,53.71,1129900
24-Apr-02,53.92,54.16,52.95,52.99,1869300
23-Apr-02,53.90,54.40,53.63,53.92,951500
22-Apr-02,53.85,54.10,53.35,53.84,1046200
19-Apr-02,54.00,54.32,53.50,54.10,931700
18-Apr-02,54.17,54.56,52.82,53.36,1450600
17-Apr-02,55.50,55.50,54.05,54.42,1072200
16-Apr-02,55.00,55.70,54.72,55.70,1422300
15-Apr-02,54.80,54.80,53.20,54.15,1233400
12-Apr-02,54.10,55.14,54.10,55.00,938700
11-Apr-02,54.71,54.81,53.75,53.95,1146200
10-Apr-02,53.65,54.71,53.59,54.71,1283800
9-Apr-02,53.58,53.75,52.75,53.51,1745100
8-Apr-02,53.20,53.69,52.53,53.12,1691200
5-Apr-02,55.50,55.70,54.20,54.40,1591600
4-Apr-02,55.00,55.68,54.86,55.38,1780600
3-Apr-02,56.05,56.24,54.80,55.00,1643300
2-Apr-02,56.90,57.50,55.87,55.92,1640500
1-Apr-02,57.50,57.68,56.65,57.42,818400
28-Mar-02,57.70,58.90,57.55,58.10,1165100
27-Mar-02,57.10,58.11,56.90,58.06,1084300
26-Mar-02,56.30,58.02,56.28,57.50,1141700
25-Mar-02,57.80,57.80,56.40,56.54,1231500
22-Mar-02,56.45,57.75,56.45,57.56,916700
21-Mar-02,56.60,57.43,55.50,57.00,2011500
20-Mar-02,57.49,57.60,56.10,56.80,2373500
19-Mar-02,58.00,58.49,57.40,57.73,1608400
18-Mar-02,58.15,58.52,57.15,57.70,1205500
15-Mar-02,57.95,58.00,56.87,57.45,2252400
14-Mar-02,58.00,58.25,57.68,57.95,2285000
13-Mar-02,58.08,58.09,57.20,57.78,1341600
12-Mar-02,57.84,59.30,57.80,58.09,1950200
11-Mar-02,60.30,60.30,58.90,59.01,1650500
8-Mar-02,60.15,60.58,59.86,60.30,2540500
7-Mar-02,60.15,60.40,59.51,59.60,1735100
6-Mar-02,60.80,61.10,59.93,60.00,1731300
5-Mar-02,61.25,61.35,60.26,60.89,2483300
4-Mar-02,58.65,61.22,58.65,61.22,2228200
1-Mar-02,57.61,58.45,57.40,58.45,2030000
28-Feb-02,58.00,58.91,57.86,57.86,1382900
27-Feb-02,57.20,58.12,56.70,58.12,1486100
26-Feb-02,56.70,57.45,56.44,57.19,987700
25-Feb-02,55.75,56.54,55.30,56.40,1157800
22-Feb-02,54.60,55.30,54.25,55.14,860400
21-Feb-02,55.00,55.36,54.70,54.70,1468600
20-Feb-02,54.20,55.35,54.13,55.22,1477900
19-Feb-02,54.15,54.55,53.82,54.00,1400900
15-Feb-02,54.25,55.06,54.22,54.96,1005500
14-Feb-02,55.00,55.00,54.45,54.70,836500
13-Feb-02,55.58,56.85,54.73,55.00,2537200
12-Feb-02,55.00,56.00,54.63,55.33,1637500
11-Feb-02,53.40,55.17,53.30,55.13,2101600
8-Feb-02,51.50,53.40,51.35,53.40,1702000
7-Feb-02,52.45,52.70,51.65,51.78,2396800
6-Feb-02,54.70,54.70,53.05,53.26,1563600
5-Feb-02,53.13,54.90,53.07,54.50,2481600
4-Feb-02,53.40,53.97,52.80,53.13,1375700
1-Feb-02,53.55,53.94,52.81,53.55,1530000
31-Jan-02,52.81,53.65,52.61,53.55,1426900
30-Jan-02,52.10,53.39,52.04,53.16,1664700
29-Jan-02,53.66,53.66,51.94,52.48,1634300
28-Jan-02,53.14,54.09,53.14,53.65,1805700
25-Jan-02,52.51,53.25,52.25,53.14,992900
24-Jan-02,52.25,52.90,52.23,52.50,1642300
23-Jan-02,51.24,52.30,51.17,52.25,1756600
22-Jan-02,51.35,51.46,50.75,50.99,1187000
18-Jan-02,50.00,50.94,49.70,50.82,1398900
17-Jan-02,49.25,50.31,48.75,50.20,2459000
16-Jan-02,50.20,50.55,48.70,48.70,2281400
15-Jan-02,50.71,51.47,49.35,49.99,1817800
14-Jan-02,50.64,50.87,49.62,50.71,1624800
11-Jan-02,51.55,51.69,49.90,50.41,4696000
10-Jan-02,54.40,54.40,52.90,53.00,2380600
9-Jan-02,54.90,55.10,53.62,53.75,2287200
8-Jan-02,54.86,55.00,54.11,54.99,2223300
7-Jan-02,53.63,55.75,53.63,55.27,2849500
4-Jan-02,52.35,55.20,52.30,54.08,2848200
3-Jan-02,51.10,52.33,51.04,52.28,2053400
2-Jan-02,51.70,52.20,50.25,50.90,2161400
31-Dec-01,52.20,52.49,51.88,51.88,989000
28-Dec-01,52.95,53.05,52.19,52.19,1094900
27-Dec-01,53.45,53.48,52.84,53.16,1641900
26-Dec-01,52.25,53.45,52.17,53.20,1214700
24-Dec-01,52.00,52.88,51.75,51.88,1178000
21-Dec-01,52.21,52.50,51.62,51.83,2278400
20-Dec-01,50.50,52.57,50.41,52.10,3749300
19-Dec-01,50.30,51.25,49.25,49.99,4328300
18-Dec-01,49.50,50.95,49.42,50.80,2343900
17-Dec-01,48.80,49.25,48.30,48.96,1379500
14-Dec-01,46.70,48.74,46.70,48.05,1367800
13-Dec-01,47.05,47.15,46.70,46.83,973200
12-Dec-01,48.10,48.10,46.75,47.13,971000
11-Dec-01,47.60,48.35,47.05,47.90,834100
10-Dec-01,48.52,48.65,47.60,47.60,747800
7-Dec-01,49.29,49.29,47.74,48.32,1842500
6-Dec-01,49.26,50.10,48.87,49.44,2534700
5-Dec-01,48.00,49.75,48.00,49.45,1967400
4-Dec-01,46.50,48.45,45.90,48.30,2992400
3-Dec-01,45.86,46.05,45.13,45.45,904200
30-Nov-01,45.50,46.24,45.50,45.86,1384600
29-Nov-01,45.15,45.47,44.45,45.25,1319300
28-Nov-01,45.26,45.27,44.35,44.61,1063500
27-Nov-01,45.70,45.98,45.20,45.27,1270000
26-Nov-01,46.15,46.27,45.87,45.95,1168600
23-Nov-01,45.38,46.40,45.25,46.40,414200
21-Nov-01,45.60,45.60,44.90,45.38,538300
20-Nov-01,46.10,46.10,45.20,45.37,843400
19-Nov-01,46.00,46.30,45.47,46.26,997900
16-Nov-01,46.60,46.65,44.95,45.60,1861500
15-Nov-01,46.80,47.16,46.32,46.60,1136800
14-Nov-01,47.00,47.50,46.44,46.61,1945800
13-Nov-01,45.40,46.77,45.11,46.71,1931000
12-Nov-01,44.50,45.01,43.74,44.90,1402300
9-Nov-01,44.28,45.08,44.12,44.96,924500
8-Nov-01,43.95,44.92,43.80,44.67,1273000
7-Nov-01,44.20,44.35,43.76,44.10,2049100
6-Nov-01,43.25,44.45,42.70,44.35,1221900
5-Nov-01,42.33,43.40,42.33,43.40,1143400
2-Nov-01,41.80,42.34,41.48,42.25,940600
1-Nov-01,41.00,42.17,40.46,42.11,1367300
31-Oct-01,40.05,41.53,40.05,41.08,1143900
30-Oct-01,40.55,40.86,39.65,40.10,1404300
29-Oct-01,40.25,42.00,40.00,40.86,2408800
26-Oct-01,39.05,39.60,38.86,39.48,485800
25-Oct-01,38.15,39.35,38.01,39.18,658300
24-Oct-01,39.55,39.56,38.68,38.78,641400
23-Oct-01,38.41,39.50,38.40,39.50,686000
22-Oct-01,37.95,38.60,37.70,38.41,496300
19-Oct-01,38.29,38.37,37.50,38.14,454700
18-Oct-01,38.40,38.83,37.75,38.29,658600
17-Oct-01,39.00,39.34,38.40,39.01,1283900
16-Oct-01,38.35,39.25,37.99,38.50,1050500
15-Oct-01,37.65,38.35,37.30,38.25,903900
12-Oct-01,39.50,39.50,36.50,38.09,1690400
11-Oct-01,38.71,39.89,38.71,39.70,742400
10-Oct-01,37.25,38.82,37.25,38.71,624500
9-Oct-01,37.84,38.00,37.18,37.27,711700
8-Oct-01,38.45,39.35,37.85,38.13,807000
5-Oct-01,38.00,38.92,37.56,38.70,712500
4-Oct-01,37.90,39.24,37.30,37.97,915000
3-Oct-01,36.25,37.90,36.22,37.90,802400
2-Oct-01,35.90,36.60,35.90,36.50,1074400
1-Oct-01,36.70,36.70,35.25,35.64,952300
28-Sep-01,34.85,36.75,34.65,36.75,1315400
27-Sep-01,35.00,35.30,33.75,34.75,1211400
26-Sep-01,35.90,36.49,34.80,34.90,1294000
25-Sep-01,36.74,37.21,35.02,35.75,1686300
24-Sep-01,35.50,36.40,35.37,35.73,1913600
21-Sep-01,33.90,36.20,33.50,34.45,2292300
20-Sep-01,34.25,35.70,33.15,34.95,1819500
19-Sep-01,35.75,36.00,33.40,34.83,2793700
18-Sep-01,38.00,38.00,34.60,35.90,3166400
17-Sep-01,33.50,38.38,33.29,38.30,3823900
10-Sep-01,39.71,40.15,39.55,39.98,1202600
7-Sep-01,40.50,41.10,40.00,40.21,991600
6-Sep-01,41.75,41.90,40.75,41.25,1227700
5-Sep-01,41.50,42.50,41.50,42.18,1062800
4-Sep-01,42.00,42.87,41.45,42.53,1144500
31-Aug-01,42.00,42.63,41.85,42.10,717900
30-Aug-01,42.65,43.41,41.75,42.05,990200
29-Aug-01,42.55,43.58,42.50,42.99,1547900
28-Aug-01,41.32,42.46,41.22,42.35,1267500
27-Aug-01,41.35,41.59,41.07,41.31,502200
24-Aug-01,40.27,41.55,40.00,41.35,767200
23-Aug-01,40.20,40.63,40.15,40.50,413400
22-Aug-01,40.15,40.49,39.78,40.33,702800
21-Aug-01,40.17,40.63,40.00,40.06,637900
20-Aug-01,39.89,40.20,39.85,40.17,364600
17-Aug-01,40.00,40.55,39.94,40.14,803400
16-Aug-01,40.05,40.50,39.80,40.42,772800
15-Aug-01,40.27,40.37,39.80,39.95,715700
14-Aug-01,40.25,40.56,39.90,40.20,544000
13-Aug-01,40.00,40.35,39.65,40.15,557200
10-Aug-01,39.80,40.20,39.63,39.97,636900
9-Aug-01,40.65,40.78,39.90,40.00,956400
8-Aug-01,40.66,41.31,40.66,40.76,518000
7-Aug-01,40.80,41.10,40.68,41.05,463000
6-Aug-01,41.23,41.30,40.57,41.00,310500
3-Aug-01,41.49,41.49,40.60,41.00,602500
2-Aug-01,41.50,41.87,41.15,41.74,879000
1-Aug-01,41.20,41.75,41.10,41.70,843700
31-Jul-01,41.02,41.59,41.01,41.37,722400
30-Jul-01,41.10,41.22,40.70,41.01,522500
27-Jul-01,40.94,41.00,40.55,40.89,388400
26-Jul-01,40.40,40.99,40.36,40.88,534400
25-Jul-01,40.00,40.72,39.72,40.62,830000
24-Jul-01,40.75,40.75,39.75,40.13,897300
23-Jul-01,41.05,41.16,40.16,40.50,983300
20-Jul-01,41.26,41.27,40.83,41.25,518100
19-Jul-01,41.40,41.55,40.70,41.37,806600
18-Jul-01,41.90,42.10,41.11,41.40,916200
17-Jul-01,42.05,42.45,41.88,42.13,1318900
16-Jul-01,42.00,42.60,41.75,41.85,1055600
13-Jul-01,40.90,42.34,40.25,42.08,1052600
12-Jul-01,40.10,41.15,39.90,41.14,867400
11-Jul-01,39.40,40.30,39.40,39.95,1113900
10-Jul-01,40.00,40.24,39.70,39.82,401500
9-Jul-01,39.90,40.35,39.57,40.14,747000
6-Jul-01,40.60,40.60,39.52,39.99,904500
5-Jul-01,40.85,41.11,40.30,40.60,720000
3-Jul-01,40.48,41.22,40.35,41.22,954600
2-Jul-01,40.00,40.70,39.50,40.48,1616600
29-Jun-01,38.72,40.20,38.71,40.20,1644400
28-Jun-01,37.00,39.50,37.00,38.71,2671100
27-Jun-01,36.35,36.88,36.00,36.80,1495000
26-Jun-01,36.00,36.74,35.99,36.35,1927200
25-Jun-01,37.23,37.36,36.37,36.63,1467900
22-Jun-01,37.90,38.14,37.48,37.48,783300
21-Jun-01,37.18,38.65,37.10,38.65,1043500
20-Jun-01,37.00,37.30,36.75,37.00,1023500
19-Jun-01,37.50,37.69,37.00,37.04,842800
18-Jun-01,37.90,38.25,37.44,37.55,747100
15-Jun-01,37.25,38.12,37.20,37.96,1352400
14-Jun-01,38.05,38.10,37.32,37.44,937600
13-Jun-01,38.05,38.11,37.50,37.52,1136000
12-Jun-01,38.55,38.55,37.34,38.11,1390000
11-Jun-01,39.35,39.35,38.55,38.80,761300
8-Jun-01,39.64,39.64,39.29,39.60,485000
7-Jun-01,39.55,39.80,39.39,39.70,782600
6-Jun-01,40.25,40.25,39.50,39.55,1174700
5-Jun-01,39.90,40.40,39.72,39.89,1170100
4-Jun-01,40.60,40.60,39.90,40.07,976700
1-Jun-01,40.00,41.25,39.73,40.85,1173800
31-May-01,39.60,40.30,39.48,40.00,1122700
30-May-01,39.89,40.10,39.63,39.80,906500
29-May-01,39.50,40.10,39.50,39.64,539800
25-May-01,39.80,40.25,39.60,39.72,574600
24-May-01,40.01,40.45,39.90,40.36,1121500
23-May-01,39.90,40.27,39.62,40.01,1866100
22-May-01,40.61,40.75,40.12,40.52,928000
21-May-01,40.50,40.75,40.13,40.61,798900
18-May-01,40.60,40.60,40.07,40.51,659100
17-May-01,39.26,40.50,39.10,40.25,1337600
16-May-01,38.20,39.54,38.10,39.26,1150200
15-May-01,38.15,38.56,38.03,38.25,1027600
14-May-01,38.25,38.70,38.11,38.20,773700
11-May-01,39.35,39.41,38.40,38.41,1260800
10-May-01,39.00,39.26,38.50,39.20,889100
9-May-01,38.46,39.20,38.01,39.09,1351700
8-May-01,39.80,39.95,38.08,38.45,2481200
7-May-01,40.00,40.87,39.36,40.28,1644300
4-May-01,40.35,41.32,40.35,41.28,820800
3-May-01,42.30,42.40,40.91,41.35,693900
2-May-01,41.60,42.75,41.20,42.75,1097400
1-May-01,41.82,41.90,41.31,41.83,627200
30-Apr-01,42.15,42.31,41.90,42.07,544200
27-Apr-01,41.55,42.84,41.55,42.48,855900
26-Apr-01,40.85,41.98,40.50,41.30,745200
25-Apr-01,41.70,42.31,40.30,41.04,1762800
24-Apr-01,42.00,42.45,41.70,41.81,754600
23-Apr-01,43.25,43.26,42.26,42.37,652900
20-Apr-01,43.35,43.75,43.00,43.50,1074300
19-Apr-01,41.49,43.35,41.28,43.35,1143000
18-Apr-01,39.90,42.36,39.61,41.49,1236500
17-Apr-01,38.85,40.10,38.61,40.01,1039100
16-Apr-01,39.70,40.23,39.00,39.54,510200
12-Apr-01,39.60,39.80,38.80,39.80,1046000
11-Apr-01,39.30,40.20,39.15,39.89,1216800
10-Apr-01,38.62,39.40,38.45,38.90,820200
9-Apr-01,37.74,38.60,37.71,38.37,975100
6-Apr-01,38.00,38.06,36.79,37.49,1744700
5-Apr-01,39.60,39.60,35.50,38.97,3433400
4-Apr-01,39.25,39.85,39.00,39.60,696000
3-Apr-01,40.25,40.25,38.99,39.00,1227900
2-Apr-01,41.55,41.79,40.70,40.92,615600
30-Mar-01,40.80,41.96,40.74,41.68,703700
29-Mar-01,41.00,41.85,40.76,41.22,656900
28-Mar-01,41.99,42.15,41.07,41.98,752800
27-Mar-01,40.50,42.35,40.40,41.98,1052900
26-Mar-01,40.30,41.20,39.50,40.28,1361500
23-Mar-01,41.03,41.40,39.95,40.17,1408600
22-Mar-01,41.00,41.20,39.25,41.03,2281100
21-Mar-01,40.24,43.18,39.60,42.60,2483100
20-Mar-01,41.25,41.62,40.00,40.25,1805200
19-Mar-01,40.81,42.30,40.60,41.93,1263600
16-Mar-01,41.40,41.84,40.55,40.80,2600900
15-Mar-01,41.43,41.80,41.30,41.32,1195600
14-Mar-01,40.75,41.50,40.52,41.18,1302500
13-Mar-01,41.65,42.30,40.38,42.00,1696100
12-Mar-01,43.58,43.65,41.88,41.90,1124900
9-Mar-01,43.35,44.24,42.60,43.92,995400
8-Mar-01,43.30,44.20,43.25,43.85,862800
7-Mar-01,43.00,43.98,43.00,43.20,1097700
6-Mar-01,42.50,43.55,42.31,43.12,571100
5-Mar-01,41.95,42.74,41.66,42.48,674800
2-Mar-01,40.85,42.49,40.59,41.95,968400
1-Mar-01,40.47,41.11,40.20,41.02,1062800
28-Feb-01,41.70,41.70,40.89,40.93,1051200
27-Feb-01,41.00,42.63,41.00,41.70,1283900
26-Feb-01,41.26,41.55,40.30,41.45,1757700
23-Feb-01,42.15,42.49,41.11,41.68,717000
22-Feb-01,41.60,42.45,41.20,42.00,1004300
21-Feb-01,43.28,43.45,42.00,42.01,868100
20-Feb-01,44.30,45.00,43.28,43.28,1759300
16-Feb-01,44.85,45.01,44.10,44.59,688600
15-Feb-01,43.85,45.20,43.83,45.12,937000
14-Feb-01,44.70,44.70,43.65,43.65,681400
13-Feb-01,44.40,44.95,44.17,44.70,1317700
12-Feb-01,43.45,44.10,43.22,43.68,966000
9-Feb-01,44.70,44.71,43.00,43.33,1241700
8-Feb-01,43.75,45.00,43.58,44.86,1417600
7-Feb-01,44.15,44.15,42.90,43.09,624700
6-Feb-01,43.78,44.51,43.78,43.80,750100
5-Feb-01,44.00,44.39,43.83,44.18,551400
2-Feb-01,45.11,45.30,44.28,44.29,744700
1-Feb-01,45.40,45.52,44.42,45.27,799000
31-Jan-01,45.25,45.95,45.05,45.38,1677700
30-Jan-01,44.70,45.15,44.05,44.44,1050900
29-Jan-01,43.35,44.60,43.30,44.03,1205500
26-Jan-01,43.75,44.45,43.56,43.71,1057200
25-Jan-01,42.20,43.85,41.76,43.40,1176500
24-Jan-01,42.50,43.24,42.04,42.04,751700
23-Jan-01,41.48,43.50,41.48,42.84,1946300
22-Jan-01,39.99,42.35,39.82,41.23,1136900
19-Jan-01,41.10,41.64,39.90,39.91,2292700
18-Jan-01,42.50,42.85,41.50,41.50,1522600
17-Jan-01,42.55,44.25,42.55,43.75,1333800
16-Jan-01,41.51,43.15,41.45,42.35,893300
12-Jan-01,41.70,42.32,40.85,41.50,1044300
11-Jan-01,42.41,43.33,41.20,41.20,1559800
10-Jan-01,40.70,43.25,40.36,41.91,1894500
9-Jan-01,42.75,42.95,42.01,42.27,1133400
8-Jan-01,42.95,43.35,42.67,43.13,1120700
5-Jan-01,44.70,44.70,43.01,43.81,1485800
4-Jan-01,43.00,45.00,42.70,44.26,3408700
3-Jan-01,38.21,41.26,38.00,41.06,2201200
2-Jan-01,39.45,39.97,38.20,38.20,919600
29-Dec-00,38.81,40.25,38.81,39.96,1043500
28-Dec-00,38.25,39.18,38.00,38.82,1177300
27-Dec-00,38.50,39.20,37.75,38.79,1381600
26-Dec-00,37.75,38.50,37.41,38.15,959600
22-Dec-00,37.15,38.70,36.90,38.53,1429200
21-Dec-00,37.25,37.95,36.35,37.64,1331700
20-Dec-00,37.90,38.03,36.60,37.25,2073200
19-Dec-00,37.80,39.09,37.49,37.75,2408400
18-Dec-00,39.00,39.40,37.30,37.52,2381900
15-Dec-00,40.60,41.00,38.25,39.20,3586600
14-Dec-00,44.00,44.00,41.25,41.97,4580800
13-Dec-00,46.88,47.45,46.15,46.28,1330200
12-Dec-00,47.65,48.20,46.62,47.13,1711000
11-Dec-00,47.15,47.89,46.90,47.53,1203200
8-Dec-00,47.90,47.90,46.82,46.99,1285400
7-Dec-00,46.50,47.70,46.50,46.94,634400
6-Dec-00,47.80,48.00,47.03,47.28,981800
5-Dec-00,46.03,48.00,46.01,47.65,2210700
4-Dec-00,46.90,46.91,46.06,46.38,1237500
1-Dec-00,47.70,48.86,47.22,47.48,830600
30-Nov-00,48.50,48.92,47.60,47.92,1065900
29-Nov-00,48.71,49.51,48.46,49.03,1037800
28-Nov-00,48.50,48.99,48.15,48.96,969000
27-Nov-00,49.40,49.60,48.90,49.10,953900
24-Nov-00,49.71,49.97,49.05,49.97,504500
22-Nov-00,49.30,49.75,48.28,49.74,1754100
21-Nov-00,46.75,49.40,46.66,49.40,3030000
20-Nov-00,46.98,47.00,46.00,46.50,622600
17-Nov-00,47.75,47.75,46.67,46.73,884900
16-Nov-00,46.80,47.75,46.40,47.24,1372600
15-Nov-00,45.25,47.52,45.20,47.51,1073400
14-Nov-00,45.50,45.88,44.76,45.75,849200
13-Nov-00,44.00,45.37,43.90,45.27,826800
10-Nov-00,45.65,46.00,45.12,45.17,516000
9-Nov-00,45.80,46.55,45.40,46.20,748900
8-Nov-00,45.30,46.50,45.20,46.31,685000
7-Nov-00,46.30,46.68,45.66,46.03,688000
6-Nov-00,46.32,47.10,46.02,46.60,748600
3-Nov-00,45.50,46.80,44.85,46.75,1429600
2-Nov-00,46.65,47.03,45.50,46.76,886200
1-Nov-00,46.30,46.39,45.24,46.00,784000
31-Oct-00,45.50,47.00,44.03,46.50,1803100
30-Oct-00,42.81,47.09,42.80,46.77,2002700
27-Oct-00,42.10,43.20,41.42,43.06,476000
26-Oct-00,41.90,42.32,41.18,42.30,540500
25-Oct-00,42.53,42.53,41.35,41.85,472100
24-Oct-00,41.63,42.54,41.45,42.53,722800
23-Oct-00,42.40,42.42,41.15,41.38,529800
20-Oct-00,41.50,42.78,41.30,42.50,675500
19-Oct-00,39.50,42.80,39.50,42.30,1027000
18-Oct-00,39.75,39.85,38.89,39.38,756200
17-Oct-00,41.11,41.85,40.00,40.22,809000
16-Oct-00,40.10,41.16,39.80,41.10,692700
13-Oct-00,39.45,40.68,39.45,40.64,1037500
12-Oct-00,42.37,42.46,40.44,40.45,1305700
11-Oct-00,43.10,43.25,42.32,42.62,842400
10-Oct-00,41.40,43.89,41.30,43.35,1169500
9-Oct-00,42.65,42.73,41.65,41.80,436400
6-Oct-00,43.87,44.25,42.52,42.75,750700
5-Oct-00,44.85,45.03,44.05,44.15,586700
4-Oct-00,44.30,45.00,44.20,45.00,1118300
3-Oct-00,43.20,44.75,43.20,44.05,971500
2-Oct-00,44.40,44.49,43.25,43.45,1016200
29-Sep-00,44.75,44.75,43.90,44.34,1545200
28-Sep-00,42.90,45.04,42.09,45.00,1897200
27-Sep-00,42.50,43.00,42.00,42.80,1847300
26-Sep-00,40.75,42.50,40.75,42.25,1272300
25-Sep-00,41.00,41.45,40.60,40.75,1098000
22-Sep-00,40.10,40.72,39.85,40.55,866400
21-Sep-00,39.35,40.29,39.30,40.26,836600
20-Sep-00,38.75,39.31,38.50,39.05,694300
19-Sep-00,39.30,39.65,38.10,39.32,1224200
18-Sep-00,39.75,40.00,38.32,38.61,716300
15-Sep-00,40.50,40.59,39.20,39.20,1181400
14-Sep-00,40.20,40.49,40.00,40.37,1018600
13-Sep-00,39.02,40.95,39.02,40.72,747400
12-Sep-00,38.04,40.37,38.04,39.36,969700
11-Sep-00,39.05,39.58,38.47,38.71,784100
8-Sep-00,39.05,39.78,38.93,39.26,1221800
7-Sep-00,41.75,41.96,39.55,39.82,1178600
6-Sep-00,39.30,40.30,39.30,40.27,550000
5-Sep-00,39.35,40.30,39.25,39.45,604600
1-Sep-00,40.35,40.85,39.40,39.55,547500
31-Aug-00,39.15,40.80,39.15,40.35,652600
30-Aug-00,40.25,40.45,39.47,39.63,584200
29-Aug-00,40.77,41.30,40.25,40.54,510400
28-Aug-00,0.00,41.80,40.65,40.71,556300
25-Aug-00,39.25,41.31,39.25,41.25,691000
24-Aug-00,39.62,40.12,39.31,39.81,545200
23-Aug-00,40.38,40.62,39.25,39.44,633000
22-Aug-00,39.56,40.88,39.56,40.69,629400
21-Aug-00,39.75,40.19,39.62,39.88,422900
18-Aug-00,40.00,40.31,39.81,40.00,417600
17-Aug-00,41.12,41.12,40.06,40.44,405700
16-Aug-00,40.62,40.88,40.38,40.75,397900
15-Aug-00,40.88,41.19,40.19,41.06,561900
14-Aug-00,41.31,41.44,40.69,41.12,440800
11-Aug-00,40.38,41.75,40.38,41.56,863900
10-Aug-00,38.75,40.94,38.69,40.81,1278700
9-Aug-00,39.00,39.44,38.38,38.50,591100
8-Aug-00,39.38,39.75,38.50,39.25,660400
7-Aug-00,38.81,39.50,38.69,39.38,513200
4-Aug-00,39.31,39.69,38.94,39.31,463000
3-Aug-00,40.38,40.38,39.31,39.56,527000
2-Aug-00,39.75,40.44,39.62,40.38,788800
1-Aug-00,39.88,40.19,39.25,39.88,655800
31-Jul-00,39.00,40.00,38.56,39.62,902600
28-Jul-00,38.31,39.25,37.94,39.12,706500
27-Jul-00,38.50,39.25,38.44,38.88,546500
26-Jul-00,39.19,39.25,38.69,38.88,631100
25-Jul-00,39.50,39.88,39.12,39.56,736400
24-Jul-00,39.81,40.44,39.06,39.69,673800
21-Jul-00,39.75,40.38,39.75,40.06,679200
20-Jul-00,39.94,40.44,39.25,39.75,697300
19-Jul-00,41.31,41.50,38.94,40.00,1311400
18-Jul-00,40.69,41.31,40.56,40.94,730300
17-Jul-00,42.00,42.00,40.75,40.94,812600
14-Jul-00,42.50,43.44,42.25,42.44,1549700
13-Jul-00,41.00,41.88,40.88,41.81,1088600
12-Jul-00,40.81,41.06,39.44,41.00,1188500
11-Jul-00,40.25,40.50,39.62,40.00,776700
10-Jul-00,39.56,40.38,39.31,40.25,699200
7-Jul-00,39.56,39.75,39.00,39.31,846600
6-Jul-00,40.25,40.44,39.44,39.88,809800
5-Jul-00,40.38,41.62,40.25,40.88,1231400
3-Jul-00,38.75,40.19,38.62,39.81,606200
30-Jun-00,38.69,40.19,38.00,38.00,2096100
29-Jun-00,38.12,39.81,38.00,38.94,1534100
28-Jun-00,37.62,38.94,37.25,38.12,2005800
27-Jun-00,34.62,37.44,34.62,37.00,2797200
26-Jun-00,34.31,34.50,33.38,34.06,725700
23-Jun-00,34.31,34.81,33.94,33.94,686000
22-Jun-00,34.69,34.69,34.00,34.31,990300
21-Jun-00,35.56,35.69,34.25,34.44,843400
20-Jun-00,35.00,35.44,34.88,35.12,1221900
19-Jun-00,35.56,35.75,35.31,35.44,607100
16-Jun-00,36.50,36.62,35.62,35.75,1115400
15-Jun-00,37.25,37.31,36.06,36.44,593500
14-Jun-00,36.50,37.25,36.44,37.19,723000
13-Jun-00,35.94,36.50,35.81,36.50,391600
12-Jun-00,36.94,37.31,35.88,36.12,582600
9-Jun-00,36.31,36.81,36.12,36.31,380200
8-Jun-00,36.50,36.50,36.12,36.12,459100
7-Jun-00,36.62,37.12,36.12,36.81,574100
6-Jun-00,37.25,37.25,36.50,36.88,769500
5-Jun-00,36.00,37.75,36.00,37.44,1006900
2-Jun-00,36.25,37.00,35.69,36.69,1130800
1-Jun-00,35.50,36.75,35.25,35.69,1443700
31-May-00,35.44,35.94,35.19,35.50,1092000
30-May-00,34.50,35.75,34.50,35.50,1081200
26-May-00,35.06,35.25,33.25,33.81,1140100
25-May-00,36.06,36.19,35.12,35.19,966700
24-May-00,36.06,36.69,35.88,36.12,691300
23-May-00,36.38,36.50,35.75,36.00,545900
22-May-00,35.88,36.56,35.50,36.25,903100
19-May-00,35.88,36.31,35.81,36.25,866900
18-May-00,36.12,37.06,35.62,36.81,1051600
17-May-00,36.25,36.81,35.69,36.06,1334200
16-May-00,37.50,37.69,36.31,36.50,1804300
15-May-00,37.12,37.69,36.19,36.44,2540500
12-May-00,40.25,40.44,38.56,38.88,731600
11-May-00,39.25,40.06,38.50,39.50,1457000
10-May-00,39.50,39.75,37.81,38.50,1228500
9-May-00,40.12,40.81,39.38,39.81,1347000
8-May-00,40.00,41.25,39.50,40.12,1870500
5-May-00,36.81,39.56,36.81,39.56,1689600
4-May-00,35.62,37.75,35.56,37.06,1719600
3-May-00,36.19,36.69,35.75,36.00,878800
2-May-00,37.62,37.69,36.56,36.94,1324700
1-May-00,37.44,37.62,36.88,37.12,965300
28-Apr-00,38.00,38.19,37.50,37.69,972100
27-Apr-00,38.62,38.62,36.94,37.88,1292100
26-Apr-00,39.12,39.50,38.38,38.38,1109100
25-Apr-00,37.44,39.50,37.06,39.25,1330000
24-Apr-00,38.25,38.31,36.88,37.25,801800
20-Apr-00,38.06,39.12,37.50,38.06,812400
19-Apr-00,38.00,38.50,37.44,38.19,884300
18-Apr-00,36.38,37.75,36.31,37.50,1175500
17-Apr-00,37.50,38.00,36.25,36.25,1475100
14-Apr-00,39.25,39.31,37.06,37.25,1988600
13-Apr-00,41.00,41.19,39.88,40.25,1481800
12-Apr-00,41.62,42.44,41.19,41.56,2123200
11-Apr-00,40.94,41.62,40.50,41.12,1422500
10-Apr-00,38.94,41.44,38.75,40.50,3329700
7-Apr-00,38.75,39.69,37.44,38.19,1593500
6-Apr-00,39.50,39.81,38.25,38.94,1193500
5-Apr-00,37.81,39.69,37.81,39.38,1152300
4-Apr-00,39.19,39.94,36.56,38.50,1714700
3-Apr-00,39.00,39.62,38.69,39.19,1009500
31-Mar-00,39.50,39.50,38.56,38.81,1351400
30-Mar-00,37.81,39.19,37.75,38.62,1530400
29-Mar-00,39.00,39.44,37.56,38.06,1411800
28-Mar-00,38.25,39.81,38.06,38.38,1236600
27-Mar-00,39.62,39.75,38.50,38.69,978400
24-Mar-00,40.12,40.81,39.25,39.62,1836100
23-Mar-00,38.38,40.25,37.50,39.75,4491200
22-Mar-00,37.12,38.50,36.69,37.00,2205300
21-Mar-00,35.06,37.44,35.06,36.62,2092000
20-Mar-00,35.62,36.25,35.12,35.44,1455600
17-Mar-00,35.31,36.00,34.19,34.19,2026400
16-Mar-00,34.62,35.94,34.19,35.50,2261200
15-Mar-00,32.06,34.69,32.06,33.81,1682300
14-Mar-00,33.00,33.38,32.00,32.06,762800
13-Mar-00,33.00,33.69,32.69,32.81,1140000
10-Mar-00,33.38,33.88,32.69,33.56,1155700
9-Mar-00,33.31,34.25,32.38,33.38,1303300
8-Mar-00,32.50,34.25,31.81,33.06,1945800
7-Mar-00,32.50,33.12,30.56,31.06,2177400
6-Mar-00,0.00,34.56,32.25,32.75,1336900
3-Mar-00,0.00,35.69,33.75,34.75,1691000
2-Mar-00,0.00,34.25,33.38,33.88,1304900
1-Mar-00,0.00,35.69,34.19,34.44,1121500
29-Feb-00,34.50,35.44,34.19,34.94,2101100
28-Feb-00,33.31,35.19,33.19,34.75,1377200
25-Feb-00,34.75,34.94,33.25,33.56,1379500
24-Feb-00,35.12,35.75,34.00,34.12,1451700
23-Feb-00,36.06,36.19,35.12,35.38,945600
22-Feb-00,35.69,37.00,35.69,36.00,1669000
18-Feb-00,36.31,37.44,35.38,36.81,1602000
17-Feb-00,36.06,37.38,35.38,35.62,1452100
16-Feb-00,36.00,37.56,35.38,36.44,1787800
15-Feb-00,36.50,36.56,35.06,35.94,2040700
14-Feb-00,36.56,37.81,36.00,36.31,1834400
11-Feb-00,38.69,38.69,36.94,37.12,1496000
10-Feb-00,38.88,39.00,37.62,38.69,1458200
9-Feb-00,39.00,39.50,38.62,39.06,1242900
8-Feb-00,39.19,39.94,39.19,39.69,1054400
7-Feb-00,39.25,39.94,38.75,39.19,1033600
4-Feb-00,39.62,40.19,38.94,39.19,911100
3-Feb-00,38.94,40.19,38.25,39.50,1491500
2-Feb-00,39.00,39.12,38.00,38.56,1536000
1-Feb-00,39.06,39.44,37.94,38.94,1674800
31-Jan-00,38.44,39.56,38.06,39.56,1457400
28-Jan-00,40.06,40.25,38.25,38.56,1970100
27-Jan-00,41.38,42.31,40.12,40.75,1497400
26-Jan-00,40.31,42.62,40.06,42.38,2022300
25-Jan-00,40.88,41.31,40.25,40.25,1685000
24-Jan-00,41.69,41.75,40.25,41.00,1742000
21-Jan-00,42.31,42.31,41.00,41.75,2324800
20-Jan-00,42.50,43.62,41.81,42.50,2109800
19-Jan-00,0.00,45.88,43.81,44.25,1876500
18-Jan-00,0.00,46.38,43.12,44.19,2410700
14-Jan-00,0.00,47.94,45.69,46.56,1281100
13-Jan-00,0.00,47.88,45.75,46.75,1898600
12-Jan-00,0.00,45.44,44.12,45.25,1050900
11-Jan-00,0.00,46.56,45.50,45.62,1055100
10-Jan-00,0.00,47.44,45.75,46.50,1435300
7-Jan-00,0.00,47.50,44.25,47.50,3523000
6-Jan-00,0.00,47.31,42.44,47.25,4630500
5-Jan-00,0.00,43.25,41.38,42.44,2239000
4-Jan-00,0.00,43.19,41.00,41.50,1563500
3-Jan-00,0.00,43.62,41.00,42.69,1732400
31-Dec-99,0.00,41.88,40.50,40.94,788900
30-Dec-99,0.00,42.62,41.31,41.50,845600
29-Dec-99,0.00,42.94,41.44,42.25,1103800
28-Dec-99,0.00,42.25,40.88,41.38,1364300
27-Dec-99,0.00,42.56,40.62,42.00,1839100
23-Dec-99,0.00,40.31,39.69,40.00,1031600
22-Dec-99,0.00,40.19,38.94,39.75,1215100
21-Dec-99,0.00,40.25,39.00,39.94,1525000
20-Dec-99,0.00,41.25,39.00,39.94,1635600
17-Dec-99,0.00,42.75,40.00,40.00,3311100
16-Dec-99,0.00,42.94,39.62,42.88,4113700
15-Dec-99,0.00,39.75,38.00,39.12,1996600
14-Dec-99,0.00,38.88,38.25,38.62,1448200
13-Dec-99,0.00,39.69,38.81,39.12,1822600
10-Dec-99,0.00,40.62,39.38,39.75,1883700
9-Dec-99,0.00,40.50,39.56,40.00,1265600
8-Dec-99,0.00,42.06,40.69,40.69,1413400
7-Dec-99,0.00,41.00,39.94,40.75,1671800
6-Dec-99,0.00,42.19,40.75,40.94,1485000
3-Dec-99,0.00,42.00,41.44,41.94,1684700
2-Dec-99,0.00,42.00,40.75,40.88,1624100
1-Dec-99,0.00,42.44,41.38,41.38,1286900
30-Nov-99,0.00,43.50,42.06,42.06,1501600
29-Nov-99,0.00,43.31,41.56,42.88,2739100
26-Nov-99,0.00,41.31,40.75,41.25,786300
24-Nov-99,0.00,41.44,40.50,41.00,1806900
23-Nov-99,0.00,42.12,40.50,41.62,1871900
22-Nov-99,0.00,41.75,40.75,40.94,1867100
19-Nov-99,0.00,43.44,42.06,42.19,1322900
18-Nov-99,0.00,43.50,42.69,43.38,1200600
17-Nov-99,0.00,44.69,42.88,43.06,1650300
16-Nov-99,0.00,45.19,44.12,44.44,1261400
15-Nov-99,0.00,46.25,44.38,44.62,1601300
12-Nov-99,0.00,46.50,45.25,45.56,1945000
11-Nov-99,0.00,45.19,43.25,44.75,2241500
10-Nov-99,0.00,45.81,42.19,43.25,4589100
9-Nov-99,0.00,45.94,42.94,44.00,2905500
8-Nov-99,0.00,44.38,41.56,44.31,2718800
5-Nov-99,0.00,42.44,41.00,41.88,2124500
4-Nov-99,0.00,41.44,40.19,40.75,1501200
3-Nov-99,0.00,42.25,41.00,41.44,1178000
2-Nov-99,0.00,42.50,40.75,41.94,1433000
1-Nov-99,0.00,42.75,40.88,41.50,1403500
29-Oct-99,0.00,44.94,43.06,43.06,1942500
28-Oct-99,0.00,42.94,41.31,42.94,1589700
27-Oct-99,0.00,41.44,39.31,41.25,1984800
26-Oct-99,0.00,39.19,38.50,38.94,1564300
25-Oct-99,0.00,39.88,38.81,39.50,884200
22-Oct-99,0.00,40.38,38.25,40.00,1668000
21-Oct-99,0.00,39.00,37.81,39.00,1463200
20-Oct-99,0.00,39.56,38.81,39.25,1503600
19-Oct-99,0.00,40.69,39.44,39.50,1060900
18-Oct-99,0.00,40.19,39.19,40.06,1029700
15-Oct-99,0.00,40.62,38.88,39.88,1740200
14-Oct-99,0.00,40.56,39.06,40.38,1403600
13-Oct-99,0.00,42.31,40.00,40.38,1820700
12-Oct-99,0.00,43.19,42.25,42.25,1966300
11-Oct-99,0.00,43.44,42.12,42.75,1722800
8-Oct-99,0.00,43.62,42.31,42.31,2486300
7-Oct-99,0.00,43.31,42.25,42.94,3253400
6-Oct-99,0.00,42.19,41.44,41.62,2559100
5-Oct-99,0.00,41.19,40.00,41.00,3125600
4-Oct-99,0.00,40.62,38.88,40.38,3040800
1-Oct-99,0.00,39.25,38.12,38.12,1741700
30-Sep-99,0.00,39.19,38.00,38.88,2307000
29-Sep-99,0.00,38.00,36.69,38.00,3426800
28-Sep-99,0.00,36.62,35.50,36.38,1953300
27-Sep-99,0.00,36.56,35.31,35.50,2126000
24-Sep-99,0.00,35.50,34.88,35.19,1865800
23-Sep-99,0.00,37.44,35.12,35.25,3015500
22-Sep-99,0.00,37.88,35.62,36.38,3049000
21-Sep-99,0.00,38.94,37.62,38.00,1718300
20-Sep-99,0.00,39.00,38.12,38.12,1681600
17-Sep-99,0.00,38.81,38.06,38.56,3614400
16-Sep-99,0.00,39.31,37.44,38.25,10235500
15-Sep-99,0.00,45.44,43.62,43.69,1670400
14-Sep-99,0.00,45.50,44.75,44.94,1019300
13-Sep-99,0.00,46.88,44.88,45.56,1519700
10-Sep-99,0.00,47.25,45.81,46.25,1091700
9-Sep-99,0.00,47.31,45.56,46.56,1733200
8-Sep-99,0.00,46.88,44.44,46.69,1705600
7-Sep-99,0.00,45.50,44.25,45.06,920500
3-Sep-99,0.00,45.81,44.50,45.44,1548000
2-Sep-99,0.00,44.25,42.69,44.12,2059300
1-Sep-99,0.00,44.38,42.44,44.06,1200300
31-Aug-99,0.00,42.94,41.81,42.44,1385200
30-Aug-99,0.00,43.56,42.00,42.00,1066600
27-Aug-99,0.00,45.00,43.06,43.06,1262200
26-Aug-99,0.00,45.44,44.00,44.12,2065700
25-Aug-99,0.00,45.25,43.19,45.25,3717700
24-Aug-99,0.00,42.69,41.31,41.94,2269900
23-Aug-99,0.00,41.62,40.00,41.56,2704000
20-Aug-99,0.00,40.38,39.88,40.00,1753400
19-Aug-99,0.00,40.88,39.75,40.38,1949300
18-Aug-99,0.00,42.12,41.00,41.31,1492400
17-Aug-99,0.00,43.50,41.38,42.12,1494100
16-Aug-99,0.00,43.94,42.06,42.75,1177500
13-Aug-99,0.00,43.44,42.00,43.00,2277800
12-Aug-99,0.00,42.25,41.00,41.75,1410300
11-Aug-99,0.00,41.88,40.00,40.81,1878500
10-Aug-99,0.00,41.81,38.50,40.12,2650400
9-Aug-99,0.00,43.19,42.00,42.31,942100
6-Aug-99,0.00,43.81,42.19,42.44,970100
5-Aug-99,0.00,43.50,41.56,43.06,1744500
4-Aug-99,0.00,43.69,41.25,41.75,1877800
3-Aug-99,0.00,45.38,43.44,43.81,1522400
2-Aug-99,0.00,45.50,44.31,44.75,943100
30-Jul-99,0.00,46.38,44.38,44.75,1433100
29-Jul-99,0.00,46.50,44.62,45.31,1650200
28-Jul-99,0.00,47.69,44.56,47.19,2287500
27-Jul-99,0.00,45.12,44.00,44.75,2119200
26-Jul-99,0.00,45.31,43.88,44.00,1926000
23-Jul-99,0.00,46.50,44.62,45.00,1588900
22-Jul-99,0.00,47.00,45.81,46.25,1439100
21-Jul-99,0.00,47.69,46.19,46.31,1467000
20-Jul-99,0.00,48.31,47.06,47.50,1039600
19-Jul-99,0.00,48.00,47.06,47.56,1136400
16-Jul-99,0.00,48.50,46.88,47.44,2081500
15-Jul-99,0.00,49.88,48.44,48.44,1135100
14-Jul-99,0.00,49.62,48.00,49.12,1341800
13-Jul-99,0.00,48.12,47.50,47.88,1557400
12-Jul-99,0.00,49.31,48.69,48.69,1660600
9-Jul-99,0.00,49.94,48.38,48.50,2768900
8-Jul-99,0.00,51.44,48.50,50.00,3815800
7-Jul-99,0.00,53.38,50.62,50.88,2552400
6-Jul-99,0.00,55.12,53.44,53.56,1311100
2-Jul-99,0.00,55.38,54.44,54.94,1469100
1-Jul-99,0.00,55.81,53.31,54.25,2053800
30-Jun-99,0.00,54.88,52.38,54.25,3306600
29-Jun-99,0.00,55.38,54.50,55.12,1594800
28-Jun-99,0.00,56.50,54.12,55.38,2094900
25-Jun-99,0.00,53.50,52.06,52.50,709100
24-Jun-99,0.00,54.19,51.81,52.44,812700
23-Jun-99,0.00,54.38,53.06,54.12,825900
22-Jun-99,0.00,56.06,54.62,54.69,1051400
21-Jun-99,0.00,56.62,54.88,56.12,1100000
18-Jun-99,0.00,54.88,52.75,54.56,1146100
17-Jun-99,0.00,53.56,51.44,53.00,907800
16-Jun-99,0.00,52.75,51.00,52.62,1166200
15-Jun-99,0.00,50.56,48.88,50.19,908200
14-Jun-99,0.00,51.56,49.12,49.31,724400
11-Jun-99,0.00,51.50,48.88,50.44,2683000
10-Jun-99,0.00,50.69,49.88,50.12,990400
9-Jun-99,0.00,51.81,50.31,50.69,869100
8-Jun-99,0.00,52.69,50.25,50.56,852600
7-Jun-99,0.00,52.88,50.88,52.00,1227600
4-Jun-99,0.00,52.94,51.31,52.25,1379600
3-Jun-99,0.00,54.19,51.25,52.00,2220000
2-Jun-99,0.00,57.00,53.38,54.75,1536300
1-Jun-99,0.00,57.12,54.75,56.88,2098900
28-May-99,0.00,55.25,53.56,54.81,1085400
27-May-99,0.00,55.69,53.25,53.94,1371100
26-May-99,0.00,55.69,53.94,55.31,1214100
25-May-99,0.00,55.94,53.12,54.75,1782100
24-May-99,0.00,56.56,52.25,53.00,2086500
21-May-99,0.00,57.25,55.19,55.25,1475600
20-May-99,0.00,59.75,56.88,57.19,1323600
19-May-99,0.00,60.88,59.06,59.25,910400
18-May-99,0.00,60.00,59.00,60.00,1010200
17-May-99,0.00,60.31,58.00,59.81,1237300
14-May-99,0.00,60.94,59.31,59.88,1204800
13-May-99,0.00,61.88,59.88,61.75,1967600
12-May-99,0.00,60.12,58.62,59.44,1611800
11-May-99,0.00,59.62,58.12,58.81,1241200
10-May-99,0.00,58.75,56.12,58.75,2219500
7-May-99,0.00,56.44,54.94,55.62,1276000
6-May-99,0.00,56.44,54.38,55.88,1607200
5-May-99,0.00,56.47,54.03,55.97,1538000
4-May-99,0.00,57.66,56.44,56.44,1051800
3-May-99,0.00,57.69,56.38,57.44,1406200
30-Apr-99,0.00,57.59,54.62,56.38,1838800
29-Apr-99,0.00,55.97,54.06,55.12,1401600
28-Apr-99,0.00,56.19,53.19,53.72,3731600
27-Apr-99,0.00,57.38,56.56,57.03,2820000
26-Apr-99,0.00,57.88,57.31,57.31,1651400
23-Apr-99,0.00,59.00,56.78,57.53,2022200
22-Apr-99,0.00,59.47,55.84,59.25,3531600
21-Apr-99,0.00,55.19,53.81,55.00,2186600
20-Apr-99,0.00,54.06,51.69,53.56,2724000
19-Apr-99,0.00,54.47,52.69,52.75,3541400
16-Apr-99,0.00,52.69,51.03,52.69,2310800
15-Apr-99,0.00,53.00,50.41,51.19,1809200
14-Apr-99,0.00,53.12,52.12,52.84,1791400
13-Apr-99,0.00,53.47,52.19,52.47,1242200
12-Apr-99,0.00,53.00,51.19,52.84,2369200
9-Apr-99,0.00,52.44,51.19,51.69,1581600
8-Apr-99,0.00,52.38,50.72,52.31,3815600
7-Apr-99,0.00,51.75,49.88,51.38,4376200
6-Apr-99,0.00,50.22,48.59,49.72,2293400
5-Apr-99,0.00,48.84,47.78,48.56,1482200
1-Apr-99,0.00,48.06,47.12,48.06,1619600
31-Mar-99,0.00,48.34,46.31,46.50,1865000
30-Mar-99,0.00,49.41,47.81,48.75,1821800
29-Mar-99,0.00,48.38,47.78,48.12,1179200
26-Mar-99,0.00,47.62,46.53,47.34,1006800
25-Mar-99,0.00,47.84,47.25,47.47,1249400
24-Mar-99,0.00,47.06,45.53,46.78,1533800
23-Mar-99,0.00,48.06,46.00,46.78,2340000
22-Mar-99,0.00,48.88,48.00,48.09,1564200
19-Mar-99,0.00,50.19,48.00,48.00,3607200
18-Mar-99,0.00,50.34,47.12,49.06,6469400
17-Mar-99,0.00,47.75,45.94,46.47,1203600
16-Mar-99,0.00,47.97,47.00,47.38,1275600
15-Mar-99,0.00,47.09,45.84,47.09,1425800
12-Mar-99,0.00,47.06,44.56,45.84,2730400
11-Mar-99,0.00,47.81,45.88,47.38,1975200
10-Mar-99,0.00,47.94,46.59,47.12,1298600
9-Mar-99,0.00,48.50,46.69,46.75,2801400
8-Mar-99,0.00,48.38,47.59,47.59,1172000
5-Mar-99,0.00,48.00,46.84,47.84,1765000
4-Mar-99,0.00,46.75,45.88,46.34,1015600
3-Mar-99,0.00,46.62,45.72,45.88,1347600
2-Mar-99,0.00,46.91,45.94,46.34,2045000
1-Mar-99,0.00,48.38,46.75,46.91,1935200
26-Feb-99,0.00,47.97,46.38,47.62,1609600
25-Feb-99,0.00,47.47,45.88,47.12,2877000
24-Feb-99,0.00,49.00,46.25,46.72,4422800
23-Feb-99,0.00,45.44,44.25,44.94,2292000
22-Feb-99,0.00,45.44,43.03,45.06,2584000
19-Feb-99,0.00,43.41,42.00,43.06,1463000
18-Feb-99,0.00,42.91,41.66,42.00,1664200
17-Feb-99,0.00,43.00,41.75,42.69,2824000
16-Feb-99,0.00,41.78,40.59,41.75,2649600
12-Feb-99,0.00,43.00,40.84,41.38,2677600
11-Feb-99,0.00,43.50,40.38,43.19,2813200
10-Feb-99,0.00,41.44,39.75,39.94,2215600
9-Feb-99,0.00,41.94,41.09,41.53,2095000
8-Feb-99,0.00,41.94,41.12,41.66,2107000
5-Feb-99,0.00,41.66,41.06,41.28,1837000
4-Feb-99,0.00,41.72,40.78,40.97,1360600
3-Feb-99,0.00,41.88,41.34,41.50,1221800
2-Feb-99,0.00,42.97,41.78,42.06,1670200
1-Feb-99,0.00,42.72,40.94,42.56,2860400
29-Jan-99,0.00,41.25,40.50,40.72,1521600
28-Jan-99,0.00,41.31,40.34,40.94,1510400
27-Jan-99,0.00,42.38,40.28,41.00,2549200
26-Jan-99,0.00,42.00,40.66,41.50,2792200
25-Jan-99,0.00,40.31,37.94,39.91,3107800
22-Jan-99,0.00,38.81,37.94,38.12,1594000
21-Jan-99,0.00,39.25,38.66,38.72,2416200
20-Jan-99,0.00,40.34,38.31,38.84,2865800
19-Jan-99,0.00,40.44,39.59,39.91,2169800
15-Jan-99,0.00,40.34,38.62,39.53,3575200
14-Jan-99,0.00,42.09,38.50,39.16,4242000
13-Jan-99,0.00,42.41,40.75,41.78,2122200
12-Jan-99,0.00,42.84,41.88,42.66,2800400
11-Jan-99,0.00,44.22,43.06,43.56,1692000
8-Jan-99,0.00,44.34,43.72,43.97,2035600
7-Jan-99,0.00,44.28,43.03,43.66,2220200
6-Jan-99,0.00,44.72,43.41,44.44,2928400
5-Jan-99,0.00,43.59,42.50,42.78,2848400
4-Jan-99,0.00,45.03,43.00,43.31,3636800
31-Dec-98,0.00,45.59,44.50,44.59,1619400
30-Dec-98,0.00,45.44,43.91,44.59,2103800
29-Dec-98,0.00,45.50,43.75,44.25,2199200
28-Dec-98,0.00,45.94,44.12,44.75,2581800
24-Dec-98,0.00,45.03,44.28,44.34,917600
23-Dec-98,0.00,46.56,43.75,44.88,4679000
22-Dec-98,0.00,45.72,42.12,45.34,5505400
21-Dec-98,0.00,42.69,41.53,42.25,4557200
18-Dec-98,0.00,41.47,38.62,41.19,8115600
17-Dec-98,0.00,38.81,36.81,38.16,6941600
16-Dec-98,0.00,36.25,35.53,36.00,2657200
15-Dec-98,0.00,35.56,35.03,35.47,2223800
14-Dec-98,0.00,36.28,34.75,35.12,1928200
11-Dec-98,0.00,36.41,35.28,35.91,2511000
10-Dec-98,0.00,37.38,36.19,36.25,2282600
9-Dec-98,0.00,36.94,36.50,36.88,2572000
8-Dec-98,0.00,37.56,36.31,36.53,9087000
7-Dec-98,0.00,39.75,36.00,36.00,18363000
4-Dec-98,0.00,33.81,33.47,33.62,2263400
3-Dec-98,0.00,33.69,33.28,33.44,3046000
2-Dec-98,0.00,33.62,32.75,33.38,2107400
1-Dec-98,0.00,33.19,32.28,33.19,3072800
30-Nov-98,0.00,32.75,32.03,32.44,2171000
27-Nov-98,0.00,32.16,31.75,31.91,721600
25-Nov-98,0.00,32.75,31.75,31.88,1524000
24-Nov-98,0.00,33.72,32.66,32.84,3072800
23-Nov-98,0.00,31.88,30.78,31.56,1472200
20-Nov-98,0.00,30.75,29.69,30.34,3198800
19-Nov-98,0.00,29.72,28.78,29.41,1537000
18-Nov-98,0.00,29.56,27.53,29.53,2093600
17-Nov-98,0.00,27.59,26.97,27.44,775800
16-Nov-98,0.00,27.62,27.00,27.62,1057000
13-Nov-98,0.00,27.03,26.59,27.00,867000
12-Nov-98,0.00,27.00,25.88,26.44,1265200
11-Nov-98,0.00,27.25,26.59,26.78,774600
10-Nov-98,0.00,27.38,26.34,26.72,1179200
9-Nov-98,0.00,27.47,27.22,27.34,924200
6-Nov-98,0.00,27.44,26.91,27.22,1070400
5-Nov-98,0.00,27.12,25.81,26.62,1522800
4-Nov-98,0.00,27.81,26.91,27.12,3118000
3-Nov-98,0.00,27.44,26.75,27.38,2759000
2-Nov-98,0.00,26.97,26.12,26.91,1178000
30-Oct-98,0.00,26.62,25.50,26.28,912400
29-Oct-98,0.00,26.09,24.78,25.41,1092200
28-Oct-98,0.00,24.78,24.31,24.50,1252600
27-Oct-98,0.00,24.66,24.06,24.44,2176400
26-Oct-98,0.00,25.53,24.16,24.16,1084400
23-Oct-98,0.00,27.12,25.72,25.75,788000
22-Oct-98,0.00,27.06,26.53,27.00,528800
21-Oct-98,0.00,27.50,26.69,26.78,708400
20-Oct-98,0.00,27.72,27.03,27.25,1186800
19-Oct-98,0.00,27.81,26.72,26.88,1541400
16-Oct-98,0.00,27.88,26.50,27.62,1891200
15-Oct-98,0.00,26.12,24.28,26.03,904200
14-Oct-98,0.00,24.94,23.94,24.69,733600
13-Oct-98,0.00,23.94,23.66,23.88,531000
12-Oct-98,0.00,24.00,23.41,23.59,494800
9-Oct-98,0.00,23.22,21.88,23.19,1428600
8-Oct-98,0.00,23.03,21.91,22.81,1239600
7-Oct-98,0.00,23.56,23.25,23.41,1016800
6-Oct-98,0.00,23.50,22.59,23.44,839600
5-Oct-98,0.00,22.72,22.12,22.47,633200
2-Oct-98,0.00,22.84,22.22,22.53,811400
1-Oct-98,0.00,22.50,21.81,22.19,1144800
30-Sep-98,0.00,23.50,22.00,22.41,1204200
29-Sep-98,0.00,24.59,23.53,23.62,968600
28-Sep-98,0.00,25.91,24.47,24.56,1031200
25-Sep-98,0.00,25.62,24.50,25.34,1399400
24-Sep-98,0.00,26.38,25.03,25.69,2044800
23-Sep-98,0.00,25.06,23.41,25.00,1329600
22-Sep-98,0.00,23.69,23.28,23.50,1511800
21-Sep-98,0.00,23.50,22.69,23.25,1326400
18-Sep-98,0.00,24.22,23.62,23.88,1870600
17-Sep-98,0.00,25.06,23.97,24.25,1348000
16-Sep-98,0.00,25.38,24.94,25.38,799400
15-Sep-98,0.00,24.97,24.41,24.97,974400
14-Sep-98,0.00,24.75,24.06,24.75,1519400
11-Sep-98,0.00,24.22,23.56,23.97,916400
10-Sep-98,0.00,24.88,24.00,24.19,1269400
9-Sep-98,0.00,25.81,24.88,24.88,1508400
8-Sep-98,0.00,26.25,25.66,25.84,877400
4-Sep-98,0.00,25.00,24.41,24.81,873200
3-Sep-98,0.00,25.34,24.31,24.78,1000800
2-Sep-98,0.00,25.75,24.75,25.34,668200
1-Sep-98,0.00,25.69,24.69,24.88,969000
31-Aug-98,0.00,26.03,24.34,25.03,1440800
28-Aug-98,0.00,26.19,25.62,25.88,1742000
27-Aug-98,0.00,26.09,24.94,25.66,2453000
26-Aug-98,0.00,26.31,25.50,25.50,1871800
25-Aug-98,0.00,26.62,25.97,26.09,1240000
24-Aug-98,0.00,26.09,25.03,25.97,1170600
21-Aug-98,0.00,26.12,25.25,26.00,1018000
20-Aug-98,0.00,26.22,25.12,25.66,4432600
19-Aug-98,0.00,26.91,25.31,25.50,2440800
18-Aug-98,0.00,27.22,26.78,26.88,1909600
17-Aug-98,0.00,27.44,26.88,27.00,602400
14-Aug-98,0.00,27.66,27.09,27.16,656600
13-Aug-98,0.00,28.31,27.44,27.47,606400
12-Aug-98,0.00,28.66,27.88,28.16,1256200
11-Aug-98,0.00,27.81,27.19,27.75,2279400
10-Aug-98,0.00,29.00,27.50,27.75,2310800
7-Aug-98,0.00,30.56,28.91,29.25,1559200
6-Aug-98,0.00,31.06,30.50,30.69,767400
5-Aug-98,0.00,30.62,29.94,30.62,916400
4-Aug-98,0.00,30.91,29.94,29.94,1081800
3-Aug-98,0.00,30.50,29.94,30.16,1217400
31-Jul-98,0.00,30.91,30.25,30.34,984600
30-Jul-98,0.00,31.25,30.38,30.44,868200
29-Jul-98,0.00,31.38,30.72,30.88,952200
28-Jul-98,0.00,31.50,30.50,30.62,1353600
27-Jul-98,0.00,32.09,31.41,31.59,615800
24-Jul-98,0.00,32.75,31.75,32.06,685400
23-Jul-98,0.00,33.44,32.31,32.50,559000
22-Jul-98,0.00,33.22,32.69,32.97,631800
21-Jul-98,0.00,33.50,32.53,32.66,622400
20-Jul-98,0.00,33.62,32.81,33.00,495200
17-Jul-98,0.00,33.91,32.91,33.06,756400
16-Jul-98,0.00,33.84,32.62,33.75,1197000
15-Jul-98,0.00,33.12,32.53,32.78,982400
14-Jul-98,0.00,33.34,32.62,33.09,1608800
13-Jul-98,0.00,33.28,32.38,32.38,1345000
10-Jul-98,0.00,33.38,32.56,33.28,1673600
9-Jul-98,0.00,33.25,31.38,33.03,3383600
8-Jul-98,0.00,31.00,30.38,30.56,849000
7-Jul-98,0.00,31.19,30.66,31.00,1013600
6-Jul-98,0.00,31.44,30.38,30.56,1975800
2-Jul-98,0.00,31.50,30.69,31.41,914400
1-Jul-98,0.00,31.56,31.00,31.47,935000
30-Jun-98,0.00,31.38,30.72,31.38,822000
29-Jun-98,0.00,31.44,31.00,31.19,505000
26-Jun-98,0.00,31.16,30.50,31.03,1791000
25-Jun-98,0.00,31.50,30.88,30.94,1227400
24-Jun-98,0.00,31.50,30.69,31.50,1022000
23-Jun-98,0.00,31.12,30.53,30.91,660600
22-Jun-98,0.00,31.50,30.72,30.91,833000
19-Jun-98,0.00,31.50,31.00,31.34,913000
18-Jun-98,0.00,31.50,30.44,31.09,623600
17-Jun-98,0.00,31.19,30.38,30.81,896800
16-Jun-98,0.00,30.31,29.62,29.97,1133400
15-Jun-98,0.00,30.56,29.75,29.78,1519800
12-Jun-98,0.00,30.94,29.78,30.75,958200
11-Jun-98,0.00,31.31,30.50,30.50,1484000
10-Jun-98,0.00,31.88,30.91,31.06,1794000
9-Jun-98,0.00,32.09,31.62,32.00,1160800
8-Jun-98,0.00,32.03,31.50,31.56,650200
5-Jun-98,0.00,32.06,31.25,32.00,699800
4-Jun-98,0.00,31.31,30.69,31.31,1112200
3-Jun-98,0.00,31.94,31.31,31.38,769400
2-Jun-98,0.00,32.38,31.16,31.31,1399200
1-Jun-98,0.00,32.09,31.88,32.03,1297000
29-May-98,0.00,32.50,32.06,32.06,994400
28-May-98,0.00,32.50,32.06,32.41,729600
27-May-98,0.00,32.50,31.81,32.41,993200
26-May-98,0.00,33.69,32.53,32.53,1312000
22-May-98,0.00,33.16,32.59,32.94,1093600
21-May-98,0.00,32.78,32.09,32.66,1472200
20-May-98,0.00,32.31,30.97,32.19,2457000
19-May-98,0.00,31.47,30.50,30.62,2311800
18-May-98,0.00,31.97,31.44,31.50,821400
15-May-98,0.00,32.75,32.09,32.22,1452200
14-May-98,0.00,33.00,32.56,32.78,1379800
13-May-98,0.00,32.97,32.53,32.81,601600
12-May-98,0.00,33.25,32.56,32.78,799400
11-May-98,0.00,33.69,33.06,33.25,757800
8-May-98,0.00,33.22,32.66,33.09,944800
7-May-98,0.00,33.09,32.53,32.66,818400
6-May-98,0.00,33.47,32.84,32.88,979800
5-May-98,0.00,34.25,33.50,33.62,484200
4-May-98,0.00,34.69,33.97,34.25,1413000
1-May-98,0.00,34.53,33.69,33.91,667200
30-Apr-98,0.00,34.41,33.84,34.00,979400
29-Apr-98,0.00,33.91,33.59,33.75,904400
28-Apr-98,0.00,34.62,33.34,33.62,1035600
27-Apr-98,0.00,34.88,34.00,34.09,813200
24-Apr-98,0.00,35.62,34.88,35.50,920800
23-Apr-98,0.00,36.19,35.59,35.69,604800
22-Apr-98,0.00,36.56,36.12,36.19,944200
21-Apr-98,0.00,36.84,36.41,36.84,902600
20-Apr-98,0.00,37.00,36.00,36.44,762400
17-Apr-98,0.00,37.19,36.50,36.97,1055800
16-Apr-98,0.00,37.50,36.53,37.12,2279000
15-Apr-98,0.00,36.91,36.38,36.62,1187200
14-Apr-98,0.00,36.78,36.22,36.50,769600
13-Apr-98,0.00,36.50,35.28,36.50,1155800
9-Apr-98,0.00,36.56,35.47,36.34,1371600
8-Apr-98,0.00,35.56,34.91,35.38,730000
7-Apr-98,0.00,35.47,34.81,34.81,1140800
6-Apr-98,0.00,36.50,35.81,35.91,1279400
3-Apr-98,0.00,36.25,35.62,35.81,986400
2-Apr-98,0.00,36.09,35.69,36.09,801600
1-Apr-98,0.00,36.19,35.59,35.97,1341400
31-Mar-98,0.00,35.81,34.41,35.56,1598600
30-Mar-98,0.00,34.34,33.78,34.12,1059600
27-Mar-98,0.00,35.00,34.03,34.25,1854600
26-Mar-98,0.00,34.69,32.50,34.66,4222200
25-Mar-98,0.00,34.12,31.88,32.50,2692200
24-Mar-98,0.00,34.50,33.66,33.66,1661000
23-Mar-98,0.00,34.25,33.72,34.00,1881200
20-Mar-98,0.00,36.00,34.84,35.00,1754600
19-Mar-98,0.00,36.97,35.50,35.53,1403600
18-Mar-98,0.00,36.72,35.69,36.69,1670400
17-Mar-98,0.00,36.50,35.34,36.47,1592600
16-Mar-98,0.00,35.50,34.50,35.34,1107000
13-Mar-98,0.00,34.62,33.84,34.50,1576000
12-Mar-98,0.00,33.94,33.00,33.81,985600
11-Mar-98,0.00,34.00,33.38,33.44,1172800
10-Mar-98,0.00,34.12,33.19,33.94,1477200
9-Mar-98,0.00,33.41,32.69,33.19,1018800
6-Mar-98,0.00,32.75,31.88,32.75,861200
5-Mar-98,0.00,32.12,31.62,32.00,928000
4-Mar-98,0.00,32.62,32.00,32.12,955800
3-Mar-98,0.00,32.50,31.78,32.50,2417000
2-Mar-98,0.00,32.31,31.38,31.81,2260600
27-Feb-98,0.00,33.00,31.78,31.84,2835600
26-Feb-98,0.00,33.47,32.66,33.03,1533200
25-Feb-98,0.00,33.66,32.78,33.62,716000
24-Feb-98,0.00,32.75,32.38,32.50,732600
23-Feb-98,0.00,33.56,32.78,33.00,889800
20-Feb-98,0.00,32.94,32.19,32.81,1341200
19-Feb-98,0.00,33.75,32.88,32.88,842000
18-Feb-98,0.00,33.94,33.00,33.62,1142600
17-Feb-98,0.00,34.44,33.84,33.94,505400
13-Feb-98,0.00,34.38,33.97,34.19,978600
12-Feb-98,0.00,34.38,33.50,34.28,1079800
11-Feb-98,0.00,34.06,33.44,33.50,643400
10-Feb-98,0.00,34.34,33.81,34.03,939600
9-Feb-98,0.00,33.84,33.06,33.84,785400
6-Feb-98,0.00,33.28,33.00,33.09,1154400
5-Feb-98,0.00,34.44,33.19,33.28,1583600
4-Feb-98,0.00,34.66,33.56,34.47,1311400
3-Feb-98,0.00,33.88,33.44,33.88,767600
2-Feb-98,0.00,33.81,33.31,33.72,2061600
30-Jan-98,0.00,32.81,32.06,32.53,1020200
29-Jan-98,0.00,33.22,32.50,32.81,2512600
28-Jan-98,0.00,33.31,32.06,33.22,1706200
27-Jan-98,0.00,32.34,31.91,32.06,1097000
26-Jan-98,0.00,32.47,31.91,31.97,798200
23-Jan-98,0.00,33.28,31.91,32.00,1185600
22-Jan-98,0.00,33.66,32.78,32.84,700200
21-Jan-98,0.00,33.44,33.00,33.00,877200
20-Jan-98,0.00,33.31,32.88,33.22,1289600
16-Jan-98,0.00,33.81,32.06,32.94,2630000
15-Jan-98,0.00,31.97,31.03,31.75,1718800
14-Jan-98,0.00,31.94,31.28,31.31,984000
13-Jan-98,0.00,31.84,31.38,31.62,795400
12-Jan-98,0.00,31.69,30.34,31.25,1430400
9-Jan-98,0.00,32.38,31.22,31.28,1569800
8-Jan-98,0.00,33.16,32.38,32.44,1812600
7-Jan-98,0.00,32.66,31.69,32.31,1461200
6-Jan-98,0.00,32.22,30.44,31.94,2091600
5-Jan-98,0.00,30.72,30.44,30.56,621800
2-Jan-98,0.00,30.78,30.31,30.41,660000
