8-Nov-16,1120.00,1156.00,1115.00,1153.00,5987334
7-Nov-16,1101.00,1128.50,1094.50,1122.50,6511260
4-Nov-16,1090.50,1090.50,1062.50,1071.50,7239875
3-Nov-16,1115.00,1119.20,1083.00,1100.00,5104903
2-Nov-16,1115.00,1143.50,1106.00,1130.50,6012392
1-Nov-16,1144.00,1157.73,1119.49,1123.50,7806955
31-Oct-16,1101.50,1138.18,1099.23,1131.00,5749831
28-Oct-16,1107.50,1107.50,1084.37,1099.50,4187457
27-Oct-16,1080.00,1103.00,1071.00,1102.00,5224564
26-Oct-16,1094.50,1098.65,1074.00,1092.00,4202695
25-Oct-16,1085.50,1125.95,1075.64,1114.00,6179768
24-Oct-16,1110.00,1130.00,1065.50,1065.50,5016131
21-Oct-16,1068.00,1103.00,1057.50,1094.00,7088423
20-Oct-16,1053.50,1065.60,1038.50,1064.00,5118780
19-Oct-16,1037.50,1057.50,1030.00,1054.50,7341305
18-Oct-16,1027.00,1041.45,1022.50,1029.50,4035004
17-Oct-16,1002.00,1025.00,984.10,1012.50,4550093
14-Oct-16,1014.00,1025.50,1004.50,1006.00,3843273
13-Oct-16,1020.00,1022.00,981.00,990.60,7114669
12-Oct-16,1033.50,1047.50,1020.19,1040.50,6154460
11-Oct-16,1046.50,1063.50,1028.50,1031.00,8094157
10-Oct-16,1031.50,1048.50,1023.00,1042.50,4925682
7-Oct-16,1022.50,1048.00,1010.48,1021.00,6392007
6-Oct-16,1018.00,1019.50,998.30,998.40,4275995
5-Oct-16,975.60,1018.50,967.70,1011.00,6070583
4-Oct-16,998.80,1029.00,985.30,986.30,9475946
3-Oct-16,968.10,998.80,960.20,995.40,4787295
30-Sep-16,961.60,975.20,945.60,967.60,8220265
29-Sep-16,966.50,981.28,957.50,980.10,8458563
28-Sep-16,923.60,945.30,919.10,923.70,4836743
27-Sep-16,938.40,945.70,908.50,916.80,5381539
26-Sep-16,939.50,945.50,917.16,930.80,5160857
23-Sep-16,909.60,958.10,898.50,951.00,7660626
22-Sep-16,920.00,925.80,910.90,920.50,6250601
21-Sep-16,875.00,892.70,864.00,888.70,5541066
20-Sep-16,860.20,873.70,854.60,857.60,4560230
19-Sep-16,828.80,867.50,828.60,860.90,5082117
16-Sep-16,815.00,824.40,801.70,814.40,7190377
15-Sep-16,796.50,815.20,793.00,811.50,5370311
14-Sep-16,795.20,817.00,786.10,803.60,7173283
13-Sep-16,815.40,821.16,782.70,783.80,7403702
12-Sep-16,817.10,827.30,795.80,819.50,7829439
9-Sep-16,852.10,868.40,834.24,846.60,6520569
8-Sep-16,841.00,864.00,841.00,858.90,5549714
7-Sep-16,830.00,850.30,814.80,840.20,4564684
6-Sep-16,818.90,841.70,818.90,826.80,5259693
5-Sep-16,814.70,835.60,799.43,814.00,4152244
2-Sep-16,793.20,825.30,777.20,808.00,8332802
1-Sep-16,789.00,838.74,765.10,788.70,6427285
31-Aug-16,811.90,811.90,773.70,779.80,7479625
30-Aug-16,854.80,854.90,814.20,817.50,5331756
26-Aug-16,842.80,864.70,835.10,858.50,5602676
25-Aug-16,841.60,847.30,822.00,839.60,4557688
24-Aug-16,870.40,870.50,840.80,848.60,6077233
23-Aug-16,843.50,878.10,843.20,876.10,5169730
22-Aug-16,864.20,864.20,825.70,835.00,4968182
19-Aug-16,882.60,887.20,860.00,870.00,3153498
18-Aug-16,875.00,891.70,873.60,880.00,3437076
17-Aug-16,888.30,897.81,858.60,865.70,4885393
16-Aug-16,868.50,910.00,866.60,890.00,6153541
15-Aug-16,854.20,880.60,854.20,872.70,4080639
12-Aug-16,886.70,892.80,841.00,856.90,6868796
11-Aug-16,883.70,890.66,860.70,884.90,3909914
10-Aug-16,873.10,890.20,870.00,876.90,4339841
9-Aug-16,874.20,884.80,859.00,879.00,4262541
8-Aug-16,870.30,893.30,865.60,875.30,4361810
5-Aug-16,860.00,872.00,846.40,859.90,5204145
4-Aug-16,835.40,851.20,821.00,845.00,6370615
3-Aug-16,832.10,843.00,819.70,835.40,4622731
2-Aug-16,850.00,854.00,821.70,835.00,6587710
1-Aug-16,849.00,867.80,831.24,848.80,5069425
29-Jul-16,848.30,849.00,813.10,830.50,6010913
28-Jul-16,831.70,859.60,817.92,842.60,10416695
27-Jul-16,789.00,809.30,787.60,799.20,3574279
26-Jul-16,781.30,792.80,764.80,782.10,4200826
25-Jul-16,781.20,792.50,768.00,775.80,4478656
22-Jul-16,781.50,790.20,763.10,786.65,4146451
21-Jul-16,789.40,824.70,769.10,787.70,10603473
20-Jul-16,780.00,793.10,725.60,774.40,12354640
19-Jul-16,822.70,823.50,794.90,813.60,5234190
18-Jul-16,820.00,833.80,808.22,832.00,5446963
15-Jul-16,835.70,842.20,821.10,836.10,7450396
14-Jul-16,832.10,853.30,820.00,843.40,7968085
13-Jul-16,832.00,856.80,636.56,812.20,9203357
12-Jul-16,812.30,836.60,799.40,830.50,8899149
11-Jul-16,759.20,810.00,759.20,808.90,7609421
8-Jul-16,744.30,764.00,737.20,745.00,7084300
7-Jul-16,744.80,778.00,743.15,746.50,6237541
6-Jul-16,731.00,761.00,711.90,730.20,5885193
5-Jul-16,758.90,764.40,720.20,739.80,6235694
4-Jul-16,777.90,785.98,753.83,764.00,3565526
1-Jul-16,733.70,758.90,713.90,758.00,5284827
30-Jun-16,697.00,733.40,679.20,726.90,9874382
29-Jun-16,663.60,697.00,657.80,696.90,6768619
28-Jun-16,649.40,657.40,640.00,644.90,8725094
27-Jun-16,665.50,685.30,623.10,629.90,9902121
24-Jun-16,579.00,679.70,579.00,659.00,11058929
23-Jun-16,673.10,699.80,666.38,694.70,5757556
22-Jun-16,666.10,679.00,657.10,670.50,5937868
21-Jun-16,656.00,663.10,637.80,658.30,5070829
20-Jun-16,666.00,670.20,646.50,670.00,7603838
17-Jun-16,613.60,649.20,613.60,636.50,8914927
16-Jun-16,620.80,629.50,597.90,612.40,7216352
15-Jun-16,610.00,640.40,609.60,631.00,6072952
14-Jun-16,621.80,631.00,597.70,599.50,6853283
13-Jun-16,632.50,643.90,625.20,635.40,7089828
10-Jun-16,659.50,669.90,638.30,642.50,5766768
9-Jun-16,694.40,701.58,662.10,666.00,5801368
3-Jun-16,604.40,619.90,589.80,617.90,8245887
2-Jun-16,592.50,601.10,581.00,587.50,5924974
1-Jun-16,587.00,592.90,572.00,592.10,7541061
31-May-16,619.70,624.40,600.10,600.10,8859983
27-May-16,635.00,641.60,608.10,612.00,5515910
26-May-16,630.00,649.10,625.20,629.20,5889968
25-May-16,615.40,622.30,595.60,620.20,6319577
24-May-16,596.40,615.00,589.80,608.50,6250297
23-May-16,594.00,600.40,574.50,598.40,8416378
20-May-16,595.30,616.10,592.80,600.30,8503109
19-May-16,576.50,586.60,557.00,579.30,10653443
18-May-16,601.20,613.50,587.67,606.10,10715832
17-May-16,617.70,647.50,613.00,628.70,10358414
16-May-16,592.60,622.70,592.30,609.50,7037497
13-May-16,568.40,592.30,561.00,578.20,8566563
12-May-16,609.60,614.00,563.20,575.00,9547848
11-May-16,587.70,624.50,587.70,617.30,9441473
10-May-16,565.40,599.20,555.20,585.80,11989761
9-May-16,633.00,634.80,556.70,559.50,12282464
6-May-16,650.50,654.10,610.30,649.40,8327856
5-May-16,648.90,672.54,636.80,654.60,6552092
4-May-16,657.20,671.00,627.60,643.20,11833756
3-May-16,741.00,749.50,662.00,665.70,11105584
29-Apr-16,745.20,778.70,744.60,763.40,11193374
28-Apr-16,705.00,753.20,700.70,753.20,10629252
27-Apr-16,657.10,707.80,655.97,696.90,7942241
26-Apr-16,670.00,686.10,658.00,667.20,10713948
25-Apr-16,731.00,731.00,678.00,679.10,9507527
22-Apr-16,740.40,744.00,711.60,732.80,9809868
21-Apr-16,798.20,814.60,730.50,747.30,14176261
20-Apr-16,750.00,806.70,729.62,792.00,13802205
19-Apr-16,703.20,753.20,697.36,752.50,11977716
18-Apr-16,657.20,697.40,642.00,693.60,6391152
15-Apr-16,676.60,690.00,662.10,678.30,7552828
14-Apr-16,704.00,709.30,669.00,690.20,10624180
13-Apr-16,652.30,710.36,652.30,652.30,16484824
12-Apr-16,587.30,641.00,582.70,638.70,14395544
11-Apr-16,545.00,586.20,543.10,585.10,8568083
8-Apr-16,509.50,550.00,503.80,547.20,7854354
7-Apr-16,527.30,548.10,504.40,506.10,10187978
6-Apr-16,529.70,546.90,502.30,522.50,9233482
5-Apr-16,538.00,538.00,510.90,525.70,9644421
4-Apr-16,538.10,558.80,531.40,547.50,6905953
1-Apr-16,543.20,560.30,518.00,538.40,8267647
31-Mar-16,528.00,554.20,509.80,552.10,11407721
30-Mar-16,492.05,545.70,492.05,535.70,11487935
29-Mar-16,506.80,513.60,469.65,479.10,7834838
24-Mar-16,500.60,508.70,480.00,500.80,9749314
23-Mar-16,548.70,557.30,507.90,523.50,10285675
22-Mar-16,545.70,557.30,535.30,553.30,5715036
21-Mar-16,548.90,560.60,531.90,549.50,5094376
18-Mar-16,550.00,563.70,537.78,555.40,15498858
17-Mar-16,519.60,548.20,519.60,540.90,15725168
16-Mar-16,489.80,505.00,479.75,492.70,5905774
15-Mar-16,514.00,516.10,478.40,487.45,12187562
14-Mar-16,517.80,552.20,513.00,546.50,10973853
11-Mar-16,514.50,524.31,494.25,515.60,6573836
10-Mar-16,532.70,545.80,489.90,502.80,12225876
9-Mar-16,526.60,550.50,503.20,530.30,11756300
8-Mar-16,609.30,610.10,528.50,530.90,15967826
7-Mar-16,585.20,630.30,561.40,628.10,17368566
4-Mar-16,543.10,599.20,543.10,592.00,13707984
3-Mar-16,532.40,561.62,523.10,533.00,13870661
2-Mar-16,510.00,529.50,497.85,524.10,10547173
1-Mar-16,486.90,515.50,476.42,491.30,9782772
29-Feb-16,444.55,488.70,436.45,480.25,13268228
26-Feb-16,429.00,454.90,425.40,450.60,12095603
25-Feb-16,423.65,447.80,416.25,422.15,10218823
24-Feb-16,449.60,450.15,399.85,409.75,12664238
23-Feb-16,467.80,476.95,448.30,453.10,9657871
22-Feb-16,445.60,488.85,445.60,484.15,9943908
19-Feb-16,432.25,442.30,424.45,436.65,9613719
18-Feb-16,468.00,468.70,428.20,432.00,20133398
17-Feb-16,400.00,468.05,395.65,468.05,18773498
16-Feb-16,418.65,423.10,360.00,397.95,17088667
15-Feb-16,384.50,410.00,380.00,393.05,11467322
12-Feb-16,323.75,373.95,323.75,373.95,13379341
11-Feb-16,323.60,331.40,306.45,315.95,13568440
10-Feb-16,339.65,350.25,315.10,327.00,11775370
9-Feb-16,373.25,373.25,331.75,333.80,14338494
8-Feb-16,367.35,376.50,343.50,376.10,15688508
5-Feb-16,317.00,376.55,310.75,361.63,33895643
4-Feb-16,305.00,342.70,288.55,328.30,24966055
3-Feb-16,250.95,275.80,245.80,273.70,11497519
2-Feb-16,271.45,272.90,244.70,252.15,11341270
1-Feb-16,280.05,286.44,263.70,274.05,11954678
29-Jan-16,283.80,287.85,262.10,277.45,13944655
28-Jan-16,259.50,292.75,255.85,275.90,18763973
27-Jan-16,252.00,255.45,238.10,253.75,15464655
26-Jan-16,222.30,254.55,215.55,253.35,19653919
25-Jan-16,229.60,251.17,216.91,226.60,12582345
22-Jan-16,255.55,260.70,224.45,226.70,21078604
21-Jan-16,222.65,250.20,217.20,248.00,20120406
20-Jan-16,222.00,228.15,218.75,221.05,14595812
19-Jan-16,242.35,261.65,237.00,238.80,16844276
18-Jan-16,232.70,242.75,227.35,232.65,11668936
15-Jan-16,251.80,256.55,230.30,232.75,19305718
14-Jan-16,231.00,271.90,228.00,262.95,20908366
13-Jan-16,236.00,248.30,227.10,231.45,17136414
12-Jan-16,230.00,251.75,222.40,232.50,18326877
11-Jan-16,225.95,243.95,221.50,230.45,15667287
8-Jan-16,242.85,250.30,227.90,229.20,12989623
7-Jan-16,251.00,252.45,237.65,240.65,18618953
6-Jan-16,281.00,282.00,259.35,270.40,12806622
5-Jan-16,278.40,291.70,275.45,283.20,10028414
4-Jan-16,292.35,294.46,272.75,277.85,12855399
31-Dec-15,301.40,303.70,296.90,299.45,1546835
30-Dec-15,304.60,314.45,296.30,301.80,5817937
29-Dec-15,322.60,323.08,301.85,307.35,8729050
24-Dec-15,323.35,331.25,323.35,328.05,1915332
23-Dec-15,301.30,324.73,301.30,323.35,10297367
22-Dec-15,284.30,297.51,282.50,296.50,7406245
21-Dec-15,279.90,298.20,277.75,280.50,10496871
18-Dec-15,264.25,283.00,262.00,278.65,15312630
16-Dec-15,261.55,285.71,261.50,278.20,13662953
15-Dec-15,285.10,292.96,269.65,271.10,15151053
14-Dec-15,293.55,305.00,278.80,280.80,14389166
11-Dec-15,316.30,321.30,291.15,292.95,20350909
10-Dec-15,322.00,333.60,313.60,318.65,14903954
9-Dec-15,334.00,334.20,277.60,320.00,22921304
8-Dec-15,360.25,365.15,322.65,323.65,20204131
7-Dec-15,377.65,381.50,367.40,369.00,7528821
4-Dec-15,385.00,401.05,371.80,376.05,13149476
3-Dec-15,395.00,404.20,385.24,386.85,10485217
2-Dec-15,407.65,408.35,391.55,397.55,7939247
1-Dec-15,412.60,417.05,401.15,406.30,9120987
30-Nov-15,399.60,410.45,385.45,408.65,11281144
27-Nov-15,431.30,431.30,393.20,400.15,12862688
26-Nov-15,418.15,436.20,417.25,435.80,9664389
25-Nov-15,449.85,453.37,410.40,417.20,14040983
24-Nov-15,439.70,460.50,437.50,452.00,11030013
23-Nov-15,431.80,448.00,424.95,441.15,9158227
20-Nov-15,454.65,464.55,444.55,446.50,7353932
19-Nov-15,456.00,468.95,442.70,450.75,8900839
18-Nov-15,427.20,452.60,417.20,449.45,11662808
17-Nov-15,460.00,469.55,427.70,431.00,12734932
16-Nov-15,453.35,474.45,450.00,454.00,8980758
13-Nov-15,450.00,471.35,447.07,456.20,10631079
12-Nov-15,492.55,492.60,445.35,449.90,14724481
11-Nov-15,489.85,507.90,481.45,492.75,9210961
10-Nov-15,518.50,518.50,481.70,491.75,15318764
9-Nov-15,524.30,544.80,515.11,540.40,10474147
6-Nov-15,536.40,547.90,513.60,525.40,13476567
5-Nov-15,575.80,587.81,530.30,534.60,10178016
4-Nov-15,570.60,605.60,549.98,579.10,10814227
3-Nov-15,546.80,562.40,532.00,561.90,7159538
2-Nov-15,540.50,551.50,530.24,544.30,5582474
30-Oct-15,536.60,552.00,536.60,546.60,8542943
29-Oct-15,552.60,552.60,530.10,537.00,9045753
28-Oct-15,556.20,565.50,535.00,563.00,9853429
27-Oct-15,585.40,605.50,554.60,557.40,7265926
26-Oct-15,606.00,615.70,584.80,590.90,5677839
23-Oct-15,602.70,627.50,583.80,609.90,13374574
22-Oct-15,594.00,603.10,577.60,596.90,10082433
21-Oct-15,622.20,623.40,592.20,604.60,8062864
20-Oct-15,621.80,629.30,611.00,623.00,7837626
19-Oct-15,673.20,676.00,623.00,625.50,7755615
16-Oct-15,681.60,693.50,671.90,675.30,8014703
15-Oct-15,687.90,701.30,666.60,677.00,7375661
14-Oct-15,667.30,698.00,659.20,681.00,6969370
13-Oct-15,686.90,686.90,660.50,679.20,6848483
12-Oct-15,732.60,732.76,684.40,691.70,7886995
9-Oct-15,695.20,745.60,693.00,726.50,13216779
8-Oct-15,659.00,678.50,646.90,677.50,10596170
7-Oct-15,632.00,688.20,619.50,664.50,16721117
6-Oct-15,582.30,608.70,562.20,604.20,11736562
5-Oct-15,572.70,580.00,566.00,579.50,12771785
2-Oct-15,555.00,569.30,545.70,553.60,11824338
1-Oct-15,560.10,576.30,551.00,555.00,9949929
30-Sep-15,557.30,563.00,543.30,550.90,13625987
29-Sep-15,544.20,563.80,542.60,544.50,17192523
28-Sep-15,610.10,610.58,552.70,552.70,13935141
25-Sep-15,637.00,646.20,612.90,614.70,8664384
24-Sep-15,655.30,660.00,621.40,624.60,7918395
23-Sep-15,651.00,672.30,641.90,658.10,6429181
22-Sep-15,691.20,692.00,636.00,648.10,12781175
21-Sep-15,714.80,726.10,694.30,694.90,5632801
18-Sep-15,731.30,742.00,708.70,720.00,15317528
17-Sep-15,753.70,765.70,735.00,735.40,5196971
16-Sep-15,743.30,752.20,715.10,749.30,7409908
15-Sep-15,714.00,739.20,692.20,735.20,6151429
14-Sep-15,725.60,738.40,698.10,716.90,6634513
11-Sep-15,720.00,741.20,717.00,718.40,6600775
10-Sep-15,732.00,744.30,712.90,717.00,8030449
9-Sep-15,724.00,759.00,721.80,742.90,10373911
8-Sep-15,685.30,706.20,682.00,703.90,6554792
7-Sep-15,678.90,693.83,670.30,677.70,6523505
4-Sep-15,716.40,728.80,662.80,668.50,9901732
3-Sep-15,688.60,736.00,688.60,725.00,10773095
2-Sep-15,685.70,707.20,680.00,683.80,10308357
1-Sep-15,725.60,731.70,676.30,684.40,9285172
28-Aug-15,734.30,744.60,709.60,741.00,9700418
27-Aug-15,686.90,734.40,676.30,726.30,11430701
26-Aug-15,664.10,688.70,656.10,664.30,9859357
25-Aug-15,678.10,710.40,668.90,683.70,12399186
24-Aug-15,700.00,709.22,649.30,660.20,10939432
21-Aug-15,728.70,749.50,728.16,732.80,6871462
20-Aug-15,705.80,750.80,705.80,738.00,10729222
19-Aug-15,742.50,744.30,709.00,709.40,8726013
18-Aug-15,752.50,754.20,729.20,741.90,5375018
17-Aug-15,759.50,765.30,746.00,755.20,4400617
14-Aug-15,764.10,777.50,755.20,756.80,5819397
13-Aug-15,778.00,788.88,762.30,769.41,6050143
12-Aug-15,759.90,791.69,745.20,767.90,9780278
11-Aug-15,799.80,822.20,772.60,774.80,12283033
10-Aug-15,800.00,808.40,776.80,808.40,5562556
7-Aug-15,775.90,806.10,775.90,800.50,8446090
6-Aug-15,777.00,781.20,758.00,775.40,8593180
5-Aug-15,789.00,822.40,787.50,798.10,9230569
4-Aug-15,779.00,802.20,772.00,784.50,7031007
3-Aug-15,807.70,807.70,773.80,779.00,5912984
31-Jul-15,811.80,812.80,783.60,811.20,7690272
30-Jul-15,814.00,820.00,799.30,805.70,6668298
29-Jul-15,803.00,815.30,787.67,813.60,9707065
28-Jul-15,777.00,799.30,772.20,796.60,10073109
27-Jul-15,774.70,797.00,764.90,772.60,9035207
24-Jul-15,839.80,842.00,774.20,778.00,12446248
23-Jul-15,816.00,832.50,805.60,806.40,8806143
22-Jul-15,850.00,851.10,804.90,813.50,12753003
21-Jul-15,858.50,870.70,848.20,861.70,8578228
20-Jul-15,894.00,894.00,863.90,867.30,5724576
17-Jul-15,889.30,889.40,874.40,877.40,6310178
16-Jul-15,877.10,895.80,862.00,890.30,7452175
15-Jul-15,877.10,896.90,870.10,874.40,7340327
14-Jul-15,879.00,884.00,866.50,869.50,4764215
13-Jul-15,871.00,878.20,851.30,878.20,7618238
10-Jul-15,884.60,886.70,855.90,863.00,6866408
9-Jul-15,858.20,876.00,852.40,859.20,5623868
8-Jul-15,828.70,859.65,825.00,845.60,10174991
7-Jul-15,882.80,884.00,832.30,832.30,8469107
6-Jul-15,888.90,897.70,879.50,883.20,5150438
3-Jul-15,915.40,915.60,893.20,902.40,4296067
2-Jul-15,911.00,932.30,902.20,918.20,6559249
1-Jul-15,926.30,935.00,905.20,910.10,5997852
30-Jun-15,942.60,948.30,918.50,918.50,6959343
29-Jun-15,934.10,959.50,934.00,948.50,5827160
26-Jun-15,985.00,986.30,959.50,959.60,6173745
25-Jun-15,1002.00,1015.00,993.40,994.80,6056654
24-Jun-15,997.80,1022.00,996.11,1008.00,6304399
23-Jun-15,998.30,1006.00,980.40,996.70,5675742
22-Jun-15,1000.00,1000.50,975.10,995.10,5946969
19-Jun-15,988.10,994.40,978.10,986.60,12389201
18-Jun-15,961.10,1031.46,961.10,990.70,10361317
17-Jun-15,976.30,980.00,961.50,965.60,6481231
16-Jun-15,990.00,993.20,966.50,972.20,6072984
15-Jun-15,1004.50,1013.50,984.50,994.40,5286358
12-Jun-15,1002.00,1022.00,994.30,1006.00,5724349
11-Jun-15,1015.00,1025.50,995.40,1007.50,5303115
10-Jun-15,988.20,1016.00,984.00,1010.00,8115203
9-Jun-15,1008.00,1008.14,967.60,985.40,10647087
8-Jun-15,1011.00,1022.00,999.20,1005.50,6852616
5-Jun-15,1001.00,1030.50,989.70,1015.50,8964831
4-Jun-15,1040.50,1040.50,1002.50,1005.00,8401401
3-Jun-15,1053.00,1058.53,1024.50,1048.00,8025358
2-Jun-15,1004.00,1057.18,992.60,1048.50,11422258
1-Jun-15,1030.50,1033.00,1000.50,1003.00,6424968
29-May-15,1037.00,1037.50,1012.50,1026.00,5847107
28-May-15,1036.50,1038.00,1010.50,1035.00,5544630
27-May-15,1039.00,1047.00,1025.00,1040.50,4985739
26-May-15,1065.00,1078.00,1028.50,1036.50,4729392
22-May-15,1059.50,1086.50,1055.50,1062.50,4038626
21-May-15,1066.50,1090.00,1055.00,1059.00,3863602
20-May-15,1056.50,1079.50,1036.50,1064.50,5120780
19-May-15,1077.00,1080.50,1052.50,1061.00,6378600
18-May-15,1088.50,1102.50,1069.00,1077.00,4477740
15-May-15,1118.00,1130.50,1068.50,1090.50,8486700
14-May-15,1123.00,1123.00,1097.00,1110.50,5290106
13-May-15,1135.00,1148.00,1114.00,1131.50,4434998
12-May-15,1118.50,1145.50,1104.50,1132.00,6382876
11-May-15,1112.50,1151.50,1110.50,1128.00,5443244
8-May-15,1125.50,1128.12,1099.50,1115.50,6643978
7-May-15,1143.00,1144.50,1092.50,1107.00,8498881
6-May-15,1163.50,1188.00,1145.16,1153.50,7563787
5-May-15,1149.00,1194.00,1134.50,1166.50,9096345
1-May-15,1122.50,1171.50,1121.00,1165.00,5194545
30-Apr-15,1138.50,1145.50,1083.50,1105.00,10459211
29-Apr-15,1120.00,1145.74,1112.00,1138.50,10603939
28-Apr-15,1098.00,1132.50,1082.50,1119.83,10799285
27-Apr-15,1117.00,1120.00,1076.00,1103.50,7204864
24-Apr-15,1066.50,1103.50,1063.00,1082.00,10091727
23-Apr-15,1010.00,1062.50,999.70,1062.00,9261796
22-Apr-15,1026.50,1033.00,993.60,1014.00,8076664
21-Apr-15,1030.00,1035.00,1003.00,1017.00,7394658
20-Apr-15,1014.50,1047.00,1010.43,1038.00,6264991
17-Apr-15,1035.50,1046.00,990.16,1010.50,8075484
16-Apr-15,1058.00,1065.50,1034.00,1039.00,6768075
15-Apr-15,1038.00,1071.00,1034.50,1055.00,6459927
14-Apr-15,993.80,1045.50,992.00,1039.50,8284510
13-Apr-15,1009.00,1021.00,989.00,998.70,8116942
10-Apr-15,1028.00,1034.50,1001.50,1022.00,5875760
9-Apr-15,1000.00,1028.00,988.16,1024.00,9151411
8-Apr-15,1028.50,1057.00,1023.50,1026.50,6636440
7-Apr-15,1018.50,1032.50,1005.50,1025.50,7588402
2-Apr-15,1011.50,1019.00,992.40,997.00,6527493
1-Apr-15,1010.00,1024.50,1004.50,1016.50,5630983
31-Mar-15,1060.50,1072.00,1010.00,1012.00,9051306
30-Mar-15,1054.00,1069.00,1032.00,1060.00,6389507
27-Mar-15,1073.00,1073.00,1031.00,1044.00,6397765
26-Mar-15,1101.50,1124.00,1069.00,1076.50,7264956
25-Mar-15,1090.00,1109.50,1090.00,1104.50,4025642
24-Mar-15,1106.00,1125.50,1092.00,1093.50,5226204
23-Mar-15,1107.50,1116.00,1080.00,1114.00,5023458
20-Mar-15,1052.50,1108.50,1025.00,1100.50,10723613
19-Mar-15,1055.00,1108.50,1042.50,1046.00,7220144
18-Mar-15,1069.50,1079.50,1056.00,1069.50,6380794
17-Mar-15,1060.00,1074.00,1049.50,1071.50,6219893
16-Mar-15,1063.00,1069.90,1041.50,1055.50,6016350
13-Mar-15,1082.00,1088.00,1043.00,1055.00,5553091
12-Mar-15,1101.50,1120.00,1078.00,1079.00,5456416
11-Mar-15,1086.00,1103.00,1062.50,1085.50,5687533
10-Mar-15,1122.50,1130.50,1081.00,1081.50,9225442
9-Mar-15,1116.50,1138.50,1111.00,1138.00,4848994
6-Mar-15,1157.00,1158.00,1131.50,1136.00,5405717
5-Mar-15,1165.00,1178.00,1140.50,1164.50,5117466
4-Mar-15,1202.50,1209.00,1162.00,1167.00,5488943
3-Mar-15,1198.00,1210.50,1185.50,1204.50,4349046
2-Mar-15,1217.00,1241.00,1189.82,1201.00,4264312
27-Feb-15,1219.00,1227.62,1204.00,1210.00,3646609
26-Feb-15,1220.50,1256.50,1215.50,1218.00,4875840
25-Feb-15,1239.00,1245.00,1215.00,1225.00,3587078
24-Feb-15,1206.00,1247.00,1189.00,1237.00,5154816
23-Feb-15,1248.00,1248.00,1192.50,1198.00,4471232
20-Feb-15,1225.00,1254.00,1222.00,1246.50,4786305
19-Feb-15,1250.50,1250.50,1203.00,1223.00,6816956
18-Feb-15,1242.00,1262.00,1211.50,1259.00,6750936
17-Feb-15,1208.00,1277.59,1202.50,1235.00,6856386
16-Feb-15,1210.00,1227.50,1199.50,1220.50,3524907
13-Feb-15,1200.00,1213.50,1177.50,1204.50,5983445
12-Feb-15,1121.50,1171.00,1121.50,1165.50,5326271
11-Feb-15,1140.50,1140.50,1075.00,1123.50,4110279
10-Feb-15,1182.00,1182.00,1137.50,1149.00,4648667
9-Feb-15,1140.00,1187.18,1136.50,1184.00,4827939
6-Feb-15,1165.00,1180.00,1141.50,1145.50,4236579
5-Feb-15,1141.50,1175.63,1127.00,1172.00,7180190
4-Feb-15,1176.50,1187.00,1131.50,1150.00,6899493
3-Feb-15,1144.50,1179.50,1142.50,1170.00,10244120
2-Feb-15,1119.50,1130.00,1099.00,1124.00,4266899
30-Jan-15,1116.00,1134.50,1103.00,1113.00,6223638
29-Jan-15,1111.00,1122.50,1091.50,1097.50,4599952
28-Jan-15,1122.50,1126.50,1093.50,1115.00,5285591
27-Jan-15,1109.50,1125.50,1072.50,1090.00,5027308
26-Jan-15,1070.50,1119.00,1060.50,1117.50,5039485
23-Jan-15,1155.00,1158.58,1097.50,1103.50,6839445
22-Jan-15,1125.50,1170.50,1123.50,1145.00,7316435
21-Jan-15,1123.00,1129.50,1099.50,1121.50,4129636
20-Jan-15,1097.00,1134.00,1096.00,1121.50,4594367
19-Jan-15,1097.00,1105.00,1075.50,1089.50,3377127
16-Jan-15,1053.00,1103.00,1032.17,1099.50,6063304
15-Jan-15,1072.00,1073.50,1033.50,1059.50,7466644
14-Jan-15,1098.00,1098.50,1009.31,1042.50,9988172
13-Jan-15,1135.00,1154.50,1131.00,1145.50,3089299
12-Jan-15,1151.00,1163.50,1126.00,1140.00,3606589
9-Jan-15,1177.00,1178.00,1141.00,1152.50,3826818
8-Jan-15,1165.50,1184.50,1153.50,1181.00,2848387
7-Jan-15,1163.00,1168.50,1141.00,1153.00,3705413
6-Jan-15,1132.00,1176.50,1128.00,1173.40,4528624
5-Jan-15,1186.00,1203.50,1124.50,1126.50,4987815
31-Dec-14,1203.50,1211.50,1192.00,1200.50,676588
30-Dec-14,1205.00,1216.50,1197.00,1203.50,1917381
29-Dec-14,1191.00,1218.00,1191.00,1214.50,3291841
24-Dec-14,1178.00,1184.32,1175.50,1182.00,418759
23-Dec-14,1168.50,1190.00,1151.00,1181.50,2530858
22-Dec-14,1201.00,1222.00,1164.75,1173.50,2868660
19-Dec-14,1178.50,1198.50,1166.50,1193.00,6598882
18-Dec-14,1188.50,1200.50,1159.00,1167.00,6659360
17-Dec-14,1122.50,1167.00,1112.00,1157.00,5533783
16-Dec-14,1096.50,1138.50,1076.00,1138.00,6738857
15-Dec-14,1133.00,1156.00,1098.00,1098.50,5721938
12-Dec-14,1160.50,1160.50,1136.00,1136.00,5037316
11-Dec-14,1184.00,1205.50,1161.00,1173.00,6203453
10-Dec-14,1219.50,1231.50,1203.50,1207.50,4937853
9-Dec-14,1225.00,1240.90,1210.73,1223.00,7782512
8-Dec-14,1251.50,1268.00,1225.00,1244.00,4188845
5-Dec-14,1288.50,1288.50,1250.50,1268.00,4340559
4-Dec-14,1316.00,1323.00,1275.00,1283.50,4945824
3-Dec-14,1306.50,1324.00,1295.50,1320.00,2940723
2-Dec-14,1310.00,1341.00,1292.50,1306.50,4573591
1-Dec-14,1268.00,1315.00,1252.50,1304.00,5972758
28-Nov-14,1345.00,1349.50,1309.25,1321.50,4525575
27-Nov-14,1345.00,1376.50,1340.00,1352.00,4181492
26-Nov-14,1332.50,1352.50,1331.00,1347.50,3190767
25-Nov-14,1345.00,1345.00,1314.50,1329.50,5165425
24-Nov-14,1375.00,1375.00,1347.00,1354.00,3858967
21-Nov-14,1296.00,1392.50,1286.50,1380.00,10513676
20-Nov-14,1310.00,1311.14,1278.00,1293.50,5484294
19-Nov-14,1346.00,1346.50,1318.50,1323.00,5374551
18-Nov-14,1360.00,1376.50,1348.00,1363.00,3281071
17-Nov-14,1349.50,1390.00,1348.50,1372.50,2817283
14-Nov-14,1358.50,1359.00,1331.50,1355.00,3064188
13-Nov-14,1371.50,1372.00,1341.00,1361.00,2350636
12-Nov-14,1336.50,1368.00,1330.00,1364.50,3324741
11-Nov-14,1354.50,1356.00,1318.05,1342.00,3448831
10-Nov-14,1375.50,1394.50,1347.50,1360.50,4063087
7-Nov-14,1334.00,1374.50,1333.00,1364.50,3845235
6-Nov-14,1318.50,1338.00,1308.50,1329.00,3697788
5-Nov-14,1323.50,1329.50,1305.50,1329.50,4214698
4-Nov-14,1311.50,1336.92,1303.50,1325.50,4592576
3-Nov-14,1323.00,1336.00,1309.00,1316.00,4245863
31-Oct-14,1338.00,1346.00,1307.00,1316.50,5384709
30-Oct-14,1353.50,1353.50,1304.00,1320.50,4758165
29-Oct-14,1356.00,1373.50,1348.50,1352.50,4066431
28-Oct-14,1305.00,1350.00,1299.50,1344.50,4541357
27-Oct-14,1320.00,1333.69,1283.50,1296.50,3931329
24-Oct-14,1329.00,1333.00,1302.50,1308.00,4914541
23-Oct-14,1362.00,1362.00,1315.50,1340.00,5577703
22-Oct-14,1378.00,1381.00,1345.50,1356.50,4304451
21-Oct-14,1360.00,1384.50,1349.00,1374.50,4581782
20-Oct-14,1370.00,1383.50,1358.00,1364.50,6772591
17-Oct-14,1365.00,1378.50,1355.00,1365.00,7728394
16-Oct-14,1392.00,1410.50,1330.00,1366.50,9994365
15-Oct-14,1426.50,1432.00,1376.00,1387.81,9023445
14-Oct-14,1400.00,1430.00,1396.50,1423.00,8163205
13-Oct-14,1340.00,1397.00,1332.50,1388.00,8755460
10-Oct-14,1340.00,1341.50,1308.00,1325.50,6874213
9-Oct-14,1367.00,1376.00,1349.00,1356.00,5787396
8-Oct-14,1364.00,1368.00,1329.00,1338.00,6730071
7-Oct-14,1375.00,1391.50,1364.50,1375.00,10846418
6-Oct-14,1321.50,1360.40,1308.00,1348.00,5601626
3-Oct-14,1346.00,1353.50,1301.00,1314.50,5252323
2-Oct-14,1363.00,1368.00,1321.50,1327.00,4969591
1-Oct-14,1377.00,1382.00,1344.50,1363.50,5534799
30-Sep-14,1391.00,1397.00,1369.50,1384.00,3971051
29-Sep-14,1400.00,1402.00,1373.00,1384.00,3891370
26-Sep-14,1404.00,1414.50,1390.50,1406.50,4106342
25-Sep-14,1452.50,1452.50,1391.50,1407.00,5674488
24-Sep-14,1434.00,1462.00,1415.00,1461.00,4242429
23-Sep-14,1431.50,1439.00,1405.00,1428.50,5787049
22-Sep-14,1456.00,1456.00,1417.50,1426.50,3905897
19-Sep-14,1488.00,1488.00,1467.50,1472.00,5345102
18-Sep-14,1501.50,1506.00,1480.00,1489.50,3938672
17-Sep-14,1510.00,1519.00,1493.00,1497.00,2788263
16-Sep-14,1507.00,1511.00,1478.50,1497.50,3298225
15-Sep-14,1476.50,1496.50,1472.00,1488.50,2941295
12-Sep-14,1493.50,1510.00,1473.50,1483.00,3230521
11-Sep-14,1517.50,1525.00,1479.00,1495.00,4835935
10-Sep-14,1516.50,1533.67,1504.78,1514.50,3528219
9-Sep-14,1544.00,1552.00,1510.50,1527.00,3520155
8-Sep-14,1559.00,1569.00,1528.50,1543.50,3055448
5-Sep-14,1586.00,1586.50,1556.00,1564.50,4142663
4-Sep-14,1582.50,1603.00,1571.00,1593.50,3123386
3-Sep-14,1570.00,1583.50,1552.50,1580.00,4889444
2-Sep-14,1531.00,1589.50,1531.00,1562.00,6239446
1-Sep-14,1530.00,1539.00,1510.00,1523.50,1932972
29-Aug-14,1520.00,1573.29,1513.00,1530.00,2819298
28-Aug-14,1555.50,1555.50,1509.50,1512.50,3401629
27-Aug-14,1577.00,1588.50,1552.00,1568.00,2475151
26-Aug-14,1575.00,1579.00,1546.00,1577.00,2845359
22-Aug-14,1575.50,1580.00,1545.50,1556.50,2165361
21-Aug-14,1590.00,1593.00,1567.50,1573.50,2584319
20-Aug-14,1580.00,1603.00,1561.50,1594.00,2809681
19-Aug-14,1604.50,1620.50,1576.50,1578.50,3070352
18-Aug-14,1590.00,1610.50,1588.57,1599.00,1875641
15-Aug-14,1597.50,1611.00,1574.50,1577.50,2739936
14-Aug-14,1569.50,1591.95,1559.50,1584.00,2798698
13-Aug-14,1591.50,1599.00,1566.00,1576.50,2941585
12-Aug-14,1591.50,1601.00,1572.00,1586.00,2662432
11-Aug-14,1567.00,1608.00,1558.50,1602.50,3307506
8-Aug-14,1510.00,1556.00,1503.50,1551.00,3160370
7-Aug-14,1571.00,1586.50,1525.00,1528.50,3366660
6-Aug-14,1547.50,1570.00,1532.50,1570.00,3532018
5-Aug-14,1599.50,1602.50,1562.00,1574.00,2874432
4-Aug-14,1599.50,1599.50,1574.50,1585.00,2335475
1-Aug-14,1593.50,1593.50,1550.00,1580.00,4072699
31-Jul-14,1628.00,1634.00,1593.50,1599.00,3348425
30-Jul-14,1650.00,1653.50,1620.50,1629.00,3102859
29-Jul-14,1641.50,1656.50,1636.50,1648.00,3278795
28-Jul-14,1636.00,1662.00,1619.50,1633.00,3887632
25-Jul-14,1593.00,1651.00,1583.00,1639.50,6376820
24-Jul-14,1594.50,1601.00,1569.50,1585.00,4042153
23-Jul-14,1600.00,1614.50,1583.50,1597.00,3859250
22-Jul-14,1556.00,1600.50,1555.00,1600.50,5186099
21-Jul-14,1540.00,1556.49,1535.00,1545.50,2702750
18-Jul-14,1532.50,1541.50,1521.00,1537.00,3516905
17-Jul-14,1551.00,1559.50,1526.00,1539.00,3721777
16-Jul-14,1520.00,1568.00,1510.50,1564.00,4962486
15-Jul-14,1501.50,1528.00,1496.00,1514.00,3412760
14-Jul-14,1490.50,1513.50,1482.00,1501.50,2802694
11-Jul-14,1489.50,1491.50,1467.00,1479.00,2734504
10-Jul-14,1501.50,1509.50,1484.50,1489.50,3629480
9-Jul-14,1504.00,1519.00,1498.50,1505.00,2483859
8-Jul-14,1515.50,1521.50,1499.50,1500.50,3647225
7-Jul-14,1518.00,1526.00,1503.49,1510.00,2815666
4-Jul-14,1525.00,1525.00,1510.00,1521.00,2293500
3-Jul-14,1482.50,1530.00,1477.50,1525.00,5018370
2-Jul-14,1487.50,1500.00,1471.00,1485.00,3305716
1-Jul-14,1447.50,1493.00,1439.00,1487.00,4175416
30-Jun-14,1438.00,1449.00,1425.00,1430.00,2527643
27-Jun-14,1426.50,1439.00,1419.58,1431.00,1589800
26-Jun-14,1435.00,1444.50,1423.50,1428.00,2390448
25-Jun-14,1444.00,1449.00,1417.50,1427.50,2622187
24-Jun-14,1474.50,1477.50,1452.50,1457.00,2378558
23-Jun-14,1465.00,1486.00,1462.00,1470.50,2566697
20-Jun-14,1448.00,1473.50,1445.00,1456.50,3765942
19-Jun-14,1459.00,1475.00,1451.50,1451.50,2932481
18-Jun-14,1429.00,1440.38,1416.00,1437.64,2890904
17-Jun-14,1428.50,1429.50,1397.00,1422.00,4224582
16-Jun-14,1404.50,1436.50,1404.50,1422.00,2481750
13-Jun-14,1415.50,1432.00,1393.50,1410.00,3741615
12-Jun-14,1431.50,1435.50,1404.00,1418.00,6396802
11-Jun-14,1451.00,1466.00,1448.50,1464.50,3488680
10-Jun-14,1468.00,1468.00,1442.50,1452.00,2478050
9-Jun-14,1469.50,1486.50,1463.50,1471.50,1569539
6-Jun-14,1459.00,1466.50,1450.50,1465.00,2397966
5-Jun-14,1459.00,1473.00,1440.61,1453.93,3539222
4-Jun-14,1454.00,1479.50,1425.00,1460.93,3252013
3-Jun-14,1486.00,1489.00,1455.00,1458.00,2756724
2-Jun-14,1471.50,1496.00,1470.50,1491.50,2956995
30-May-14,1530.00,1530.00,1453.00,1457.50,5519725
29-May-14,1526.00,1547.00,1521.50,1544.92,1633402
28-May-14,1557.50,1562.00,1519.50,1527.50,2821090
27-May-14,1588.50,1588.50,1554.50,1556.92,2268698
23-May-14,1542.50,1576.50,1527.00,1573.42,2010637
22-May-14,1558.50,1570.64,1536.00,1538.00,2265728
21-May-14,1529.00,1547.50,1508.50,1546.58,2869295
20-May-14,1568.00,1570.00,1529.00,1533.00,3294360
19-May-14,1560.00,1573.01,1544.00,1565.58,3541623
16-May-14,1600.00,1602.50,1540.50,1561.58,4729078
15-May-14,1625.00,1645.00,1598.00,1608.00,4582076
14-May-14,1645.00,1649.00,1623.50,1641.58,2505918
13-May-14,1651.00,1678.50,1627.00,1637.50,3915295
12-May-14,1627.50,1648.00,1619.50,1641.58,4840274
9-May-14,1590.00,1613.06,1578.00,1604.00,3199321
8-May-14,1576.00,1594.50,1574.00,1589.00,3131444
7-May-14,1537.50,1567.58,1532.00,1567.58,2591694
6-May-14,1564.50,1571.50,1529.00,1542.58,3053114
2-May-14,1562.00,1580.00,1550.50,1565.00,2633924
1-May-14,1583.50,1589.50,1548.00,1564.50,1032288
30-Apr-14,1535.00,1582.50,1525.50,1582.16,4998047
29-Apr-14,1516.50,1542.65,1505.50,1526.99,3101014
28-Apr-14,1533.00,1533.00,1510.00,1519.08,1845978
25-Apr-14,1552.00,1562.50,1519.00,1533.08,3284849
24-Apr-14,1580.00,1605.50,1555.50,1566.50,3920628
23-Apr-14,1539.00,1551.00,1523.50,1547.00,2742173
22-Apr-14,1545.00,1548.50,1520.50,1538.65,3066800
17-Apr-14,1545.00,1550.00,1512.50,1547.00,2919065
16-Apr-14,1530.50,1542.00,1506.00,1538.50,3122956
15-Apr-14,1542.00,1543.00,1504.50,1514.00,4291537
14-Apr-14,1531.00,1543.65,1506.00,1543.65,4612045
11-Apr-14,1530.00,1554.00,1516.50,1537.00,3200211
10-Apr-14,1567.50,1592.50,1541.50,1548.50,3420521
9-Apr-14,1578.00,1594.50,1555.50,1557.84,4409615
8-Apr-14,1563.50,1585.00,1539.50,1577.00,5164900
7-Apr-14,1547.50,1583.50,1537.94,1554.00,3707203
4-Apr-14,1517.00,1573.00,1517.00,1565.00,3003781
3-Apr-14,1537.50,1547.50,1505.00,1516.50,3825966
2-Apr-14,1529.00,1560.00,1529.00,1543.85,3118108
1-Apr-14,1541.00,1552.50,1518.00,1529.29,3112123
31-Mar-14,1517.00,1546.00,1515.00,1526.42,4383094
28-Mar-14,1499.50,1533.50,1496.50,1509.00,3782091
27-Mar-14,1478.50,1487.00,1459.00,1487.00,2863309
26-Mar-14,1507.50,1522.50,1481.50,1488.85,3881790
25-Mar-14,1453.00,1498.50,1453.00,1498.00,4135116
24-Mar-14,1440.00,1463.00,1433.00,1440.00,3378194
21-Mar-14,1413.00,1454.00,1406.50,1439.57,5621821
20-Mar-14,1382.50,1417.00,1374.50,1411.50,4532425
19-Mar-14,1439.50,1449.50,1388.50,1388.50,4398788
18-Mar-14,1459.00,1483.00,1438.50,1467.50,3614422
17-Mar-14,1428.00,1479.00,1427.00,1461.50,4487094
14-Mar-14,1391.00,1434.00,1387.00,1423.00,4970631
13-Mar-14,1432.00,1442.00,1410.50,1411.36,4314296
12-Mar-14,1422.50,1430.50,1409.00,1419.50,5106871
11-Mar-14,1437.50,1466.50,1426.00,1435.36,4665820
10-Mar-14,1450.00,1452.00,1415.00,1433.00,5252773
7-Mar-14,1557.50,1558.50,1455.50,1462.50,8228219
6-Mar-14,1531.50,1574.50,1530.00,1565.00,3965333
5-Mar-14,1500.00,1526.00,1492.00,1520.00,3468574
4-Mar-14,1492.00,1515.00,1479.00,1502.50,3387834
3-Mar-14,1490.50,1509.50,1478.50,1478.35,5391642
28-Feb-14,1508.50,1531.00,1498.00,1531.00,5712318
27-Feb-14,1495.00,1515.00,1475.00,1511.50,3676415
26-Feb-14,1495.50,1513.00,1484.00,1494.00,3817486
25-Feb-14,1525.00,1526.00,1480.00,1500.50,7351478
24-Feb-14,1553.00,1553.00,1523.50,1533.65,4451463
21-Feb-14,1560.00,1570.00,1530.50,1560.50,6516604
20-Feb-14,1550.00,1560.00,1526.00,1554.00,7323093
19-Feb-14,1587.00,1589.50,1563.00,1589.00,5235843
18-Feb-14,1553.00,1593.00,1524.00,1587.00,6890154
17-Feb-14,1531.00,1554.50,1518.50,1552.00,5311920
14-Feb-14,1545.50,1564.00,1509.50,1519.50,7071297
13-Feb-14,1546.50,1559.50,1499.00,1533.50,8253352
12-Feb-14,1539.50,1565.00,1535.00,1541.00,5838171
11-Feb-14,1506.50,1531.50,1501.50,1526.00,4533924
10-Feb-14,1487.50,1506.50,1478.00,1501.00,3865721
7-Feb-14,1464.00,1482.50,1451.00,1480.00,3880497
6-Feb-14,1465.00,1468.50,1433.00,1459.50,4757259
5-Feb-14,1435.00,1463.50,1417.00,1452.00,4881927
4-Feb-14,1390.50,1457.00,1390.50,1436.50,6083254
3-Feb-14,1440.00,1453.50,1395.50,1397.00,3665545
31-Jan-14,1428.00,1437.00,1403.50,1436.00,5982178
30-Jan-14,1410.00,1443.00,1392.50,1435.50,9642624
29-Jan-14,1400.00,1457.00,1362.50,1420.50,12269421
28-Jan-14,1326.00,1364.00,1323.50,1343.50,5359325
27-Jan-14,1333.50,1353.50,1317.00,1319.50,4080077
24-Jan-14,1381.00,1389.50,1333.00,1339.87,5959119
23-Jan-14,1348.50,1407.50,1347.00,1380.50,4198246
22-Jan-14,1365.50,1388.00,1357.00,1366.50,3257111
21-Jan-14,1392.00,1392.00,1344.50,1356.00,4859103
20-Jan-14,1380.00,1414.00,1369.00,1393.00,3810785
17-Jan-14,1398.00,1436.50,1388.00,1391.00,7133129
16-Jan-14,1332.50,1400.00,1323.50,1397.50,5890931
15-Jan-14,1279.00,1333.00,1274.50,1332.50,6079288
14-Jan-14,1260.00,1271.50,1250.00,1262.50,3095910
13-Jan-14,1256.50,1281.00,1256.50,1273.00,2525520
10-Jan-14,1229.50,1267.00,1226.00,1249.50,3563985
9-Jan-14,1260.50,1263.00,1221.00,1226.50,3075495
8-Jan-14,1266.00,1280.50,1257.50,1269.16,2462598
7-Jan-14,1280.00,1290.50,1260.00,1276.50,3060736
6-Jan-14,1290.50,1300.00,1271.50,1275.00,3155117
3-Jan-14,1289.00,1301.00,1275.00,1297.00,1810336
2-Jan-14,1320.00,1320.00,1282.50,1292.13,3421358
31-Dec-13,1331.00,1332.50,1315.50,1320.00,896037
30-Dec-13,1311.00,1343.00,1311.00,1338.50,2358551
27-Dec-13,1270.50,1311.00,1270.50,1309.50,2200114
24-Dec-13,1268.50,1286.50,1266.50,1275.50,604033
23-Dec-13,1268.00,1283.00,1262.00,1265.00,3079148
20-Dec-13,1275.00,1280.50,1243.00,1261.00,6426441
19-Dec-13,1286.00,1294.50,1246.00,1283.00,4196646
18-Dec-13,1278.00,1287.50,1272.00,1277.50,2052714
17-Dec-13,1282.00,1294.00,1262.00,1281.00,2717692
16-Dec-13,1254.50,1293.50,1236.00,1293.50,2926976
13-Dec-13,1271.50,1280.50,1249.00,1269.50,3301673
12-Dec-13,1284.50,1309.50,1265.50,1275.00,4344548
11-Dec-13,1309.00,1320.00,1287.50,1293.50,1983861
10-Dec-13,1316.50,1329.50,1312.00,1316.00,2228293
9-Dec-13,1325.00,1330.50,1305.00,1324.50,2576483
6-Dec-13,1309.00,1334.00,1300.50,1325.13,3010115
5-Dec-13,1302.50,1336.00,1293.00,1310.00,3454610
4-Dec-13,1303.00,1320.50,1291.50,1311.50,2833726
3-Dec-13,1290.00,1310.00,1266.50,1301.00,3788368
2-Dec-13,1346.50,1352.00,1291.50,1293.00,3127379
29-Nov-13,1374.00,1381.50,1346.00,1349.00,2095683
28-Nov-13,1345.50,1384.50,1336.50,1375.00,2880235
27-Nov-13,1332.00,1360.50,1328.50,1338.50,2838400
26-Nov-13,1370.00,1379.50,1334.00,1334.50,3263223
25-Nov-13,1387.00,1390.50,1367.00,1371.50,1484452
22-Nov-13,1386.50,1386.50,1342.50,1380.00,2678901
21-Nov-13,1400.00,1400.00,1376.50,1384.50,2751969
20-Nov-13,1392.50,1415.00,1390.00,1404.50,2411264
19-Nov-13,1429.00,1429.00,1396.50,1400.00,2563869
18-Nov-13,1431.50,1445.50,1414.50,1438.50,1933936
15-Nov-13,1419.50,1441.50,1411.00,1430.00,2475193
14-Nov-13,1431.50,1438.00,1386.00,1410.50,3656921
13-Nov-13,1433.50,1444.00,1402.50,1408.50,3650921
12-Nov-13,1471.50,1472.00,1436.50,1440.50,3107232
11-Nov-13,1495.00,1495.00,1462.00,1474.00,2156903
8-Nov-13,1496.00,1505.50,1463.50,1492.50,3171363
7-Nov-13,1554.00,1583.50,1504.00,1512.00,3555065
6-Nov-13,1533.00,1564.50,1533.00,1555.50,2932050
5-Nov-13,1508.00,1548.50,1506.00,1536.00,3138131
4-Nov-13,1461.50,1499.50,1461.50,1494.50,1898291
1-Nov-13,1492.50,1494.50,1455.00,1460.00,2314052
31-Oct-13,1523.50,1526.50,1482.00,1485.00,3159061
30-Oct-13,1526.00,1534.00,1516.50,1534.00,1770118
29-Oct-13,1509.00,1519.00,1496.50,1517.50,1735367
28-Oct-13,1520.00,1527.00,1491.50,1515.50,1924404
25-Oct-13,1500.00,1509.00,1490.00,1508.00,1893058
24-Oct-13,1505.00,1513.00,1494.50,1506.00,2055633
23-Oct-13,1553.00,-,1486.00,1495.00,3197907
22-Oct-13,1535.00,1581.50,1521.50,1556.00,3203494
21-Oct-13,1531.50,1549.50,1523.00,1536.50,1959682
18-Oct-13,1561.00,1561.00,1506.00,1532.00,3000061
17-Oct-13,1544.00,1557.50,1534.00,1553.00,2008420
16-Oct-13,1557.00,1569.00,1530.00,1559.50,2386309
15-Oct-13,1536.00,1574.00,1536.00,1569.00,2359023
14-Oct-13,1506.00,1525.00,1490.50,1523.50,1865023
11-Oct-13,1482.00,1519.00,1480.50,1512.00,2148744
10-Oct-13,1452.50,1483.50,1440.00,1476.00,2307226
9-Oct-13,1467.00,1473.00,1439.00,1448.50,1573504
8-Oct-13,1478.50,1483.00,1459.50,1464.00,1935020
7-Oct-13,1483.00,1485.50,1458.00,1485.50,1594815
4-Oct-13,1466.00,1496.00,1455.00,1491.00,1836797
3-Oct-13,1498.50,1519.00,1467.00,1472.50,1761984
2-Oct-13,1481.50,1507.00,1453.00,1502.50,2612993
1-Oct-13,1516.00,1525.50,1459.00,1484.50,2648274
30-Sep-13,1517.50,1518.00,1491.50,1518.00,2399638
27-Sep-13,1563.00,1568.00,1513.00,1540.00,2461625
26-Sep-13,1570.00,1583.50,1548.50,1569.50,2263202
25-Sep-13,1545.00,1584.00,1545.00,1577.50,2213534
24-Sep-13,1566.00,1570.50,1539.00,1545.50,2544777
20-Sep-13,1625.00,1627.00,1585.00,1591.00,4147979
19-Sep-13,1645.00,1662.50,1627.00,1635.00,4058074
18-Sep-13,1575.50,1596.50,1557.50,1577.50,2194475
17-Sep-13,1577.00,1599.50,1557.50,1579.50,2864501
16-Sep-13,1593.00,1605.50,1580.00,1583.00,2067239
13-Sep-13,1609.50,1609.50,1555.00,1568.50,3360754
12-Sep-13,1612.50,1632.50,1609.50,1620.50,3092249
11-Sep-13,1625.00,1625.00,1596.00,1609.50,2312716
10-Sep-13,1611.00,1641.00,1611.00,1632.00,3499546
9-Sep-13,1586.00,1605.50,1586.00,1594.50,1991710
6-Sep-13,1557.50,1583.00,1542.00,1581.00,2970607
5-Sep-13,1541.00,1577.50,1536.00,1571.00,3530060
4-Sep-13,1539.00,1549.00,1525.50,1540.50,1602626
3-Sep-13,1545.00,1555.50,1519.00,1544.50,2476754
2-Sep-13,1503.00,1549.50,1502.00,1536.00,2129951
30-Aug-13,1515.00,1521.50,1472.50,1478.50,2849809
29-Aug-13,1534.50,1546.00,1500.00,1507.00,2553873
28-Aug-13,1493.50,1535.50,1486.00,1530.50,3211673
27-Aug-13,1519.00,1519.50,1491.00,1497.50,2920554
23-Aug-13,1500.00,1532.50,1495.00,1524.50,2027183
22-Aug-13,1475.00,1510.50,1475.00,1504.50,2778552
21-Aug-13,1490.00,1493.50,1459.00,1474.00,2373087
20-Aug-13,1476.00,1496.50,1445.00,1494.00,3392884
19-Aug-13,1539.00,1541.00,1482.00,1492.50,2532691
16-Aug-13,1493.00,1548.50,1492.00,1547.50,3283741
15-Aug-13,1540.00,1547.50,1486.00,1495.50,2730604
14-Aug-13,1550.00,1555.00,1536.00,1545.00,2245999
13-Aug-13,1569.00,1584.00,1554.50,1572.50,3598258
12-Aug-13,1543.50,1577.50,1514.50,1567.50,3646612
9-Aug-13,1463.00,1546.50,1448.50,1542.50,3969154
8-Aug-13,1410.00,1455.50,1405.50,1454.50,2723349
7-Aug-13,1407.50,1431.00,1390.00,1395.00,2744611
6-Aug-13,1473.00,1474.00,1403.50,1416.00,3840138
5-Aug-13,1460.00,1484.50,1459.50,1475.50,1947859
2-Aug-13,1483.00,1490.50,1450.50,1457.00,3033148
1-Aug-13,1416.00,1483.50,1416.00,1483.00,3197185
31-Jul-13,1426.00,1434.00,1403.00,1408.00,2322102
30-Jul-13,1429.50,1431.50,1413.00,1419.50,1743422
29-Jul-13,1396.50,1427.00,1385.00,1422.00,1979416
26-Jul-13,1435.00,1435.00,1371.00,1391.00,3926727
25-Jul-13,1425.00,1425.00,1381.00,1389.00,2977282
24-Jul-13,1434.50,1476.50,1421.50,1438.00,3621337
23-Jul-13,1417.00,1447.00,1414.50,1435.00,3565982
22-Jul-13,1384.50,1413.00,1372.50,1405.00,2412708
19-Jul-13,1375.00,1390.50,1350.00,1379.00,3121119
18-Jul-13,1365.00,1382.50,1348.00,1377.50,2683300
17-Jul-13,1334.00,1373.00,1329.00,1357.00,3496954
16-Jul-13,1317.50,1329.50,1300.00,1324.00,3534352
15-Jul-13,1295.50,1325.50,1295.00,1300.50,2345806
12-Jul-13,1340.00,1340.50,1290.50,1294.50,3109678
11-Jul-13,1316.50,1346.50,1311.50,1337.00,5020916
10-Jul-13,1273.50,1283.00,1252.00,1268.00,2585267
9-Jul-13,1269.00,1294.00,1267.50,1282.00,2941506
8-Jul-13,1226.50,1256.00,1215.50,1245.00,2663252
5-Jul-13,1268.50,1272.00,1213.50,1217.00,4949470
4-Jul-13,1219.50,1272.00,1217.00,1263.00,5125629
3-Jul-13,1266.00,1266.00,1195.50,1207.00,5935107
2-Jul-13,1298.50,1307.00,1275.00,1280.00,3136881
1-Jul-13,1285.00,1299.50,1259.00,1292.00,2920573
28-Jun-13,1274.50,1293.68,1254.00,1266.00,4310815
27-Jun-13,1262.50,1285.50,1262.50,1265.00,4605757
26-Jun-13,1300.50,1301.00,1247.00,1256.00,5954985
25-Jun-13,1310.00,1327.00,1291.50,1299.00,4185620
24-Jun-13,1346.00,1346.00,1296.50,1297.50,4052319
21-Jun-13,1365.00,1383.50,1341.04,1352.00,8129167
20-Jun-13,1376.00,1387.00,1351.50,1359.00,6115684
19-Jun-13,1428.00,1436.50,1400.50,1408.00,3197577
18-Jun-13,1399.00,1435.50,1396.00,1423.50,2896910
17-Jun-13,1432.50,1434.08,1400.00,1407.00,2065657
14-Jun-13,1420.00,1444.00,1403.00,1426.00,3753639
13-Jun-13,1353.50,1409.50,1345.00,1400.00,3411454
12-Jun-13,1367.00,1387.00,1361.50,1374.50,3231797
11-Jun-13,1408.50,1411.00,1351.50,1371.50,4174850
10-Jun-13,1453.50,1456.50,1401.00,1421.50,3156600
7-Jun-13,1439.50,1469.00,1423.00,1463.00,3062697
6-Jun-13,1453.00,1467.50,1430.50,1440.00,2955190
5-Jun-13,1500.00,1504.31,1450.50,1454.00,4159984
4-Jun-13,1557.50,1561.00,1512.00,1518.50,2164605
3-Jun-13,1524.50,1550.00,1511.00,1540.00,2525535
31-May-13,1565.50,1575.50,1526.06,1526.50,4694345
30-May-13,1533.50,1572.00,1525.00,1562.00,2324332
29-May-13,1533.00,1562.00,1512.50,1538.00,2695276
28-May-13,1553.00,1568.00,1540.50,1540.50,3347184
24-May-13,1575.00,1584.00,1552.06,1556.50,2171451
23-May-13,1570.04,1599.50,1558.50,1570.00,4166109
22-May-13,1624.00,1695.62,1606.50,1653.50,4049967
21-May-13,1556.50,1622.31,1551.50,1621.50,4271832
20-May-13,1565.50,1570.50,1523.50,1553.00,1969334
17-May-13,1551.00,1590.00,1545.00,1570.00,2639515
16-May-13,1550.00,1552.00,1506.68,1549.00,3474311
15-May-13,1556.50,1556.50,1525.00,1544.00,2145155
14-May-13,1585.00,1585.00,1515.50,1550.00,3029309
13-May-13,1597.00,1598.50,1555.50,1575.82,3600762
10-May-13,1670.50,1681.50,1575.50,1591.00,5970567
9-May-13,1668.00,1691.00,1657.50,1667.00,2117961
8-May-13,1630.50,1673.00,1623.00,1666.00,3022120
7-May-13,1638.00,1661.00,1619.50,1623.00,3669402
3-May-13,1576.00,1639.50,1573.50,1635.50,3916185
2-May-13,1559.50,1571.50,1539.50,1568.00,3528046
1-May-13,1576.00,1590.00,1555.50,1563.50,1280554
30-Apr-13,1606.00,1619.00,1553.00,1565.00,4121683
29-Apr-13,1617.00,1631.00,1589.00,1609.00,1917940
26-Apr-13,1642.50,1644.50,1595.50,1606.00,2775715
25-Apr-13,1630.00,1659.50,1624.00,1649.00,3272129
24-Apr-13,1606.50,1639.50,1594.00,1625.50,7136592
23-Apr-13,1592.00,1607.00,1567.00,1595.50,2569770
22-Apr-13,1592.50,1619.00,1576.00,1592.50,2561539
19-Apr-13,1609.00,1613.50,1579.00,1596.50,4076420
18-Apr-13,1558.00,1572.00,1540.00,1562.00,2983619
17-Apr-13,1598.00,1601.00,1541.50,1553.00,3043105
16-Apr-13,1567.00,1615.50,1565.00,1587.00,3317307
15-Apr-13,1649.50,1649.50,1562.00,1575.00,5445215
12-Apr-13,1662.00,1684.00,1639.00,1642.00,3013122
11-Apr-13,1694.00,1694.00,1650.50,1671.00,2915571
10-Apr-13,1698.50,1718.08,1689.00,1695.00,2605809
9-Apr-13,1670.00,1702.00,1668.50,1699.50,2733065
8-Apr-13,1650.00,1666.50,1631.00,1644.50,1574881
5-Apr-13,1658.00,1668.50,1616.50,1639.50,3433732
4-Apr-13,1646.00,1678.00,1635.00,1646.00,3500355
3-Apr-13,1664.00,1664.50,1632.50,1650.00,3359900
2-Apr-13,1688.00,1701.00,1669.50,1674.00,3126784
28-Mar-13,1713.00,1727.50,1685.50,1692.00,3225851
27-Mar-13,1744.00,1759.64,1708.00,1722.00,2313171
26-Mar-13,1708.00,1748.50,1708.00,1736.00,3409361
25-Mar-13,1745.50,1750.00,1708.00,1717.50,1985510
22-Mar-13,1749.00,1764.00,1727.50,1729.50,2064170
21-Mar-13,1779.00,1784.00,1735.00,1756.00,2895315
20-Mar-13,1799.00,1817.00,1765.30,1773.00,3251438
19-Mar-13,1868.00,1868.00,1807.00,1820.00,3256053
18-Mar-13,1853.50,1890.00,1833.00,1873.50,2491062
15-Mar-13,1874.00,1900.50,1869.00,1892.50,5113978
14-Mar-13,1858.50,1870.00,1842.00,1863.50,4372681
13-Mar-13,1865.00,1879.00,1836.50,1860.00,3707077
12-Mar-13,1853.50,1890.00,1849.00,1868.50,2228575
11-Mar-13,1852.00,1864.00,1845.00,1861.00,2167141
8-Mar-13,1863.50,1870.50,1831.00,1850.50,3423239
7-Mar-13,1851.50,1878.50,1848.50,1851.00,2603780
6-Mar-13,1882.50,1887.00,1841.50,1846.50,2688797
5-Mar-13,1858.50,1888.00,1849.50,1878.50,2763001
4-Mar-13,1836.50,1856.50,1825.00,1849.00,3461281
1-Mar-13,1918.50,1919.00,1866.00,1900.00,2776004
28-Feb-13,1965.00,1965.00,1903.00,1922.00,3825029
27-Feb-13,1943.00,1959.00,1906.50,1952.50,2328892
26-Feb-13,1933.50,1960.50,1930.50,1938.50,2715805
25-Feb-13,1956.00,2000.50,1956.00,1981.50,3385988
22-Feb-13,1935.00,1971.00,1923.00,1942.00,2677642
21-Feb-13,1942.00,1942.50,1904.00,1923.00,3444360
20-Feb-13,1998.00,2014.50,1942.50,1951.00,3330567
19-Feb-13,1976.00,2003.00,1967.00,1995.50,3223850
18-Feb-13,2029.00,2034.80,1977.00,1983.00,3136076
15-Feb-13,2050.00,2088.50,2031.00,2039.00,5455292
14-Feb-13,2015.00,2032.00,1976.00,2013.00,2151663
13-Feb-13,1988.00,2038.00,1986.50,2013.50,2055017
12-Feb-13,1962.00,1979.00,1958.00,1978.50,1282845
11-Feb-13,1967.00,1990.00,1952.00,1971.50,1297144
8-Feb-13,1951.50,1995.00,1951.00,1972.50,2600908
7-Feb-13,1947.50,1966.50,1923.00,1937.00,2025158
6-Feb-13,1941.00,1956.79,1931.00,1944.50,2846724
5-Feb-13,1919.50,1952.50,1910.50,1932.00,2171758
4-Feb-13,1960.00,1964.50,1906.67,1924.50,2429508
1-Feb-13,1893.50,1965.00,1892.00,1954.00,2988324
31-Jan-13,1886.00,1906.00,1880.00,1886.50,2703138
30-Jan-13,1929.50,1938.00,1875.00,1885.00,2442215
29-Jan-13,1872.00,1938.00,1860.50,1929.50,3441301
28-Jan-13,1894.00,1901.00,1864.50,1872.50,1637851
25-Jan-13,1923.50,1936.50,1862.50,1886.00,2855547
24-Jan-13,1866.50,1900.50,1858.50,1894.50,2720321
23-Jan-13,1902.00,1917.00,1863.50,1869.00,2507748
22-Jan-13,1901.50,1913.00,1868.00,1899.50,2725112
21-Jan-13,1876.00,1909.00,1872.00,1899.50,1630267
18-Jan-13,1904.00,1917.00,1870.00,1885.50,3451462
17-Jan-13,1861.50,1909.00,1852.00,1892.00,3492169
16-Jan-13,1903.50,1919.50,1857.50,1901.00,5192606
15-Jan-13,2048.00,2057.00,1945.00,1961.00,5272877
14-Jan-13,2043.00,2051.50,2032.50,2036.50,2274891
11-Jan-13,2067.50,2068.50,2027.00,2042.00,3319321
10-Jan-13,2047.00,2084.20,2041.50,2072.00,3142795
9-Jan-13,2036.00,2052.64,2006.50,2041.00,2471604
8-Jan-13,2015.00,2063.00,2002.50,2028.00,4631803
7-Jan-13,1993.00,2013.00,1974.00,2000.50,1993376
4-Jan-13,2002.00,2004.00,1970.50,2002.00,2319310
3-Jan-13,1997.50,2014.50,1975.00,2014.50,2109505
2-Jan-13,1935.50,2019.00,1935.50,2003.50,3745492
31-Dec-12,1885.50,1905.50,1877.50,1894.00,675843
28-Dec-12,1920.00,1938.00,1896.95,1904.00,941786
27-Dec-12,1872.50,1942.50,1872.00,1921.00,1563053
24-Dec-12,1878.50,1882.50,1862.08,1881.00,500732
21-Dec-12,1872.00,1877.50,1845.50,1877.50,3981058
20-Dec-12,1899.00,1900.50,1876.00,1886.50,1769584
19-Dec-12,1908.50,1924.12,1883.00,1893.00,2993229
18-Dec-12,1866.50,1905.50,1860.82,1894.50,3704756
17-Dec-12,1825.50,1856.69,1824.50,1856.50,2199076
14-Dec-12,1847.00,1848.50,1816.00,1826.50,3034555
13-Dec-12,1889.00,1895.00,1833.50,1857.00,3365406
12-Dec-12,1844.00,1896.23,1843.00,1882.50,3934420
11-Dec-12,1810.50,1845.00,1800.00,1833.00,2215105
10-Dec-12,1804.00,1818.18,1798.50,1814.50,1623446
7-Dec-12,1811.50,1826.00,1788.50,1811.00,2887572
6-Dec-12,1788.00,1817.00,1787.50,1812.00,2811616
5-Dec-12,1757.00,1811.00,1751.00,1780.00,4841862
4-Dec-12,1733.50,1746.00,1724.50,1737.00,1850319
3-Dec-12,1736.00,1758.50,1723.50,1742.50,1846749
30-Nov-12,1760.50,1776.00,1732.00,1732.50,3666639
29-Nov-12,1722.50,1774.00,1721.33,1764.00,2823058
28-Nov-12,1702.50,1717.50,1684.00,1707.00,2490436
27-Nov-12,1735.00,1740.50,1702.50,1714.50,1838462
26-Nov-12,1707.50,1724.00,1696.00,1720.00,1717641
23-Nov-12,1703.00,1730.50,1686.00,1719.00,2077249
22-Nov-12,1692.50,1724.00,1684.50,1704.50,2952885
21-Nov-12,1683.00,1691.03,1669.50,1681.50,2503647
20-Nov-12,1707.50,1707.50,1674.00,1694.00,2279220
19-Nov-12,1693.00,1719.50,1687.50,1710.50,3270377
16-Nov-12,1689.00,1709.44,1662.50,1664.00,5319145
15-Nov-12,1707.00,1722.53,1683.50,1691.00,4128761
14-Nov-12,1772.00,1776.50,1725.00,1725.00,4172557
13-Nov-12,1785.00,1785.50,1739.50,1770.00,6454552
12-Nov-12,1860.00,1866.00,1822.50,1827.50,3180138
9-Nov-12,1879.00,1881.00,1843.50,1866.00,3223168
8-Nov-12,1894.50,1903.00,1874.50,1884.00,2347347
7-Nov-12,1949.00,1950.00,1865.50,1874.50,3087909
6-Nov-12,1933.00,1947.50,1923.00,1932.00,1695476
5-Nov-12,1918.00,1940.00,1895.00,1933.00,1842498
2-Nov-12,1933.50,1973.50,1931.00,1937.00,2976097
1-Nov-12,1907.50,1949.50,1887.00,1936.50,2530395
31-Oct-12,1935.50,1949.00,1899.64,1903.00,2725467
30-Oct-12,1922.00,1944.50,1920.50,1937.00,1162314
29-Oct-12,1929.00,1937.00,1887.50,1917.00,2450843
26-Oct-12,1901.50,1941.00,1878.50,1933.50,7329863
25-Oct-12,1918.00,1923.50,1855.50,1857.50,3042590
24-Oct-12,1868.00,1888.50,1840.00,1877.00,2326370
23-Oct-12,1917.50,1918.10,1849.50,1858.50,2725271
22-Oct-12,1893.00,1955.00,1886.00,1908.50,2823038
19-Oct-12,1893.50,1916.50,1883.50,1896.50,3160014
18-Oct-12,1915.50,1954.50,1884.50,1900.50,4313950
17-Oct-12,1814.00,1913.00,1797.33,1797.33,5173336
16-Oct-12,1797.00,1815.00,1776.00,1809.00,4019852
15-Oct-12,1815.00,1839.69,1774.00,1788.50,3449056
12-Oct-12,1843.00,1868.50,1824.50,1824.50,3403076
11-Oct-12,1812.50,1879.27,1810.50,1855.50,3174800
10-Oct-12,1807.00,1859.95,1807.00,1825.50,2966589
9-Oct-12,1810.00,1852.50,1795.50,1813.50,3265393
8-Oct-12,1800.00,1807.47,1775.50,1802.50,2167203
5-Oct-12,1823.50,1880.00,1806.00,1812.50,3817649
4-Oct-12,1823.50,1837.00,1790.50,1815.53,3443346
3-Oct-12,1857.50,1879.00,1809.00,1818.00,5414387
2-Oct-12,1872.00,1909.00,1860.50,1875.00,2464183
1-Oct-12,1815.50,1910.35,1815.50,1891.00,3573296
28-Sep-12,1852.50,1863.07,1813.00,1817.00,3966906
27-Sep-12,1855.50,1877.00,1841.00,1847.50,3440452
26-Sep-12,1834.50,1876.50,1820.00,1831.00,3544862
25-Sep-12,1886.00,1919.00,1883.00,1900.50,2979196
24-Sep-12,1906.00,1910.00,1860.08,1887.50,3525140
21-Sep-12,1962.00,1972.50,1928.00,1938.00,5012853
20-Sep-12,2005.00,2012.00,1933.00,1944.00,4474411
19-Sep-12,2030.00,2071.50,2016.50,2032.00,3382100
18-Sep-12,2012.00,2024.00,1986.70,2009.00,3668039
17-Sep-12,2071.50,2091.50,2023.50,2036.50,3224771
14-Sep-12,1994.50,2086.50,1949.50,2084.00,7257639
13-Sep-12,1895.00,1914.00,1876.00,1909.00,2539587
12-Sep-12,1949.50,1956.00,1889.00,1901.50,5136149
11-Sep-12,1972.00,1972.00,1911.00,1955.00,3755928
10-Sep-12,1970.00,2024.50,1963.00,2001.50,2952780
7-Sep-12,1909.50,1982.32,1882.50,1972.50,6876997
6-Sep-12,1768.00,1845.50,1760.50,1840.50,4333116
5-Sep-12,1755.50,1764.68,1720.50,1755.50,2902463
4-Sep-12,1779.50,1781.00,1743.00,1748.50,3469425
3-Sep-12,1750.00,1784.16,1746.00,1773.00,2602113
31-Aug-12,1755.00,1795.50,1736.00,1750.00,7383798
30-Aug-12,1813.00,1813.00,1748.50,1753.50,3781700
29-Aug-12,1858.50,1858.50,1813.00,1816.00,2776375
28-Aug-12,1902.00,1902.00,1853.94,1865.50,3127437
24-Aug-12,1916.50,1921.17,1867.00,1885.00,3376150
23-Aug-12,1930.00,1959.00,1923.50,1941.50,3682405
22-Aug-12,1956.00,1960.00,1899.50,1910.00,2887547
21-Aug-12,1921.50,1995.50,1919.00,1983.00,2717815
20-Aug-12,1931.00,1933.32,1912.50,1914.50,2344489
17-Aug-12,1980.50,1980.50,1912.50,1927.50,4916025
16-Aug-12,1954.50,1980.00,1928.50,1974.50,3015163
15-Aug-12,1994.50,1997.50,1933.00,1939.50,2596149
14-Aug-12,2035.00,2049.00,2008.50,2017.50,2151397
13-Aug-12,2036.00,2041.50,1999.90,2019.50,1540520
10-Aug-12,2020.00,2049.00,2002.00,2040.00,1721729
9-Aug-12,2028.50,2047.00,2011.19,2024.50,2183899
8-Aug-12,2001.00,2027.50,1989.00,2027.50,2640599
7-Aug-12,1924.00,2008.00,1924.00,2008.00,3293808
6-Aug-12,1904.00,1940.50,1894.00,1926.00,2838352
3-Aug-12,1859.00,1914.50,1853.65,1900.50,2462651
2-Aug-12,1918.00,1923.00,1850.50,1854.00,4140871
1-Aug-12,1895.50,1927.80,1893.50,1920.00,2338742
31-Jul-12,1908.00,1941.00,1900.00,1900.00,3193880
30-Jul-12,1860.50,1924.00,1856.50,1917.50,3113788
27-Jul-12,1900.00,1938.06,1856.50,1894.00,6437385
26-Jul-12,1943.00,1977.50,1911.00,1964.00,3154608
25-Jul-12,1918.00,1965.00,1911.75,1932.00,1806325
24-Jul-12,1954.50,1969.00,1928.00,1934.00,2311916
23-Jul-12,1991.00,1994.85,1938.00,1948.00,3575086
20-Jul-12,2035.00,2074.50,2027.00,2028.50,3606104
19-Jul-12,2024.00,2048.00,2018.00,2035.00,3396021
18-Jul-12,2020.00,2045.50,1991.50,2028.00,2369560
17-Jul-12,2030.00,2047.50,1996.00,1999.50,2883449
16-Jul-12,2036.00,2038.50,2014.50,2022.00,2281952
13-Jul-12,2016.50,2047.00,1989.00,2045.00,2640661
12-Jul-12,2029.50,2039.00,2010.00,2010.00,3938647
11-Jul-12,2040.50,2070.50,2027.50,2055.50,1842822
10-Jul-12,2051.00,2085.50,2039.00,2059.00,2238372
9-Jul-12,2104.50,2110.00,2038.50,2042.50,2733621
6-Jul-12,2144.50,2207.00,2091.00,2104.00,2749459
5-Jul-12,2135.00,2210.50,2132.00,2163.00,2979606
4-Jul-12,2164.50,2164.50,2134.00,2140.00,1347703
3-Jul-12,2112.00,2161.50,2102.00,2154.50,2005454
2-Jul-12,2097.00,2128.00,2084.50,2109.00,2705323
29-Jun-12,2113.50,2126.00,2066.50,2088.50,3797483
28-Jun-12,2042.00,2050.50,1994.00,2039.00,3120596
27-Jun-12,2043.00,2062.00,2009.00,2040.50,2152673
26-Jun-12,2010.00,2062.00,2002.19,2034.50,2102179
25-Jun-12,2046.50,2079.00,2006.50,2009.50,2621963
22-Jun-12,2070.00,2094.00,2053.50,2065.50,3402042
21-Jun-12,2190.00,2194.50,2092.00,2101.00,4163298
20-Jun-12,2167.00,2215.00,2166.50,2215.00,3252115
19-Jun-12,2140.00,2190.00,2129.00,2170.00,2161854
18-Jun-12,2166.50,2176.50,2097.00,2128.50,3402693
15-Jun-12,2102.00,2155.00,2078.50,2130.00,6051415
14-Jun-12,2133.00,2136.00,2059.50,2092.00,2814148
13-Jun-12,2113.00,2132.00,2081.50,2131.50,3471526
12-Jun-12,2061.50,2110.40,2056.50,2096.00,2911201
11-Jun-12,2159.00,2159.50,2057.50,2069.50,3352489
8-Jun-12,2105.00,2109.50,2045.00,2074.00,3358193
7-Jun-12,2110.50,2171.50,2100.50,2133.00,5347988
6-Jun-12,2015.00,2099.50,2014.00,2091.00,5969418
1-Jun-12,1979.50,1999.50,1912.00,1955.50,4371981
31-May-12,1990.00,2007.12,1939.50,1971.00,4121751
30-May-12,2040.00,2040.00,1971.50,1983.50,2709682
29-May-12,2042.00,2070.50,2027.50,2058.00,2646261
28-May-12,2029.50,2064.50,2013.00,2017.00,1776360
25-May-12,2021.00,2056.90,1986.50,2001.00,3354241
24-May-12,2037.50,2043.00,2000.00,2026.00,3498246
23-May-12,2046.50,2063.12,2001.00,2005.50,3813701
22-May-12,2055.50,2106.50,2049.50,2087.50,4327147
21-May-12,2011.50,2058.00,2010.00,2024.00,2814576
18-May-12,2000.00,2048.00,1990.00,2019.00,4982004
17-May-12,2080.50,2091.00,2028.50,2046.00,3179469
16-May-12,2050.00,2124.50,2013.50,2089.50,3256542
15-May-12,2126.00,2156.50,2073.50,2085.50,2781799
14-May-12,2150.00,2154.50,2096.50,2119.00,2565601
11-May-12,2180.50,2193.50,2124.00,2187.00,2693041
10-May-12,2188.50,2211.00,2152.00,2186.00,2521185
9-May-12,2184.00,2188.00,2132.00,2178.50,3283157
8-May-12,2237.00,2251.00,2163.00,2172.50,3767250
4-May-12,2345.50,2356.50,2250.00,2263.00,3988138
3-May-12,2382.00,2399.50,2351.00,2365.00,3025683
2-May-12,2418.50,2441.15,2367.50,2375.00,3694306
1-May-12,2380.50,2417.44,2369.50,2412.00,907900
30-Apr-12,2392.00,2409.50,2368.00,2368.00,3430544
27-Apr-12,2346.50,2404.00,2323.00,2381.00,1893306
26-Apr-12,2372.00,2379.50,2329.00,2364.50,2611570
25-Apr-12,2320.00,2371.00,2320.00,2360.00,2649242
24-Apr-12,2310.00,2314.50,2282.00,2308.00,2405248
23-Apr-12,2314.50,2338.00,2268.00,2294.00,3575818
20-Apr-12,2316.00,2364.86,2300.50,2349.00,3643404
19-Apr-12,2312.00,2352.50,2307.00,2307.00,3287799
18-Apr-12,2340.00,2366.50,2300.50,2311.50,3463050
17-Apr-12,2218.00,2333.00,2213.00,2328.50,3622601
16-Apr-12,2260.00,2284.50,2227.50,2227.50,4164989
13-Apr-12,2283.50,2311.00,2256.00,2262.50,3478398
12-Apr-12,2232.50,2290.50,2218.50,2272.00,6125518
11-Apr-12,2200.00,2250.00,2200.00,2225.00,4737660
10-Apr-12,2260.50,2282.00,2201.50,2201.50,4207807
5-Apr-12,2281.00,2319.00,2243.00,2298.50,2942836
4-Apr-12,2322.50,2330.00,2257.50,2269.50,3418224
3-Apr-12,2377.00,2377.00,2339.50,2339.50,3106631
2-Apr-12,2365.00,2376.36,2310.00,2368.50,3714467
30-Mar-12,2322.00,2371.77,2312.00,2337.00,4429284
29-Mar-12,2330.50,2370.00,2282.50,2296.50,5009190
28-Mar-12,2403.00,2456.95,2346.00,2347.00,4211346
27-Mar-12,2475.00,2501.50,2436.50,2442.00,3246126
26-Mar-12,2480.50,2497.50,2428.50,2463.00,3151008
23-Mar-12,2454.00,2469.00,2387.50,2459.50,4042507
22-Mar-12,2491.50,2496.50,2411.00,2442.00,3093903
21-Mar-12,2521.50,2526.84,2478.50,2503.00,2366382
20-Mar-12,2578.50,2584.50,2501.50,2505.00,3170167
19-Mar-12,2623.50,2629.00,2579.50,2612.50,1612342
16-Mar-12,2589.00,2627.01,2580.17,2618.00,3802101
15-Mar-12,2555.50,2608.50,2554.00,2581.50,3015277
14-Mar-12,2613.50,2624.50,2560.50,2564.00,2479420
13-Mar-12,2592.50,2613.00,2583.50,2606.50,2101432
12-Mar-12,2579.50,2599.00,2562.00,2575.00,1678845
9-Mar-12,2583.50,2607.50,2555.50,2593.00,2613544
8-Mar-12,2555.50,2600.50,2525.32,2570.50,2676735
7-Mar-12,2502.00,2553.00,2501.50,2535.50,2632303
6-Mar-12,2552.00,2565.00,2485.00,2502.00,4677547
5-Mar-12,2622.50,2630.50,2559.00,2569.00,3101054
2-Mar-12,2676.50,2676.50,2632.00,2641.00,1742731
1-Mar-12,2651.00,2732.24,2644.50,2671.00,2339608
29-Feb-12,2727.50,2752.00,2638.90,2649.50,4022133
28-Feb-12,2688.00,2717.00,2684.00,2709.00,2492457
27-Feb-12,2664.00,2683.50,2625.50,2675.00,2087374
24-Feb-12,2685.00,2709.00,2671.50,2693.50,2321311
23-Feb-12,2702.00,2733.00,2674.00,2693.00,2562871
22-Feb-12,2721.00,2724.50,2666.00,2709.00,2582043
21-Feb-12,2688.00,2739.50,2676.50,2715.50,2994275
20-Feb-12,2696.00,2710.00,2674.00,2690.00,2627248
17-Feb-12,2692.00,2695.50,2657.50,2674.00,3954226
16-Feb-12,2661.00,2663.50,2589.00,2644.00,5345179
15-Feb-12,2776.00,2800.00,2688.50,2690.00,4124416
14-Feb-12,2787.50,2802.50,2752.50,2772.00,2836032
13-Feb-12,2780.50,2844.50,2746.50,2817.00,3377954
10-Feb-12,2830.50,2854.16,2724.75,2746.50,5919496
9-Feb-12,2877.00,2958.00,2830.50,2860.00,3739357
8-Feb-12,2890.00,2927.00,2858.50,2862.00,3764499
7-Feb-12,2893.00,2895.50,2823.50,2873.00,3393613
6-Feb-12,2907.00,2911.50,2856.00,2887.00,3410240
3-Feb-12,2820.00,2923.47,2820.00,2910.00,5499324
2-Feb-12,2774.00,2850.04,2766.00,2830.50,7124628
1-Feb-12,2622.00,2733.00,2619.50,2733.00,3907139
31-Jan-12,2651.00,2687.50,2620.00,2624.00,2609931
30-Jan-12,2668.50,2708.74,2615.00,2635.00,3667899
27-Jan-12,2705.00,2728.50,2686.00,2698.50,2899179
26-Jan-12,2680.00,2765.00,2680.00,2737.00,4127497
25-Jan-12,2666.00,2683.81,2616.50,2654.50,3554294
24-Jan-12,2669.00,2684.37,2624.00,2656.50,2139725
23-Jan-12,2657.50,2696.50,2645.50,2685.50,2556999
20-Jan-12,2636.50,2665.00,2609.00,2660.00,4559689
19-Jan-12,2641.00,2666.50,2597.00,2647.50,4522260
18-Jan-12,2632.50,2655.00,2591.00,2642.00,2766874
17-Jan-12,2639.00,2651.00,2522.95,2633.50,3698001
16-Jan-12,2541.00,2603.50,2531.69,2595.00,3375371
13-Jan-12,2575.00,2599.50,2523.12,2570.50,3715626
12-Jan-12,2545.00,2589.56,2396.79,2555.00,3428228
11-Jan-12,2517.50,2546.50,2505.00,2527.00,3114487
10-Jan-12,2475.00,2542.50,2436.82,2518.50,3882103
9-Jan-12,2470.00,2487.50,2437.00,2438.50,2548068
6-Jan-12,2450.00,2487.50,2441.50,2469.00,1868665
5-Jan-12,2469.00,2478.50,2427.50,2455.00,2421005
4-Jan-12,2491.50,2514.50,2453.50,2471.50,2869524
3-Jan-12,2415.00,2505.50,2412.56,2497.00,3260641
30-Dec-11,2371.00,2380.00,2354.50,2379.00,507810
29-Dec-11,2344.50,2367.00,2335.50,2367.00,1057953
28-Dec-11,2363.50,2384.00,2331.00,2338.00,1502853
23-Dec-11,-,-,-,2358.50,0
22-Dec-11,2303.50,2348.00,2303.50,2342.00,1703809
21-Dec-11,2360.00,2371.50,2287.50,2300.00,2592959
20-Dec-11,2269.00,2345.50,2266.50,2328.50,2868251
19-Dec-11,2279.00,2314.50,2253.00,2274.50,2393075
16-Dec-11,2320.00,2358.50,2293.90,2298.50,3636286
15-Dec-11,2282.50,2334.50,2268.00,2308.00,4001818
14-Dec-11,2351.00,2364.00,2273.00,2279.50,4209621
13-Dec-11,2353.50,2394.00,2334.00,2367.50,2998682
12-Dec-11,2439.50,2439.50,2345.00,2347.00,3234004
9-Dec-11,2382.00,2457.50,2376.50,2449.00,3488398
8-Dec-11,2502.50,2517.00,2400.00,2400.00,4202075
7-Dec-11,2535.00,2546.50,2454.00,2530.17,3529626
6-Dec-11,2456.50,2521.50,2456.00,2494.50,2684271
5-Dec-11,2500.00,2531.50,2477.00,2501.50,2726798
2-Dec-11,2472.50,2520.00,2456.00,2487.00,4084120
1-Dec-11,2439.50,2481.00,2397.50,2427.00,4781676
30-Nov-11,2279.50,2451.50,2260.00,2420.00,7922930
29-Nov-11,2321.00,2326.00,2266.50,2308.50,3324767
28-Nov-11,2259.00,2328.00,2254.50,2316.50,3372093
25-Nov-11,2200.00,2255.96,2175.00,2175.00,3753850
24-Nov-11,2214.00,2242.16,2183.00,2196.00,3266072
23-Nov-11,2199.00,2233.32,2188.50,2188.50,4265502
22-Nov-11,2270.50,2300.60,2240.50,2231.50,3760757
21-Nov-11,2343.00,2299.82,2239.50,2241.00,4174410
18-Nov-11,2362.00,2371.00,2342.50,2359.00,3746673
17-Nov-11,2443.00,2423.75,2372.69,2394.00,4365255
16-Nov-11,2437.00,2476.50,2395.70,2465.00,4637927
15-Nov-11,2435.50,2473.00,2402.00,2453.50,7288119
14-Nov-11,2464.00,2477.57,2448.00,2448.00,4000568
11-Nov-11,2397.00,2467.00,2376.56,2467.00,3469639
10-Nov-11,2314.00,2463.05,2101.50,2383.50,7890003
9-Nov-11,2448.00,2448.00,2330.00,2353.00,4307007
8-Nov-11,2379.00,2444.50,2360.00,2415.00,3541531
7-Nov-11,2317.00,2389.50,2299.50,2369.50,3439649
4-Nov-11,2379.50,2452.00,2324.50,2338.50,5979104
3-Nov-11,2250.50,2361.30,2226.00,2356.50,5352628
2-Nov-11,2275.50,2322.00,2240.34,2299.50,4931930
1-Nov-11,2269.50,2270.00,2207.00,2244.50,6153430
31-Oct-11,2421.50,2445.00,2293.50,2293.50,5525501
28-Oct-11,2462.00,2494.00,2431.00,2462.00,4639360
27-Oct-11,2385.00,2479.50,2371.50,2466.00,5488111
26-Oct-11,2307.50,2330.50,2268.50,2308.00,2754566
25-Oct-11,2303.50,2338.00,2250.00,2315.00,3690671
24-Oct-11,2255.00,2322.50,2232.00,2315.50,3706314
21-Oct-11,2184.00,2233.00,2158.50,2220.00,3387703
20-Oct-11,2218.00,2249.00,2178.50,2180.50,5092656
19-Oct-11,2283.00,2300.50,2249.50,2271.00,2917217
18-Oct-11,2264.00,2295.00,2216.50,2270.00,3758168
17-Oct-11,2394.00,2436.50,2285.00,2304.00,3277228
14-Oct-11,2320.00,2394.50,2292.50,2361.50,3625111
13-Oct-11,2349.00,2394.00,2292.00,2305.50,6300817
12-Oct-11,2382.00,2717.80,2362.50,2420.00,5502980
11-Oct-11,2409.50,2425.00,2349.50,2391.00,3157814
10-Oct-11,2342.50,2435.50,2311.50,2417.00,3779827
7-Oct-11,2319.50,2377.31,2303.50,2330.00,3647500
6-Oct-11,2263.50,2336.00,2248.00,2334.50,5872058
5-Oct-11,2200.00,2254.50,2156.50,2231.00,4305645
4-Oct-11,2165.00,2167.00,2065.00,2138.50,6991350
3-Oct-11,2150.50,2217.00,2146.50,2214.00,3193097
30-Sep-11,2267.50,2301.00,2194.00,2229.00,4737559
29-Sep-11,2314.50,2361.00,2273.50,2291.50,3387609
28-Sep-11,2419.00,2431.50,2323.50,2340.50,3549505
27-Sep-11,2342.50,2428.50,2307.50,2426.50,4940674
26-Sep-11,2186.50,2283.50,2181.00,2264.00,4590766
23-Sep-11,2241.50,2261.92,2150.00,2253.00,5642062
22-Sep-11,2337.00,2337.50,2179.40,2230.00,7934561
21-Sep-11,2450.00,2474.38,2383.00,2406.50,3947660
20-Sep-11,2415.00,2476.50,2364.50,2455.00,4148813
19-Sep-11,2479.00,2481.00,2405.00,2407.00,3129598
16-Sep-11,2537.50,2543.50,2482.50,2523.50,4398158
15-Sep-11,2445.00,2534.50,2434.50,2496.50,3820232
14-Sep-11,2372.00,2461.00,2369.00,2421.00,4855359
13-Sep-11,2393.00,2424.93,2300.00,2409.00,5056978
12-Sep-11,2342.50,2386.50,2316.00,2358.50,5408318
9-Sep-11,2470.00,2493.00,2380.00,2404.00,5651220
8-Sep-11,2475.50,2515.00,2428.50,2505.00,4660626
7-Sep-11,2436.00,2485.00,2423.50,2475.50,4840110
6-Sep-11,2356.00,2426.50,2330.50,2383.00,4285059
5-Sep-11,2410.00,2425.50,2350.00,2368.50,4266849
2-Sep-11,2534.50,2549.50,2450.00,2458.00,4228533
1-Sep-11,2593.00,2598.00,2512.50,2579.50,4118645
31-Aug-11,2484.50,2580.00,2480.50,2567.50,5446707
30-Aug-11,2426.50,2485.50,2400.00,2483.00,5358169
26-Aug-11,-,-,-,2335.50,0
25-Aug-11,2320.00,2379.00,2295.50,2301.50,4892435
24-Aug-11,2257.00,2325.87,2212.50,2287.00,3344794
23-Aug-11,2287.00,2323.00,2208.50,2228.00,4674485
22-Aug-11,2226.50,2307.50,2217.50,2249.50,2378760
19-Aug-11,2287.50,2351.00,2217.50,2238.50,9458985
18-Aug-11,2426.00,2438.00,2280.00,2299.00,5986017
17-Aug-11,2423.00,2496.00,2406.50,2471.00,3542270
16-Aug-11,2434.00,2463.50,2392.00,2460.50,4102312
15-Aug-11,2471.50,2475.00,2415.00,2448.00,3242258
12-Aug-11,2398.00,2459.18,2335.00,2431.00,6216861
11-Aug-11,2415.00,2415.00,2288.00,2386.00,8385944
10-Aug-11,2498.00,2500.00,2301.00,2314.00,8981682
9-Aug-11,2369.00,2447.00,2240.50,2419.50,9654944
8-Aug-11,2470.00,2555.67,2346.00,2365.00,7697847
5-Aug-11,2540.00,2643.50,2490.00,2521.00,7274196
4-Aug-11,2777.00,2805.00,2605.50,2648.00,6593575
3-Aug-11,2750.00,2802.00,2725.00,2779.50,4601019
2-Aug-11,2855.00,2875.50,2794.50,2802.50,4853936
1-Aug-11,2949.50,2968.00,2870.50,2870.50,4157833
29-Jul-11,2910.00,2957.50,2882.50,2900.00,4373535
28-Jul-11,2981.00,3035.00,2967.00,2998.00,2691291
27-Jul-11,3046.50,3105.00,3012.00,3022.00,3068103
26-Jul-11,3050.00,3087.00,3047.00,3061.50,3162036
25-Jul-11,2980.00,3045.50,2972.50,3026.50,2018622
22-Jul-11,3011.00,3068.00,3004.50,3025.00,3367668
21-Jul-11,2988.50,3016.50,2910.00,2993.00,4501491
20-Jul-11,2987.50,3018.50,2943.00,2974.00,3108489
19-Jul-11,2929.50,2979.00,2920.00,2953.50,3769263
18-Jul-11,2951.00,2962.50,2899.50,2902.50,3113650
15-Jul-11,2975.00,2985.00,2947.50,2972.00,4597535
14-Jul-11,2999.00,3041.50,2987.00,3006.00,2967458
13-Jul-11,2996.00,3039.00,2978.00,3035.00,4181771
12-Jul-11,2994.00,3018.50,2947.00,2992.00,4932186
11-Jul-11,3095.50,3115.00,3031.50,3040.00,4022606
8-Jul-11,3200.00,3218.50,3103.00,3128.00,3404258
7-Jul-11,3149.50,3200.00,3129.50,3181.00,3049648
6-Jul-11,3120.00,3131.50,3079.00,3116.00,2316087
5-Jul-11,3115.00,3127.06,3096.50,3100.00,2692509
4-Jul-11,3108.00,3124.50,3088.50,3115.00,1268030
1-Jul-11,3086.50,3118.00,3059.00,3102.00,2854003
30-Jun-11,3037.50,3091.50,1917.89,3087.50,4177128
29-Jun-11,2989.00,3025.50,2976.50,3015.00,3703903
28-Jun-11,2888.00,2974.50,2882.00,2969.00,5126264
27-Jun-11,2839.50,2893.50,2835.00,2882.50,2745616
24-Jun-11,2878.00,2911.00,2848.00,2855.00,4408257
23-Jun-11,2901.00,2922.50,2793.84,2818.00,4270784
22-Jun-11,2909.00,2940.00,2885.00,2915.00,4064691
21-Jun-11,2825.00,2919.00,2813.34,2915.00,3432604
20-Jun-11,2809.50,2818.82,2771.50,2816.00,4055311
17-Jun-11,2790.00,2871.50,2778.36,2778.36,6475077
16-Jun-11,2815.00,2819.50,2762.00,2811.00,6532418
15-Jun-11,2897.00,2934.69,2860.00,2863.50,5242676
14-Jun-11,2921.50,2959.00,2901.50,2902.50,4022844
13-Jun-11,2884.50,2925.50,2869.50,2900.50,2898136
10-Jun-11,2988.50,2988.50,2885.50,2891.00,3365884
9-Jun-11,2907.50,3942.96,2907.50,2988.50,3215093
8-Jun-11,2967.50,2976.00,2894.00,2924.50,4305445
7-Jun-11,2984.00,3020.00,2956.50,2997.00,3981736
6-Jun-11,2926.50,3000.00,2926.00,2984.00,3709924
3-Jun-11,2975.00,2992.50,2910.00,2927.00,4468581
2-Jun-11,2980.50,2998.50,2947.00,2950.00,3700282
1-Jun-11,3041.00,3077.50,2997.50,3016.50,4099923
31-May-11,3007.00,3057.50,2995.00,3030.00,5106406
27-May-11,2964.00,3003.00,2958.00,2992.00,3673077
26-May-11,2907.00,2967.00,2897.50,2944.00,8003367
25-May-11,2844.50,2898.50,2835.00,2880.50,3931977
24-May-11,2845.00,2903.00,2840.00,2873.50,3407377
23-May-11,2892.50,2894.00,2817.50,2830.50,4753408
20-May-11,2978.50,3014.00,2931.50,2951.50,3713864
19-May-11,3019.00,3037.50,2958.00,2960.50,3540779
18-May-11,2965.00,3009.50,2951.50,2976.00,3303269
17-May-11,2956.00,3010.50,2910.00,2913.50,3587679
16-May-11,2900.00,2990.50,2882.50,2978.50,4474012
13-May-11,2953.00,2996.00,2910.50,2917.50,3094354
12-May-11,2910.50,2942.00,2871.50,2936.50,5782358
11-May-11,3078.00,3079.00,2986.00,2991.00,4264571
10-May-11,3032.50,3078.00,3026.00,3055.00,3578597
9-May-11,3043.00,3090.00,3003.50,3017.00,2791096
6-May-11,2955.00,3064.50,2904.50,3056.00,5040986
5-May-11,3043.50,3054.50,2918.50,2945.00,5357349
4-May-11,3104.00,3106.00,3001.94,3015.00,3736439
3-May-11,3134.00,3150.36,3066.51,3115.00,3900184
28-Apr-11,-,-,-,3120.50,0
27-Apr-11,3135.00,3148.00,3071.50,3084.50,2136144
26-Apr-11,3157.00,3164.00,3110.50,3132.00,2602542
21-Apr-11,-,-,-,3162.00,0
20-Apr-11,3100.00,3175.00,3100.00,3175.00,3621744
19-Apr-11,3003.00,3080.50,3003.00,3053.00,3434469
18-Apr-11,3144.50,3146.00,2970.50,2996.50,4290091
15-Apr-11,3143.50,3166.50,3099.00,3138.50,2913030
14-Apr-11,3140.00,3154.50,3083.50,3136.00,3432352
13-Apr-11,3194.50,3228.00,3142.00,3146.50,3583311
12-Apr-11,3279.00,3301.50,3175.00,3187.00,4747928
11-Apr-11,3330.00,3367.50,3286.24,3339.50,3024914
8-Apr-11,3240.00,3344.00,3205.32,3344.00,3440350
7-Apr-11,3306.00,3306.50,3219.00,3219.00,2645551
6-Apr-11,3288.50,3303.50,3260.00,3294.00,2672293
5-Apr-11,3292.50,3294.50,3259.22,3273.00,3963504
4-Apr-11,3244.50,3297.50,3227.00,3284.50,2403592
1-Apr-11,3226.00,3263.00,3216.00,3256.00,3390378
31-Mar-11,3250.50,3267.00,3207.00,3207.00,4169161
30-Mar-11,3270.50,3297.50,3222.00,3224.00,3299671
29-Mar-11,3188.00,3253.50,3182.50,3252.00,3021389
28-Mar-11,3192.50,3250.00,3166.50,3184.00,2438939
25-Mar-11,3211.50,3233.50,3116.00,3211.00,3155990
24-Mar-11,3139.00,3198.00,3128.00,3184.50,3242760
23-Mar-11,3034.00,3139.00,3034.00,3117.00,3601951
22-Mar-11,3079.50,3114.00,3030.50,3056.50,3917114
21-Mar-11,3070.50,3095.00,3039.94,3061.50,3257654
18-Mar-11,3030.00,3072.00,2987.50,3037.00,9132484
17-Mar-11,2997.00,3032.50,2954.00,2993.00,6670348
16-Mar-11,3059.00,3065.50,2954.50,2954.50,5828890
15-Mar-11,3028.50,3047.50,2922.00,3031.50,6977562
14-Mar-11,3103.50,3163.00,3074.50,3089.50,3778926
11-Mar-11,3098.50,3148.00,3071.00,3128.50,5555185
10-Mar-11,3163.50,3166.24,3091.00,3112.00,4550443
9-Mar-11,3267.00,3291.00,3193.00,3218.50,3358475
8-Mar-11,3317.00,3348.50,3209.00,3251.00,4285158
7-Mar-11,3292.50,3364.00,3270.00,3286.00,2920520
4-Mar-11,3372.50,3400.20,3300.00,3325.00,7775311
3-Mar-11,3280.00,3383.50,3280.00,3360.50,3387986
2-Mar-11,3277.50,3306.00,3225.00,3268.00,504314
1-Mar-11,3385.00,3385.48,3280.00,3306.00,1203948
28-Feb-11,3309.00,3357.50,3272.50,3333.50,763336
25-Feb-11,3184.50,3317.00,3184.00,3307.00,3149646
24-Feb-11,3100.00,3211.00,3087.00,3178.50,1785686416
23-Feb-11,3202.50,3203.00,3116.00,3116.00,3350951
22-Feb-11,3169.00,3250.50,3118.50,3208.00,3346591
21-Feb-11,3226.50,3269.50,3180.50,3240.00,2712501
18-Feb-11,3309.50,3323.00,3181.00,3227.00,5291720
17-Feb-11,3340.00,3348.05,3252.50,3304.12,3431041
16-Feb-11,3315.00,3357.00,3293.00,3330.50,3417197
15-Feb-11,3376.00,3389.00,3294.00,3306.50,4196937
14-Feb-11,3460.00,3460.00,3379.00,3437.00,3718148
11-Feb-11,3305.50,3427.00,3274.00,3421.50,4102502
10-Feb-11,3289.00,3308.50,3255.00,3308.50,3684434
9-Feb-11,3391.50,3400.00,3292.00,3327.92,4022973
8-Feb-11,3399.00,3406.00,3308.00,3406.00,7946346
7-Feb-11,3339.00,3411.00,3293.50,3411.00,6355040
4-Feb-11,3264.50,3363.00,3231.00,3335.00,6563213
3-Feb-11,3290.00,3299.50,3211.00,3240.00,4609878
2-Feb-11,3189.00,3282.00,3173.00,3273.50,6252157
1-Feb-11,3099.50,3173.50,3066.00,3167.00,6105015
31-Jan-11,3019.00,3071.50,2972.00,3062.50,4055754
28-Jan-11,3129.50,3129.50,3021.50,3031.00,4106374
27-Jan-11,3169.50,3219.00,3137.00,3143.00,4951900
26-Jan-11,3087.00,3196.50,3087.00,3155.50,6228626
25-Jan-11,3127.00,3142.50,3069.50,3075.00,3549870
24-Jan-11,3111.00,3145.50,3062.50,3126.00,3956425
21-Jan-11,3091.00,3140.50,3052.00,3091.00,4260557
20-Jan-11,3194.00,3212.00,3065.50,3067.00,5553237
19-Jan-11,3344.00,3352.00,3214.00,3219.00,2994426
18-Jan-11,3317.00,3368.00,3304.50,3320.00,2957979
17-Jan-11,3305.00,3305.00,3256.00,3289.50,2153869
14-Jan-11,3394.50,3403.00,3271.00,3317.30,4295440
13-Jan-11,3380.00,3413.50,3370.00,3410.00,3430944
12-Jan-11,3306.50,3396.50,3300.00,3396.50,3858382
11-Jan-11,3246.50,3300.00,3244.50,3283.50,2886403
10-Jan-11,3259.00,3266.00,3219.50,3226.50,3274286
7-Jan-11,3300.00,3309.50,3246.50,3281.00,3137496
6-Jan-11,3340.50,3390.00,3284.50,3309.50,3287354
5-Jan-11,3399.00,3401.00,3298.00,3348.50,4549784
4-Jan-11,3409.50,3468.50,3371.00,3407.00,4208125
31-Dec-10,3380.00,3394.50,3315.00,3335.50,1098424
30-Dec-10,3371.50,3402.00,3371.50,3386.00,1589839
29-Dec-10,3315.00,3378.00,3314.50,3375.50,1544600
24-Dec-10,-,-,-,3307.00,0
23-Dec-10,3317.50,3323.50,3287.00,3323.00,1615896
22-Dec-10,3261.00,3325.50,3261.00,3310.00,2964306
21-Dec-10,3171.00,3288.50,3155.00,3272.50,4397709
20-Dec-10,3050.00,3161.00,3035.00,3141.50,2318124
17-Dec-10,3140.50,3168.00,3084.50,3150.00,6477418
16-Dec-10,3111.50,3140.00,3086.00,3123.50,2786192
15-Dec-10,3090.00,3118.00,3066.00,3095.38,3321472
14-Dec-10,3050.00,3080.00,3030.00,3080.00,2180999
13-Dec-10,3052.50,3086.00,3047.00,3053.50,3637020
10-Dec-10,3003.50,3054.50,2994.50,3027.50,4950506
9-Dec-10,3020.50,3045.50,2963.00,2993.54,3602400
8-Dec-10,3034.50,3068.50,2969.00,2970.50,3423920
7-Dec-10,3062.00,3117.50,3025.50,3062.00,3956059
6-Dec-10,3074.50,3097.50,3022.00,3062.00,2887367
3-Dec-10,2996.50,3077.00,2981.50,3050.50,4283674
2-Dec-10,2932.00,3000.00,2896.00,2999.50,4470213
1-Dec-10,2856.00,2910.00,2855.00,2891.00,4496904
30-Nov-10,2833.00,2860.50,2798.00,2820.50,3895694
29-Nov-10,2930.50,2944.00,2821.00,2821.00,3927947
26-Nov-10,2950.00,2959.50,2870.00,2904.50,3265169
25-Nov-10,2910.00,2990.00,2907.00,2985.50,2277385
24-Nov-10,2851.50,2923.00,2825.50,2908.00,2741939
23-Nov-10,2863.00,2892.00,2833.50,2833.50,4380117
22-Nov-10,2965.00,2983.50,2872.50,2889.00,2170416
19-Nov-10,2967.00,2967.00,2889.50,2939.00,3155318
18-Nov-10,2935.00,2964.50,2923.00,2958.00,3989392
17-Nov-10,2877.00,2916.50,2872.00,2896.00,3354924
16-Nov-10,3007.50,3007.50,2875.00,2886.50,4922269
15-Nov-10,2985.00,3049.50,2961.00,3036.00,3477900
12-Nov-10,2967.50,3034.50,2919.00,3012.00,6811218
11-Nov-10,2995.50,3069.00,2967.00,3055.00,5484489
10-Nov-10,2950.00,2999.50,2925.00,2955.00,4292303
9-Nov-10,2955.00,3034.00,2941.00,2959.00,5233385
8-Nov-10,3026.00,3029.00,2949.50,2955.50,3432768
5-Nov-10,2990.00,3038.50,2930.50,3029.00,5961255
4-Nov-10,2961.50,3019.00,2943.50,2965.00,5739992
3-Nov-10,2949.50,2950.00,2874.50,2919.96,2745169
2-Nov-10,2868.00,2932.50,2863.00,2923.50,2315243
1-Nov-10,2925.00,2940.00,2856.00,2870.50,2780415
29-Oct-10,2881.00,2942.00,2815.00,2908.00,3159190
28-Oct-10,2908.00,2908.00,2867.00,2894.00,2454587
27-Oct-10,2891.50,2891.50,2837.50,2860.50,3066831
26-Oct-10,2957.50,2973.00,2894.00,2930.00,3337108
25-Oct-10,2951.00,2991.00,2945.50,2982.00,2766764
22-Oct-10,2934.50,2940.00,2884.50,2916.00,2211839
21-Oct-10,2871.00,2959.00,2857.50,2943.50,5711826
20-Oct-10,2776.00,2872.00,2776.00,2871.00,3532692
19-Oct-10,2854.50,2870.00,2776.50,2781.50,4894725
18-Oct-10,2831.50,2857.00,2803.00,2846.50,2512291
15-Oct-10,2877.00,2891.50,2821.50,2866.50,4714764
14-Oct-10,2887.50,2910.00,2848.00,2863.50,6696437
13-Oct-10,2770.50,2889.00,2766.00,2884.00,6402646
12-Oct-10,2702.00,2754.00,2679.00,2736.50,3960850
11-Oct-10,2734.00,2771.50,2705.00,2732.50,3769937
8-Oct-10,2676.50,2739.50,2633.50,2726.00,4703898
7-Oct-10,2751.50,2761.00,2653.50,2664.50,5088656
6-Oct-10,2665.50,2772.50,2665.50,2752.00,7806838
5-Oct-10,2518.00,2651.00,2513.50,2641.50,5835478
4-Oct-10,2570.00,2588.50,2537.00,2538.00,3294000
1-Oct-10,2541.00,2586.50,2541.00,2570.00,4065682
30-Sep-10,2517.50,2600.50,2502.00,2525.50,4848706
29-Sep-10,2555.50,2578.00,2513.50,2531.50,3784746
28-Sep-10,2514.50,2554.00,2489.50,2551.00,3073756
27-Sep-10,2551.00,2567.50,2529.00,2531.00,2535396
24-Sep-10,2513.50,2560.00,2467.00,2519.64,5710257
23-Sep-10,2575.00,2586.00,2485.00,2550.50,3539885
22-Sep-10,2533.00,2586.50,2509.50,2560.00,3637716
21-Sep-10,2544.00,2575.50,2527.00,2529.50,2418459
20-Sep-10,2530.00,2562.00,2511.50,2546.50,3935806
17-Sep-10,2547.50,2557.50,2500.00,2515.50,6143236
16-Sep-10,2537.00,2566.50,2504.00,2516.00,5156508
15-Sep-10,2571.00,2585.50,2536.50,2550.00,3790526
14-Sep-10,2592.50,2601.00,2542.00,2572.00,3724761
13-Sep-10,2551.50,2591.00,2542.00,2587.00,2877782
10-Sep-10,2536.00,2543.50,2489.00,2506.00,2108633
9-Sep-10,2499.50,2561.50,2487.00,2537.00,3215172
8-Sep-10,2448.00,2519.00,2420.50,2499.00,2786904
7-Sep-10,2501.00,2501.00,2444.00,2460.50,2396528
6-Sep-10,2522.00,2525.00,2492.50,2492.50,1931020
3-Sep-10,2467.00,2531.50,2463.00,2511.00,3406259
2-Sep-10,2439.00,2495.00,2437.50,2465.00,2966714
1-Sep-10,2359.50,2456.50,2347.50,2456.50,5120091
31-Aug-10,2270.00,2342.00,2258.50,2340.00,5193485
27-Aug-10,2301.00,2309.50,2240.00,2295.50,4053730
26-Aug-10,2275.00,2312.00,2266.50,2302.00,3865217
25-Aug-10,2308.50,2341.00,2227.50,2254.00,4987662
24-Aug-10,2338.00,2343.50,2286.00,2320.00,5671075
23-Aug-10,2357.50,2402.00,2340.00,2363.50,2586979
20-Aug-10,2361.00,2379.00,2323.00,2340.00,3713571
19-Aug-10,2450.50,2463.00,2355.50,2360.00,4572444
18-Aug-10,2449.00,2453.50,2400.00,2421.00,3678738
17-Aug-10,2404.00,2477.00,2404.00,2473.00,5171682
16-Aug-10,2380.00,2419.00,2330.00,2409.00,3720983
13-Aug-10,2401.00,2427.50,2350.00,2370.50,4411622
12-Aug-10,2341.00,2392.00,2321.50,2376.50,6782366
11-Aug-10,2405.50,2439.50,2350.00,2358.00,6123802
10-Aug-10,2521.00,2549.50,2461.50,2473.50,4537872
9-Aug-10,2557.00,2602.50,2524.00,2534.00,2099942
6-Aug-10,2593.00,2599.00,2508.00,2531.00,5622376
5-Aug-10,2599.50,2626.00,2564.50,2580.00,2526264
4-Aug-10,2592.50,2612.50,2545.50,2587.00,2713950
3-Aug-10,2618.50,2640.00,2581.50,2604.00,3175092
2-Aug-10,2586.00,2627.00,2520.50,2627.00,4923940
30-Jul-10,2492.50,2571.50,2492.50,2524.50,5473821
29-Jul-10,2532.00,2582.50,2530.00,2541.00,4055089
28-Jul-10,2550.00,2590.50,2528.50,2539.50,2834400
27-Jul-10,2537.00,2572.50,2519.50,2534.50,3791456
26-Jul-10,2546.50,2553.00,2507.00,2539.00,3690805
23-Jul-10,2477.50,2538.50,2475.50,2522.50,5489465
22-Jul-10,2397.00,2505.00,2386.50,2477.50,6516863
21-Jul-10,2371.00,2455.00,2368.50,2409.00,6191963
20-Jul-10,2376.50,2404.00,2318.00,2377.00,6708237
19-Jul-10,2308.00,2385.00,2308.00,2353.00,3640695
16-Jul-10,2366.50,2433.50,2335.50,2338.50,4828025
15-Jul-10,2400.00,2426.00,2353.00,2366.00,3972344
14-Jul-10,2424.00,2456.00,2379.00,2416.50,4238404
13-Jul-10,2383.00,2458.50,2367.00,2414.50,4491646
12-Jul-10,2422.50,2434.50,2376.50,2385.00,3909867
9-Jul-10,2450.00,2464.00,2415.00,2422.00,4252824
8-Jul-10,2396.50,2428.50,2379.50,2412.00,5889039
7-Jul-10,2313.50,2368.00,2298.00,2365.50,4437171
6-Jul-10,2267.50,2367.00,2267.50,2360.50,3759250
5-Jul-10,2306.00,2315.50,2255.00,2255.00,2015304
2-Jul-10,2300.00,2341.50,2279.50,2303.50,5907190
1-Jul-10,2304.00,2346.50,2251.50,2271.50,6207637
30-Jun-10,2392.50,2411.00,2310.50,2350.50,8374559
29-Jun-10,2485.00,2485.00,2375.50,2388.00,5630060
28-Jun-10,2490.50,2531.50,2470.50,2530.50,2793222
25-Jun-10,2533.50,2561.50,2460.00,2475.00,3949287
24-Jun-10,2646.00,2649.50,2528.50,2545.00,3561757
23-Jun-10,2625.00,2713.00,2599.50,2621.00,3766469
22-Jun-10,2686.00,2713.00,2663.50,2682.50,3621030
21-Jun-10,2750.00,2776.50,2714.00,2736.50,4102621
18-Jun-10,2675.00,2704.00,2633.00,2645.00,7579386
17-Jun-10,2664.50,2714.00,2650.00,2672.50,4942688
16-Jun-10,2700.00,2710.50,2646.50,2679.00,3871666
15-Jun-10,2622.50,2697.50,2612.50,2682.00,3783552
14-Jun-10,2618.00,2678.50,2618.00,2628.80,4642116
11-Jun-10,2628.50,2639.00,2545.50,2576.50,4790818
10-Jun-10,2515.50,2636.00,2497.50,2621.50,6666561
9-Jun-10,2498.50,2544.00,2470.00,2538.50,4952347
8-Jun-10,2470.50,2498.50,2417.00,2477.50,4886659
7-Jun-10,2467.50,2507.00,2434.00,2458.00,5141450
4-Jun-10,2601.00,2642.50,2499.00,2517.50,4917518
3-Jun-10,2642.50,2678.50,2593.00,2605.00,5253219
2-Jun-10,2571.00,2617.50,2566.50,2591.50,5888369
1-Jun-10,2655.50,2673.50,2569.00,2647.50,5204371
28-May-10,2693.50,2733.50,2648.00,2661.00,4839572
27-May-10,2624.50,2700.00,2620.00,2666.90,5668974
26-May-10,2514.00,2638.50,2491.00,2588.00,7419528
25-May-10,2452.00,2497.00,2403.00,2462.50,7848412
24-May-10,2496.00,2543.00,2435.50,2528.00,6459472
21-May-10,2423.50,2500.00,2381.00,2479.00,11497201
20-May-10,2498.00,2550.00,2327.00,2416.00,10963524
19-May-10,2591.00,2610.00,2489.50,2490.01,8842091
18-May-10,2627.00,2678.00,2615.00,2659.00,4410477
17-May-10,2574.00,2686.50,2574.00,2594.00,5741279
14-May-10,2718.50,2732.50,2584.00,2603.50,5724088
13-May-10,2715.50,2756.00,2689.00,2751.00,3366591
11-May-10,2717.50,2717.50,2613.00,2677.50,6580469
10-May-10,2779.00,2779.50,2645.00,2752.00,10029561
7-May-10,2485.00,2601.50,2434.00,2501.50,10207698
6-May-10,2523.00,2630.50,2502.50,2545.50,7471539
5-May-10,2630.00,2661.00,2521.50,2576.50,10339640
4-May-10,2770.00,2815.00,2615.00,2615.00,11579996
30-Apr-10,2880.00,2913.50,2800.00,2805.50,6898827
29-Apr-10,2835.50,2887.00,2787.50,2880.00,4921394
28-Apr-10,2800.00,2845.00,2753.50,2807.50,6471474
27-Apr-10,2920.00,2930.00,2801.00,2801.00,4632303
26-Apr-10,2914.00,2941.00,2893.00,2937.50,4615535
23-Apr-10,2822.00,2874.00,2795.00,2860.00,3773077
22-Apr-10,2800.00,2875.00,2778.00,2800.00,5421099
21-Apr-10,2865.50,2887.00,2797.50,2814.00,5864107
16-Apr-10,2959.00,2994.50,2872.50,2882.00,6079838
15-Apr-10,2975.50,2988.00,2925.50,2970.00,2430097
14-Apr-10,2961.50,2996.00,2961.50,2982.50,3304892
13-Apr-10,2921.50,2967.00,2913.00,2943.00,3690031
12-Apr-10,2989.50,3005.00,2944.00,2948.00,2274982
9-Apr-10,2939.50,2979.50,2928.00,2979.50,3030909
8-Apr-10,2938.00,2938.00,2877.00,2906.50,3709799
7-Apr-10,2994.00,3001.50,2947.50,2961.00,2718757
6-Apr-10,2960.00,3015.50,2937.50,2997.00,4139339
1-Apr-10,2881.00,2955.00,2881.00,2947.00,3365151
31-Mar-10,2820.00,2881.50,2813.00,2874.00,5059827
30-Mar-10,2860.00,2889.50,2819.50,2834.00,4796155
29-Mar-10,2813.50,2864.50,2806.00,2832.50,3406281
26-Mar-10,2756.50,2803.50,2753.00,2795.50,3921251
25-Mar-10,2735.50,2785.00,2729.00,2777.00,4261294
24-Mar-10,2752.00,2781.00,2693.50,2742.00,4120045
23-Mar-10,2697.00,2753.50,2693.00,2717.50,4518219
22-Mar-10,2650.50,2684.00,2593.50,2684.00,3945785
19-Mar-10,2740.00,2767.00,2650.00,2664.00,7753375
18-Mar-10,2714.00,2767.00,2713.50,2733.00,4807760
17-Mar-10,2707.00,2746.50,2696.50,2727.50,3472452
16-Mar-10,2676.50,2709.50,2665.50,2680.00,4135488
15-Mar-10,2690.00,2703.00,2653.50,2664.00,3709419
12-Mar-10,2681.50,2725.00,2659.50,2708.00,6158784
11-Mar-10,2685.00,2708.00,2647.50,2678.50,5775721
10-Mar-10,2635.00,2723.50,2635.00,2710.00,4857488
9-Mar-10,2655.50,2663.50,2612.00,2648.50,5314225
8-Mar-10,2695.00,2703.00,2653.00,2664.50,4726782
5-Mar-10,2616.00,2681.00,2605.50,2664.50,5529034
4-Mar-10,2590.00,2631.00,2570.00,2590.50,4889612
3-Mar-10,2510.50,2637.00,2508.50,2620.50,6824902
2-Mar-10,2454.00,2521.00,2439.00,2519.00,4635887
1-Mar-10,2425.00,2459.50,2413.50,2450.00,4578802
26-Feb-10,2327.00,2392.00,2322.00,2390.00,5779529
25-Feb-10,2359.00,2382.50,2275.00,2306.50,6393962
24-Feb-10,2376.50,2399.00,2346.50,2385.00,4536376
23-Feb-10,2471.50,2500.50,2369.50,2380.00,5965059
22-Feb-10,2491.00,2500.00,2435.50,2447.00,4467404
19-Feb-10,2458.50,2469.00,2406.50,2457.50,8670530
18-Feb-10,2425.00,2502.00,2409.00,2502.00,6008943
17-Feb-10,2464.00,2492.50,2440.00,2466.87,7027446
16-Feb-10,2390.00,2449.50,2378.50,2417.19,6813672
15-Feb-10,2337.00,2384.00,2327.00,2349.00,4087900
12-Feb-10,2352.00,2400.50,2276.50,2310.00,6939941
11-Feb-10,2377.50,2430.00,2317.50,2347.50,7484147
10-Feb-10,2370.00,2420.00,2306.50,2328.00,6386763
9-Feb-10,2342.50,2398.00,2331.00,2361.00,6332692
8-Feb-10,2291.00,2347.00,2249.50,2325.50,7645097
5-Feb-10,2269.00,2296.00,2210.00,2274.00,9281710
4-Feb-10,2373.00,2401.00,2260.00,2280.50,8521995
3-Feb-10,2490.00,2503.00,2389.00,2398.50,5816856
2-Feb-10,2405.00,2466.50,2388.00,2456.00,7852512
1-Feb-10,2312.00,2389.50,2289.50,2379.00,7771006
29-Jan-10,2311.50,2365.00,2292.50,2322.00,9305910
28-Jan-10,2420.00,2445.00,2300.00,2300.00,8023659
27-Jan-10,2409.00,2430.50,2366.00,2379.00,7502587
26-Jan-10,2423.00,2462.00,2405.00,2423.50,7197715
25-Jan-10,2482.50,2558.50,2455.00,2480.00,5647028
22-Jan-10,2481.00,2529.00,2460.00,2505.50,10817359
21-Jan-10,2665.00,2684.00,2476.00,2488.00,11574149
20-Jan-10,2774.50,2774.50,2636.00,2651.00,6165079
19-Jan-10,2804.00,2818.50,2744.00,2796.50,4263314
18-Jan-10,2745.00,2825.00,2740.00,2809.00,3836028
15-Jan-10,2750.00,2782.50,2700.00,2722.50,6833526
14-Jan-10,2785.50,2807.00,2730.00,2749.00,3677298
13-Jan-10,2746.00,2797.50,2726.00,2751.00,4768783
12-Jan-10,2843.00,2870.50,2755.50,2771.00,6257608
11-Jan-10,2934.00,2962.00,2834.50,2845.00,4375652
8-Jan-10,2849.00,2897.00,2815.50,2897.00,3409633
7-Jan-10,2863.00,2870.50,2815.50,2844.00,4282331
6-Jan-10,2830.00,2874.00,2817.00,2863.50,4857196
5-Jan-10,2791.00,2845.00,2771.50,2815.00,3295842
4-Jan-10,2695.50,2780.00,2695.50,2769.50,4144889
