8-Nov-16,201.70,202.90,198.70,200.50,502190
7-Nov-16,199.50,201.50,198.10,201.00,838701
4-Nov-16,198.60,198.72,195.50,198.10,848773
3-Nov-16,198.30,205.90,197.20,200.40,1006656
2-Nov-16,199.50,199.70,197.00,199.30,961148
1-Nov-16,197.50,200.10,196.30,199.70,995108
31-Oct-16,200.10,201.72,196.90,197.80,712588
28-Oct-16,198.90,202.50,198.30,202.00,1086937
27-Oct-16,198.10,202.10,197.60,200.10,1381161
26-Oct-16,199.40,200.60,197.50,198.90,1218521
25-Oct-16,199.70,201.35,199.00,199.40,821986
24-Oct-16,201.40,202.00,198.90,199.40,640170
21-Oct-16,200.60,201.30,199.50,200.50,752377
20-Oct-16,202.40,202.50,199.20,200.80,564826
19-Oct-16,201.60,202.66,199.20,201.40,548581
18-Oct-16,200.40,203.50,198.70,200.80,1098005
17-Oct-16,202.30,202.50,199.60,200.00,739501
14-Oct-16,202.20,203.40,200.20,201.60,460725
13-Oct-16,203.60,205.20,199.50,201.00,681266
12-Oct-16,204.90,206.20,202.60,203.50,652978
11-Oct-16,201.40,205.50,201.10,204.70,726446
10-Oct-16,202.70,204.48,199.60,202.50,966487
7-Oct-16,210.50,210.60,203.70,204.00,977424
6-Oct-16,208.30,210.50,206.60,209.40,912828
5-Oct-16,214.80,215.40,208.90,209.90,1096544
4-Oct-16,212.40,222.10,211.60,216.00,1013762
3-Oct-16,210.30,213.38,209.10,212.40,730542
30-Sep-16,208.90,212.50,207.20,211.30,816867
29-Sep-16,211.90,213.50,209.30,211.10,1051789
28-Sep-16,202.00,211.38,195.60,207.20,1228309
27-Sep-16,212.40,213.50,207.00,210.00,556233
26-Sep-16,212.60,213.90,210.30,211.40,706289
23-Sep-16,212.70,213.04,208.00,212.80,960148
22-Sep-16,216.20,216.20,210.80,212.70,585725
21-Sep-16,218.50,219.60,214.80,215.50,597872
20-Sep-16,218.90,221.00,218.10,219.20,1386576
19-Sep-16,222.20,222.90,216.10,219.80,979158
16-Sep-16,218.70,222.00,216.70,221.70,1627778
15-Sep-16,216.90,219.34,214.60,219.10,976358
14-Sep-16,218.10,219.50,215.34,217.00,873294
13-Sep-16,221.50,221.71,216.50,219.10,560914
12-Sep-16,223.60,227.00,217.30,220.80,698507
9-Sep-16,226.10,229.60,225.32,225.70,603223
8-Sep-16,224.40,228.47,223.50,227.50,536630
7-Sep-16,223.70,225.10,221.00,223.50,495062
6-Sep-16,224.30,225.90,222.50,223.60,641852
5-Sep-16,219.50,226.00,219.50,224.60,652281
2-Sep-16,220.80,226.40,218.78,224.00,1115537
1-Sep-16,224.80,224.80,215.80,220.80,1356746
31-Aug-16,227.50,230.00,226.40,227.60,832423
30-Aug-16,227.00,229.06,225.20,228.10,1100509
26-Aug-16,228.40,230.35,224.20,227.40,429162
25-Aug-16,230.80,232.93,224.90,227.70,885382
24-Aug-16,226.50,232.60,224.20,232.20,558056
23-Aug-16,224.10,229.00,223.70,227.00,632719
22-Aug-16,222.70,226.60,219.50,222.80,711269
19-Aug-16,222.10,225.50,221.70,223.80,498395
18-Aug-16,220.80,222.70,220.10,222.50,552427
17-Aug-16,221.20,221.20,218.90,220.00,856708
16-Aug-16,216.40,221.00,215.90,219.10,879324
15-Aug-16,216.60,221.05,216.40,218.10,630516
12-Aug-16,209.60,218.30,209.60,218.00,605660
11-Aug-16,209.70,211.40,205.70,210.60,463704
10-Aug-16,212.60,213.50,209.20,210.80,550230
9-Aug-16,209.30,212.40,208.90,212.10,528795
8-Aug-16,211.50,213.90,209.80,209.90,655582
5-Aug-16,205.80,212.10,205.30,210.70,837600
4-Aug-16,199.30,207.90,199.30,204.20,899405
3-Aug-16,199.00,202.40,197.00,198.90,842219
2-Aug-16,202.70,203.86,197.30,200.00,867907
1-Aug-16,205.20,205.47,201.30,202.87,846644
29-Jul-16,208.10,208.10,200.70,203.00,1084351
28-Jul-16,209.00,213.20,205.95,206.30,610727
27-Jul-16,204.30,208.30,202.10,208.00,819835
26-Jul-16,202.50,203.50,200.09,203.20,699885
25-Jul-16,202.90,203.70,197.90,201.50,901210
22-Jul-16,203.50,204.38,197.40,199.70,1149635
21-Jul-16,205.10,206.60,201.30,203.40,608969
20-Jul-16,203.90,207.40,200.20,203.60,1580400
19-Jul-16,200.00,203.42,196.70,201.30,902273
18-Jul-16,205.50,208.30,201.00,202.20,788485
15-Jul-16,206.30,208.54,201.00,203.50,898655
14-Jul-16,205.90,209.39,204.50,205.40,1123267
13-Jul-16,210.10,213.70,204.20,204.20,1226468
12-Jul-16,203.20,211.40,202.40,209.50,1962883
11-Jul-16,202.70,204.60,196.70,202.40,2746442
8-Jul-16,196.10,200.40,193.80,199.10,2203859
7-Jul-16,198.50,200.80,195.77,197.30,1669947
6-Jul-16,204.50,204.50,195.10,196.00,2060495
5-Jul-16,205.50,208.70,198.70,198.70,1613692
4-Jul-16,215.80,221.97,208.98,209.00,1251578
1-Jul-16,225.40,225.50,206.60,212.23,2149241
30-Jun-16,226.20,233.50,222.40,230.68,1134030
29-Jun-16,223.80,227.90,218.20,226.50,1490219
28-Jun-16,202.20,219.40,201.40,218.30,1892037
27-Jun-16,234.20,234.20,194.80,197.50,2025224
24-Jun-16,240.70,245.30,229.30,234.90,1324884
23-Jun-16,254.60,259.80,249.18,257.70,508723
22-Jun-16,251.40,253.50,247.10,251.50,565493
21-Jun-16,246.90,255.40,244.40,249.90,1185300
20-Jun-16,246.30,249.20,241.70,246.40,1554895
17-Jun-16,236.80,243.50,234.40,242.50,3068664
16-Jun-16,239.40,239.40,230.40,233.70,1518133
15-Jun-16,236.10,237.50,233.20,234.30,1025681
14-Jun-16,245.70,247.40,234.00,234.50,1198582
13-Jun-16,250.90,251.00,247.70,248.20,844088
10-Jun-16,254.20,255.72,249.71,251.00,615409
9-Jun-16,259.70,259.70,252.20,255.40,527285
3-Jun-16,256.80,261.50,255.00,256.30,601405
2-Jun-16,254.80,258.90,254.20,257.80,630994
1-Jun-16,259.40,261.00,252.10,256.20,954632
31-May-16,258.90,260.30,256.30,258.20,1181088
27-May-16,256.50,258.30,254.10,258.30,849778
26-May-16,250.90,257.70,248.09,254.80,624981
25-May-16,251.30,254.00,240.60,252.50,1940083
24-May-16,253.90,356.40,252.50,256.80,604491
23-May-16,252.50,255.60,251.90,255.30,772139
20-May-16,252.50,254.00,249.90,253.10,348084
19-May-16,253.60,253.90,250.40,251.50,435905
18-May-16,248.90,253.50,248.90,253.00,701612
17-May-16,247.50,255.10,247.50,253.00,743458
16-May-16,246.20,248.10,242.30,247.90,946569
13-May-16,248.80,250.30,245.20,247.90,682385
12-May-16,252.80,252.90,248.70,250.50,626108
11-May-16,252.30,254.73,250.10,252.50,424411
10-May-16,260.00,260.10,250.20,253.40,969330
9-May-16,256.80,261.50,256.10,258.10,730010
6-May-16,259.40,262.10,255.50,257.80,754114
5-May-16,264.00,268.60,258.80,260.60,1305663
4-May-16,254.10,260.00,254.10,257.90,1092566
3-May-16,253.20,257.40,250.30,254.70,925798
29-Apr-16,259.10,261.90,255.10,257.50,864958
28-Apr-16,257.70,262.90,253.10,260.10,1174076
27-Apr-16,262.40,264.90,255.20,258.20,1726382
26-Apr-16,265.10,269.10,265.10,268.00,650334
25-Apr-16,265.70,270.43,263.50,266.50,514658
22-Apr-16,262.80,270.60,262.80,266.40,415445
21-Apr-16,263.90,269.40,263.90,267.30,810809
20-Apr-16,266.00,266.90,263.80,264.10,646130
19-Apr-16,265.40,267.80,259.54,266.30,582933
18-Apr-16,263.60,266.40,261.82,263.20,517387
15-Apr-16,266.80,267.50,264.30,266.20,610088
14-Apr-16,266.60,269.50,266.10,266.40,628276
13-Apr-16,259.50,267.30,259.50,266.70,643241
12-Apr-16,260.80,262.10,257.30,259.60,623863
11-Apr-16,262.50,264.30,259.90,262.00,699385
8-Apr-16,260.30,266.80,260.20,263.00,939130
7-Apr-16,260.60,262.71,258.40,259.30,674235
6-Apr-16,257.80,262.00,257.01,260.40,785397
5-Apr-16,263.30,263.40,254.30,258.80,1247918
4-Apr-16,255.00,269.50,254.90,263.20,1825182
1-Apr-16,250.70,251.90,248.34,250.59,516979
31-Mar-16,253.20,255.60,251.50,252.20,613740
30-Mar-16,253.60,255.00,251.41,253.50,659660
29-Mar-16,251.10,252.10,248.20,251.50,613869
24-Mar-16,252.80,252.80,248.60,248.90,799340
23-Mar-16,252.90,255.91,252.90,253.90,763953
22-Mar-16,256.10,256.10,249.40,254.30,1487496
21-Mar-16,259.30,261.30,256.80,257.20,842655
18-Mar-16,259.00,263.80,258.60,261.40,1740118
17-Mar-16,261.90,263.78,256.60,260.00,1015581
16-Mar-16,263.90,265.60,258.10,259.90,1369917
15-Mar-16,258.90,262.70,257.30,261.10,1353042
14-Mar-16,266.20,268.60,254.00,258.60,1742006
11-Mar-16,265.60,276.90,265.60,273.40,858708
10-Mar-16,271.60,277.10,269.10,269.10,868301
9-Mar-16,275.90,276.70,270.90,270.90,817003
8-Mar-16,275.30,279.20,273.12,276.50,756301
7-Mar-16,274.70,277.40,270.84,276.60,924346
4-Mar-16,267.10,278.50,265.90,275.80,1212890
3-Mar-16,271.80,275.00,266.50,266.50,1709408
2-Mar-16,272.90,280.80,272.90,277.30,1140941
1-Mar-16,271.10,274.70,269.90,274.00,938490
29-Feb-16,267.70,271.50,266.00,271.10,1228266
26-Feb-16,270.00,271.80,267.80,270.60,1051857
25-Feb-16,268.70,270.40,264.80,265.30,1664209
24-Feb-16,266.00,266.76,259.60,261.60,813327
23-Feb-16,266.30,270.30,266.00,266.20,676429
22-Feb-16,268.30,273.70,267.80,268.90,511559
19-Feb-16,269.20,269.20,263.80,267.50,601117
18-Feb-16,268.30,270.87,265.08,268.00,695466
17-Feb-16,257.70,267.70,257.70,266.40,723073
16-Feb-16,259.40,262.10,253.90,256.30,845208
15-Feb-16,260.90,262.86,258.50,259.40,650549
12-Feb-16,250.00,258.20,249.12,256.60,1019608
11-Feb-16,258.90,258.90,246.80,251.10,2039141
10-Feb-16,253.80,262.90,253.60,261.30,992480
9-Feb-16,254.70,259.80,250.70,254.60,1102709
8-Feb-16,268.50,268.50,254.90,256.80,784363
5-Feb-16,267.70,270.50,265.80,266.40,671798
4-Feb-16,263.70,267.10,261.10,266.70,934563
3-Feb-16,267.40,270.88,262.10,264.10,796723
2-Feb-16,280.30,280.30,268.18,269.40,726974
1-Feb-16,279.60,282.70,273.40,276.93,910441
29-Jan-16,279.30,280.70,272.40,277.90,991845
28-Jan-16,279.20,279.20,270.10,275.20,1133185
27-Jan-16,276.30,278.43,274.10,278.40,741238
26-Jan-16,275.20,276.10,271.70,275.30,682396
25-Jan-16,272.20,277.10,272.20,276.90,890004
22-Jan-16,269.60,275.30,263.20,273.50,759686
21-Jan-16,264.80,268.00,259.60,266.60,547504
20-Jan-16,264.00,265.50,260.54,261.20,641875
19-Jan-16,269.10,272.30,266.50,270.00,723527
18-Jan-16,267.00,270.10,264.30,265.20,679887
15-Jan-16,274.70,275.30,265.00,268.10,885898
14-Jan-16,274.40,276.30,269.50,273.20,916108
13-Jan-16,284.60,285.69,274.37,277.20,1112112
12-Jan-16,282.90,287.20,277.20,282.00,944243
11-Jan-16,282.60,285.40,280.06,282.00,766754
8-Jan-16,285.20,288.40,283.10,284.00,905295
7-Jan-16,292.30,293.31,285.40,287.20,990894
6-Jan-16,294.30,294.30,285.57,293.00,676788
5-Jan-16,297.40,299.71,291.80,291.90,518426
4-Jan-16,298.10,298.10,290.77,291.50,657935
31-Dec-15,296.80,299.40,293.84,296.30,105637
30-Dec-15,299.20,301.50,295.52,299.10,376543
29-Dec-15,296.70,299.19,296.53,298.10,447819
24-Dec-15,296.60,299.21,296.20,296.20,50198
23-Dec-15,297.00,299.00,295.10,299.00,402159
22-Dec-15,294.30,296.69,291.80,295.00,571474
21-Dec-15,296.30,297.90,294.55,294.90,848382
18-Dec-15,298.20,299.00,296.00,296.20,1310850
16-Dec-15,297.30,300.30,295.80,299.20,885998
15-Dec-15,299.00,299.21,291.00,297.60,1152799
14-Dec-15,304.70,309.75,295.00,295.30,999166
11-Dec-15,300.00,307.30,297.60,304.00,1571444
10-Dec-15,309.10,312.90,294.60,299.90,1957837
9-Dec-15,342.00,342.00,295.10,304.70,2923973
8-Dec-15,365.00,365.00,351.80,356.10,691249
7-Dec-15,356.90,364.30,353.40,362.90,447522
4-Dec-15,363.00,363.00,356.00,358.10,409130
3-Dec-15,361.40,365.30,360.00,361.20,510111
2-Dec-15,359.10,364.40,358.80,359.00,427037
1-Dec-15,355.50,362.50,354.40,359.40,443057
30-Nov-15,352.70,356.90,350.49,355.80,487274
27-Nov-15,349.40,355.60,349.20,354.10,255602
26-Nov-15,345.30,352.70,345.30,352.60,466373
25-Nov-15,339.90,348.70,339.40,346.30,540707
24-Nov-15,348.80,348.80,336.00,341.90,437670
23-Nov-15,345.50,349.40,345.50,347.00,279977
20-Nov-15,351.00,351.40,346.90,348.00,459795
19-Nov-15,347.70,351.40,345.49,351.20,381816
18-Nov-15,343.70,347.00,342.40,345.40,370963
17-Nov-15,344.60,347.70,342.80,345.90,669226
16-Nov-15,339.90,341.00,334.10,339.20,446827
13-Nov-15,344.30,346.90,340.90,342.40,488173
12-Nov-15,351.80,352.73,345.00,347.40,452949
11-Nov-15,351.90,356.30,350.20,353.70,444160
10-Nov-15,355.10,358.22,347.20,350.10,572532
9-Nov-15,362.10,365.25,354.40,355.30,584621
6-Nov-15,360.40,365.00,358.00,363.50,688653
5-Nov-15,362.90,365.10,355.50,360.00,686162
4-Nov-15,368.00,368.80,357.50,362.80,1423758
3-Nov-15,352.10,378.50,352.10,367.90,1376342
2-Nov-15,345.10,355.90,344.30,353.30,529289
30-Oct-15,342.50,346.00,341.20,346.00,583653
29-Oct-15,343.60,345.50,341.70,342.20,463399
28-Oct-15,343.50,345.90,339.80,344.60,328087
27-Oct-15,348.90,348.90,341.90,342.20,450078
26-Oct-15,352.60,352.60,346.80,348.00,502209
23-Oct-15,348.20,350.80,346.60,350.70,465809
22-Oct-15,350.70,350.70,344.50,347.20,474599
21-Oct-15,338.30,352.40,338.30,350.70,681618
20-Oct-15,332.60,341.80,331.05,340.10,479587
19-Oct-15,334.40,335.60,328.32,332.00,382206
16-Oct-15,333.10,338.00,333.10,334.90,461137
15-Oct-15,339.00,339.10,332.70,332.70,475002
14-Oct-15,343.30,344.52,336.60,337.50,478881
13-Oct-15,346.20,349.45,343.20,344.20,435369
12-Oct-15,350.20,351.20,347.90,348.40,475838
9-Oct-15,341.10,355.70,340.70,350.10,1095560
8-Oct-15,328.10,340.50,328.10,339.50,765255
7-Oct-15,340.30,340.80,326.80,327.10,815259
6-Oct-15,339.10,340.90,336.50,339.50,460501
5-Oct-15,334.10,340.80,334.10,338.90,492938
2-Oct-15,339.50,341.21,335.10,337.00,417972
1-Oct-15,339.00,339.80,337.30,337.30,449458
30-Sep-15,337.00,339.80,335.60,337.60,624957
29-Sep-15,335.30,337.30,333.10,333.60,606871
28-Sep-15,338.40,340.10,337.09,337.70,305016
25-Sep-15,342.60,343.50,338.20,339.30,423833
24-Sep-15,339.90,341.80,337.90,338.80,377628
23-Sep-15,336.10,342.10,336.00,339.70,343106
22-Sep-15,347.80,347.80,335.80,337.40,641187
21-Sep-15,340.70,350.60,340.70,340.80,293359
18-Sep-15,344.90,349.71,341.90,342.00,787167
17-Sep-15,347.40,348.80,346.30,347.00,788822
16-Sep-15,344.60,352.50,344.60,346.70,720121
15-Sep-15,350.90,351.00,343.20,345.20,1004260
14-Sep-15,360.10,360.10,353.60,354.80,274594
11-Sep-15,360.00,360.00,353.10,357.00,601958
10-Sep-15,356.70,361.40,348.85,359.70,476207
9-Sep-15,362.10,362.18,350.96,357.80,394725
8-Sep-15,357.60,361.70,356.20,356.40,574316
7-Sep-15,361.30,363.70,355.80,357.00,481035
4-Sep-15,361.30,362.30,359.40,359.50,499886
3-Sep-15,364.10,366.10,361.86,365.10,554085
2-Sep-15,364.50,364.50,358.60,361.90,692187
1-Sep-15,361.80,364.70,357.80,362.00,826908
28-Aug-15,359.70,364.50,359.00,362.90,775005
27-Aug-15,358.40,366.62,357.50,359.70,637016
26-Aug-15,370.20,373.62,360.10,365.00,1343916
25-Aug-15,366.40,375.70,361.22,374.20,941907
24-Aug-15,376.50,378.60,363.90,371.10,662438
21-Aug-15,392.10,393.40,383.90,383.90,535223
20-Aug-15,397.00,399.90,394.70,395.40,430008
19-Aug-15,400.50,402.70,397.80,398.60,348943
18-Aug-15,401.00,403.00,399.60,401.50,439011
17-Aug-15,401.80,402.70,398.90,401.20,369424
14-Aug-15,401.80,405.30,399.00,399.00,720960
13-Aug-15,395.10,402.00,393.20,401.40,1009371
12-Aug-15,392.70,394.00,386.30,392.20,707612
11-Aug-15,390.40,393.10,388.34,390.70,322176
10-Aug-15,390.90,392.90,386.50,392.90,279526
7-Aug-15,389.20,389.60,385.80,388.20,385553
6-Aug-15,390.60,390.60,386.70,390.10,625534
5-Aug-15,389.10,389.80,385.10,387.30,512998
4-Aug-15,391.20,391.20,387.20,389.10,626295
3-Aug-15,390.10,391.80,389.20,389.00,338277
31-Jul-15,389.40,391.20,387.27,391.00,483057
30-Jul-15,389.70,390.60,385.60,387.50,339701
29-Jul-15,390.60,392.00,385.29,387.20,456228
28-Jul-15,391.50,393.10,389.70,390.60,440315
27-Jul-15,396.60,396.70,390.70,390.70,500508
24-Jul-15,398.00,402.10,395.30,396.00,469212
23-Jul-15,402.20,403.80,398.50,399.90,417832
22-Jul-15,398.40,406.20,398.20,401.30,953135
21-Jul-15,402.40,402.40,397.50,399.50,516981
20-Jul-15,400.10,402.60,399.20,401.20,589340
17-Jul-15,396.80,400.30,396.20,399.40,451127
16-Jul-15,394.60,398.40,394.60,397.50,455927
15-Jul-15,394.20,396.90,391.80,395.00,510722
14-Jul-15,397.20,397.90,391.50,394.80,548134
13-Jul-15,390.00,398.60,385.80,396.20,1514378
10-Jul-15,398.60,398.60,393.90,394.80,456216
9-Jul-15,391.50,394.20,390.86,393.20,536078
8-Jul-15,397.10,397.10,389.30,391.10,648329
7-Jul-15,398.00,401.90,393.90,394.20,1132120
6-Jul-15,398.50,405.00,398.40,403.40,588225
3-Jul-15,400.30,404.50,397.00,403.90,732498
2-Jul-15,402.30,403.18,398.10,399.40,1093824
1-Jul-15,400.00,402.60,396.80,400.00,1220020
30-Jun-15,408.50,409.11,402.40,405.00,1360419
29-Jun-15,408.10,412.40,405.72,409.10,887663
26-Jun-15,417.90,418.47,413.90,416.40,849199
25-Jun-15,418.50,420.20,414.70,419.60,885754
24-Jun-15,414.00,417.90,404.20,417.00,1620419
23-Jun-15,411.20,411.20,405.60,406.60,581886
22-Jun-15,411.00,414.62,406.60,408.30,925438
19-Jun-15,404.20,408.40,404.20,406.60,961708
18-Jun-15,403.60,405.80,401.70,403.10,900825
17-Jun-15,397.30,404.10,397.30,403.00,836441
16-Jun-15,401.90,401.90,393.00,397.70,878045
15-Jun-15,402.20,402.40,397.97,401.00,563032
12-Jun-15,398.90,405.10,398.90,404.70,548446
11-Jun-15,406.30,406.30,400.70,402.40,736183
10-Jun-15,406.00,407.00,403.30,404.30,941804
9-Jun-15,400.40,404.10,399.20,403.10,367387
8-Jun-15,400.20,402.70,399.50,400.90,404936
5-Jun-15,406.80,406.80,400.07,401.80,535067
4-Jun-15,412.20,412.20,405.30,406.60,438237
3-Jun-15,410.00,413.70,407.70,411.10,884001
2-Jun-15,408.10,410.00,401.91,408.60,702617
1-Jun-15,406.20,407.00,402.80,404.80,411831
29-May-15,401.90,406.10,401.20,404.50,1206181
28-May-15,403.10,405.50,401.60,402.60,488892
27-May-15,399.30,406.70,399.30,405.10,473057
26-May-15,397.40,406.28,397.40,399.80,389666
22-May-15,399.30,401.40,397.60,399.90,632651
21-May-15,396.10,400.80,396.10,398.60,573899
20-May-15,404.50,405.25,398.30,399.60,701676
19-May-15,404.80,406.72,403.00,404.30,536855
18-May-15,399.40,403.40,397.50,403.10,865190
15-May-15,398.40,400.99,397.70,398.50,817553
14-May-15,397.50,398.70,393.21,398.40,1169874
13-May-15,402.30,402.30,395.80,396.80,1521835
12-May-15,400.20,400.60,394.80,400.00,2144503
11-May-15,400.70,406.20,399.50,404.65,2661241
8-May-15,412.80,437.90,385.90,398.30,3254603
7-May-15,364.60,374.80,363.00,373.60,1804943
6-May-15,362.50,369.40,361.70,369.10,1585791
5-May-15,370.00,370.00,362.60,364.10,2161875
1-May-15,363.50,364.90,358.60,364.60,441011
30-Apr-15,365.80,365.97,358.50,363.10,1232163
29-Apr-15,359.00,369.10,352.50,365.00,1981434
28-Apr-15,376.60,377.00,363.40,366.50,1283711
27-Apr-15,377.80,377.80,372.60,375.80,771613
24-Apr-15,378.30,378.30,375.07,375.10,599828
23-Apr-15,377.40,380.10,373.10,375.50,1174843
22-Apr-15,376.80,378.10,372.50,375.00,927977
21-Apr-15,372.40,376.30,371.41,375.10,992316
20-Apr-15,372.70,372.90,368.50,371.00,754027
17-Apr-15,371.90,373.50,367.40,370.00,1050839
16-Apr-15,372.50,374.50,368.21,374.50,1413670
15-Apr-15,375.00,377.00,373.60,374.30,691148
14-Apr-15,376.20,378.70,372.70,375.50,1164803
13-Apr-15,371.00,378.30,369.90,377.10,934704
10-Apr-15,365.10,371.00,363.31,371.00,932199
9-Apr-15,367.00,367.00,361.40,363.30,384530
8-Apr-15,366.90,373.50,359.90,363.80,1152751
7-Apr-15,353.70,360.80,353.70,360.60,573826
2-Apr-15,353.00,354.90,351.50,353.10,401955
1-Apr-15,347.40,353.32,347.40,350.80,451607
31-Mar-15,352.90,357.90,347.40,349.20,1089675
30-Mar-15,353.40,355.10,350.10,354.90,927348
27-Mar-15,358.00,362.00,349.90,350.60,653105
26-Mar-15,358.00,361.50,352.60,359.10,1163920
25-Mar-15,357.90,358.95,352.00,356.10,637192
24-Mar-15,359.00,359.50,355.90,356.10,511114
23-Mar-15,360.20,360.20,355.07,357.70,550951
20-Mar-15,358.60,359.90,356.01,359.40,1435701
19-Mar-15,348.70,360.20,348.51,358.00,1129512
18-Mar-15,341.90,348.10,337.48,347.50,714898
17-Mar-15,341.30,345.00,337.85,341.00,590500
16-Mar-15,345.10,345.68,340.82,342.30,388132
13-Mar-15,341.10,342.70,339.80,342.70,502465
12-Mar-15,334.80,342.30,334.80,340.00,596507
11-Mar-15,338.60,340.40,336.50,337.10,747507
10-Mar-15,341.00,343.88,335.40,336.00,586036
9-Mar-15,340.50,344.30,335.82,342.80,762371
6-Mar-15,340.20,340.90,335.80,340.00,668747
5-Mar-15,337.90,341.90,335.40,339.60,661647
4-Mar-15,341.70,342.10,331.60,337.60,1180457
3-Mar-15,343.20,344.07,337.00,340.80,883278
2-Mar-15,339.30,339.73,334.36,337.60,900365
27-Feb-15,339.80,341.20,335.34,338.00,888259
26-Feb-15,339.10,342.50,336.70,338.00,590330
25-Feb-15,337.70,339.20,335.94,339.10,426474
24-Feb-15,340.00,341.50,335.90,336.30,725909
23-Feb-15,343.10,343.80,338.10,340.00,445143
20-Feb-15,338.50,341.70,335.20,341.00,605455
19-Feb-15,338.50,339.20,335.50,336.80,662371
18-Feb-15,344.60,347.33,337.10,337.30,777814
17-Feb-15,340.00,344.90,338.60,343.10,839801
16-Feb-15,345.90,349.80,342.80,344.70,246801
13-Feb-15,345.00,349.40,344.40,345.50,949731
12-Feb-15,341.90,346.20,340.20,346.10,583160
11-Feb-15,344.00,345.10,338.30,341.10,493992
10-Feb-15,341.00,345.20,340.50,342.60,478799
9-Feb-15,341.50,343.50,332.80,340.90,497874
6-Feb-15,341.20,344.70,337.92,341.50,424924
5-Feb-15,339.80,344.30,339.80,343.80,433900
4-Feb-15,343.40,347.70,342.60,346.60,507132
3-Feb-15,343.00,348.90,343.00,346.10,465855
2-Feb-15,343.80,344.55,338.80,343.80,437367
30-Jan-15,345.20,346.90,341.40,342.20,375282
29-Jan-15,341.70,346.25,338.54,345.90,288529
28-Jan-15,347.00,348.54,343.60,344.10,438777
27-Jan-15,344.50,348.60,344.40,347.30,681505
26-Jan-15,344.90,349.20,344.30,346.00,772071
23-Jan-15,352.10,352.20,342.40,343.80,552338
22-Jan-15,350.60,352.27,344.40,349.40,562001
21-Jan-15,349.10,352.70,348.70,348.70,447410
20-Jan-15,350.40,354.90,350.36,351.30,390143
19-Jan-15,355.30,357.90,350.70,352.10,337664
16-Jan-15,357.50,358.52,352.30,355.80,459506
15-Jan-15,358.30,361.00,355.20,358.00,575367
14-Jan-15,358.80,363.00,356.80,358.90,738722
13-Jan-15,360.50,363.70,360.30,362.90,557877
12-Jan-15,354.30,359.20,350.70,359.00,740403
9-Jan-15,357.10,358.10,348.00,351.80,1106026
8-Jan-15,364.00,365.20,361.20,363.20,542665
7-Jan-15,367.10,367.10,362.40,363.00,652310
6-Jan-15,367.90,371.70,363.00,364.40,653755
5-Jan-15,368.50,371.00,365.73,366.30,522490
31-Dec-14,361.40,370.60,356.77,370.60,80611
30-Dec-14,364.70,368.10,362.70,362.80,340067
29-Dec-14,361.00,371.86,361.00,367.70,351139
24-Dec-14,362.50,374.40,362.50,371.40,77714
23-Dec-14,373.00,373.00,368.40,370.50,299616
22-Dec-14,371.60,372.80,367.30,369.70,511100
19-Dec-14,366.50,370.10,362.30,368.00,1401946
18-Dec-14,363.70,364.00,358.70,362.20,1051551
17-Dec-14,366.00,366.00,357.30,358.40,797898
16-Dec-14,361.70,367.00,359.00,367.00,788916
15-Dec-14,367.60,371.90,362.20,362.20,878185
12-Dec-14,374.10,377.00,368.70,368.80,597118
11-Dec-14,382.00,386.70,377.00,378.30,1154640
10-Dec-14,410.60,410.60,368.19,379.20,1514054
9-Dec-14,412.20,412.77,406.80,407.40,622180
8-Dec-14,409.30,414.94,407.10,411.40,529436
5-Dec-14,408.00,413.60,407.50,410.10,732285
4-Dec-14,411.50,412.40,406.60,406.60,816640
3-Dec-14,409.10,410.30,404.34,407.90,792974
2-Dec-14,410.00,412.75,405.10,410.90,518128
1-Dec-14,409.00,416.90,403.70,408.00,822502
28-Nov-14,402.40,405.40,396.40,405.30,1119000
27-Nov-14,395.10,406.50,389.31,400.40,1760815
26-Nov-14,374.60,377.00,369.70,370.00,504125
25-Nov-14,365.10,373.50,362.75,373.50,699364
24-Nov-14,367.00,367.00,359.80,362.40,667526
21-Nov-14,369.00,372.41,366.20,368.10,382503
20-Nov-14,373.20,373.20,366.40,370.00,446532
19-Nov-14,371.80,372.50,369.10,370.60,360622
18-Nov-14,366.70,371.10,365.55,370.90,478666
17-Nov-14,366.50,371.20,361.16,369.00,380140
14-Nov-14,372.80,372.80,368.30,369.50,292646
13-Nov-14,370.70,372.71,367.80,370.60,329757
12-Nov-14,370.30,371.00,366.70,368.60,487266
11-Nov-14,369.00,372.10,368.50,368.90,410496
10-Nov-14,367.10,370.20,366.53,369.00,453720
7-Nov-14,373.30,376.90,368.80,369.00,444659
6-Nov-14,375.00,377.00,369.20,373.30,1043324
5-Nov-14,379.20,380.00,377.00,378.40,640212
4-Nov-14,377.10,385.70,376.20,377.50,531219
3-Nov-14,385.60,388.86,374.00,377.20,1208114
31-Oct-14,400.00,400.00,386.00,387.00,821661
30-Oct-14,392.40,396.90,390.32,395.60,619898
29-Oct-14,394.10,394.30,385.60,391.50,851053
28-Oct-14,386.60,392.11,386.60,390.50,631803
27-Oct-14,391.70,393.57,384.10,386.00,558195
24-Oct-14,388.80,392.20,385.42,391.60,274685
23-Oct-14,389.10,391.90,384.80,390.40,380496
22-Oct-14,388.10,389.00,386.07,388.50,490358
21-Oct-14,378.40,387.70,378.20,387.20,725049
20-Oct-14,379.10,380.60,376.20,380.30,442948
17-Oct-14,374.30,381.50,374.30,376.30,407814
16-Oct-14,371.00,376.50,365.40,374.10,752311
15-Oct-14,373.00,383.40,369.60,371.00,814481
14-Oct-14,367.40,375.30,365.70,374.90,483379
13-Oct-14,372.70,379.32,368.20,369.00,477860
10-Oct-14,371.20,379.10,366.82,375.00,582440
9-Oct-14,376.80,376.80,370.10,373.40,631697
8-Oct-14,374.90,374.90,364.10,371.80,470306
7-Oct-14,372.10,372.10,368.00,369.30,488979
6-Oct-14,372.50,375.20,371.20,372.10,266115
3-Oct-14,366.90,372.50,365.70,371.10,309329
2-Oct-14,367.20,367.70,362.20,364.90,563351
1-Oct-14,368.00,370.70,365.50,367.10,553702
30-Sep-14,366.20,370.40,363.87,368.80,375915
29-Sep-14,363.20,365.60,361.15,365.10,126482
26-Sep-14,364.00,364.77,360.90,362.60,195571
25-Sep-14,368.20,369.90,361.50,364.00,345879
24-Sep-14,366.10,366.80,363.60,366.10,387095
23-Sep-14,373.30,373.30,365.00,365.00,392335
22-Sep-14,373.70,374.40,371.00,372.30,416448
19-Sep-14,373.80,380.90,368.99,375.00,935713
18-Sep-14,367.40,370.20,365.40,369.80,416474
17-Sep-14,368.90,368.90,365.90,367.60,358375
16-Sep-14,366.90,367.60,360.10,367.60,324074
15-Sep-14,364.30,368.80,364.30,366.20,338775
12-Sep-14,366.00,369.40,365.10,367.20,261595
11-Sep-14,368.30,369.70,362.88,366.80,533893
10-Sep-14,366.00,366.00,362.90,364.80,1234077
9-Sep-14,359.10,366.10,359.10,365.00,757447
8-Sep-14,367.00,367.00,359.00,360.50,494713
5-Sep-14,366.80,368.40,364.88,366.80,267359
4-Sep-14,369.00,369.10,365.00,367.80,237444
3-Sep-14,368.40,370.81,365.00,368.30,363235
2-Sep-14,367.40,367.40,363.55,364.90,240876
1-Sep-14,367.00,368.60,363.86,367.10,190758
29-Aug-14,366.20,366.20,362.90,366.00,493534
28-Aug-14,364.10,365.30,360.80,363.50,342750
27-Aug-14,359.80,365.00,359.70,363.60,267863
26-Aug-14,364.90,366.70,359.10,365.20,553587
22-Aug-14,355.90,359.50,354.50,359.50,170295
21-Aug-14,354.30,357.80,352.80,357.00,210139
20-Aug-14,361.30,361.30,352.90,353.10,377586
19-Aug-14,360.20,364.80,357.88,359.70,139614
18-Aug-14,359.10,360.70,357.40,358.10,135186
15-Aug-14,358.20,364.60,355.10,355.10,378464
14-Aug-14,351.60,359.90,351.60,356.40,280371
13-Aug-14,349.90,353.50,348.40,351.00,168591
12-Aug-14,347.80,350.80,345.00,349.60,146658
11-Aug-14,348.80,348.80,347.00,347.20,144151
8-Aug-14,345.30,346.40,341.40,345.50,169629
7-Aug-14,345.30,348.60,341.30,347.60,192472
6-Aug-14,354.10,354.10,339.22,344.20,422281
5-Aug-14,356.10,356.50,354.20,354.70,285274
4-Aug-14,360.80,361.00,353.90,355.00,351803
1-Aug-14,356.50,363.80,348.60,360.20,370364
31-Jul-14,364.80,364.80,354.41,355.70,245293
30-Jul-14,363.80,365.60,360.44,363.10,164160
29-Jul-14,363.10,366.00,360.53,361.40,184181
28-Jul-14,367.60,367.60,359.50,361.70,195886
25-Jul-14,368.60,369.86,365.60,365.60,170790
24-Jul-14,370.10,370.10,366.50,366.50,228535
23-Jul-14,368.00,370.10,367.86,369.60,180856
22-Jul-14,367.00,368.40,363.70,368.00,240542
21-Jul-14,369.50,369.50,363.10,365.10,256923
18-Jul-14,370.10,370.40,363.60,368.60,276366
17-Jul-14,373.90,373.90,368.90,370.10,217294
16-Jul-14,368.60,374.80,367.90,374.80,173176
15-Jul-14,372.10,377.10,367.30,368.10,219957
14-Jul-14,372.10,372.20,368.60,371.80,136913
11-Jul-14,369.90,374.40,369.20,370.40,166379
10-Jul-14,368.50,369.30,362.20,368.90,323643
9-Jul-14,376.50,376.50,366.60,368.09,441978
8-Jul-14,378.30,380.83,373.70,374.30,496498
7-Jul-14,384.20,384.40,378.70,379.90,183319
4-Jul-14,385.00,385.50,382.00,383.50,211526
3-Jul-14,385.90,388.40,384.50,385.20,387463
2-Jul-14,379.80,385.60,379.80,385.00,447249
1-Jul-14,376.10,381.80,371.54,381.50,575005
30-Jun-14,382.10,382.10,376.00,376.00,673065
27-Jun-14,382.30,382.30,377.20,380.70,448528
26-Jun-14,377.10,382.60,377.10,380.10,542487
25-Jun-14,375.10,380.80,374.70,377.50,373822
24-Jun-14,381.60,382.10,373.40,377.50,428344
23-Jun-14,377.40,382.40,374.32,381.30,355583
20-Jun-14,372.30,380.18,372.30,379.40,439806
19-Jun-14,371.00,376.50,370.40,373.80,363486
18-Jun-14,372.00,372.00,367.10,367.50,302233
17-Jun-14,368.70,373.70,368.60,370.00,363100
16-Jun-14,372.20,372.20,365.10,369.00,310368
13-Jun-14,377.60,377.60,368.50,371.50,335533
12-Jun-14,378.10,380.70,377.90,379.30,114157
11-Jun-14,378.50,380.90,377.00,379.60,325704
10-Jun-14,385.40,385.40,380.20,380.30,286847
9-Jun-14,387.10,387.10,382.66,383.70,140847
6-Jun-14,385.10,385.30,381.80,385.30,265225
5-Jun-14,382.80,384.00,380.30,381.50,244374
4-Jun-14,380.80,382.30,378.17,381.22,293615
3-Jun-14,392.10,392.10,377.90,379.12,383026
2-Jun-14,390.30,391.90,388.20,389.12,327565
30-May-14,384.70,389.72,383.16,389.72,390025
29-May-14,385.00,388.00,382.60,384.70,238530
28-May-14,385.20,388.80,382.00,384.42,373632
27-May-14,380.60,387.70,378.86,385.10,334721
23-May-14,377.50,384.30,374.30,378.50,578267
22-May-14,370.80,379.30,370.80,378.50,504342
21-May-14,367.40,372.30,364.70,371.30,288710
20-May-14,358.30,369.60,358.30,366.70,444933
19-May-14,357.30,359.90,354.01,359.72,379541
16-May-14,366.80,367.50,351.90,356.42,605424
15-May-14,372.40,373.99,363.80,364.52,359930
14-May-14,365.40,374.40,365.40,372.40,371059
13-May-14,371.30,372.20,365.40,366.70,420904
12-May-14,367.60,369.20,361.96,368.50,240645
9-May-14,366.40,367.40,364.00,365.50,383564
8-May-14,369.60,371.54,368.20,369.10,415305
7-May-14,369.20,371.30,367.60,369.30,870494
6-May-14,371.10,373.40,368.55,370.10,846741
2-May-14,370.20,373.70,369.70,371.00,468852
1-May-14,371.00,375.00,368.70,372.40,345641
30-Apr-14,373.60,376.60,369.65,371.00,1159155
29-Apr-14,374.00,378.00,372.00,376.60,684798
28-Apr-14,374.00,376.00,371.00,373.90,358600
25-Apr-14,377.00,378.00,373.10,374.10,264350
24-Apr-14,378.00,380.00,373.80,376.00,541009
23-Apr-14,379.90,380.96,375.10,375.30,337754
22-Apr-14,378.00,384.50,375.86,381.00,511465
17-Apr-14,372.00,378.00,372.00,376.40,337133
16-Apr-14,375.00,375.00,370.00,374.50,433343
15-Apr-14,374.90,376.20,370.00,372.00,393610
14-Apr-14,372.70,374.40,370.00,373.00,1042175
11-Apr-14,375.00,376.88,370.10,372.50,366214
10-Apr-14,379.70,381.50,376.00,379.30,218894
9-Apr-14,379.70,380.90,377.20,378.40,431213
8-Apr-14,377.80,379.40,376.28,377.80,528545
7-Apr-14,377.70,380.00,376.70,379.00,400235
4-Apr-14,378.00,381.48,378.00,379.20,177603
3-Apr-14,377.60,380.70,375.60,380.20,606227
2-Apr-14,388.90,390.20,378.00,378.00,755656
1-Apr-14,396.60,400.40,389.50,390.60,665214
31-Mar-14,393.60,394.70,389.02,394.70,399620
28-Mar-14,392.00,392.10,388.20,389.80,328530
27-Mar-14,387.60,390.31,386.10,388.80,281085
26-Mar-14,383.80,391.80,383.80,390.60,326502
25-Mar-14,378.30,385.10,377.31,385.10,372705
24-Mar-14,387.10,389.00,377.20,377.80,328903
21-Mar-14,391.80,393.80,385.10,388.10,622352
20-Mar-14,390.80,392.51,387.70,391.80,531039
19-Mar-14,399.60,401.40,393.00,394.00,376005
18-Mar-14,396.10,398.50,391.80,396.60,351429
17-Mar-14,394.60,398.90,391.80,397.60,263360
14-Mar-14,391.90,397.40,391.20,393.50,516276
13-Mar-14,397.60,398.10,394.10,395.00,597371
12-Mar-14,399.00,401.20,395.50,395.60,481843
11-Mar-14,391.20,399.30,390.00,399.30,417074
10-Mar-14,388.80,393.10,387.70,389.60,427590
7-Mar-14,392.40,393.00,389.30,390.20,487927
6-Mar-14,387.40,394.50,387.40,393.30,321202
5-Mar-14,386.30,389.40,386.10,388.00,479106
4-Mar-14,386.30,388.40,383.60,388.00,456114
3-Mar-14,382.10,385.50,382.10,383.50,443458
28-Feb-14,386.90,390.30,385.20,390.00,583146
27-Feb-14,382.40,389.90,382.40,386.60,662850
26-Feb-14,381.00,391.60,381.00,384.00,638757
25-Feb-14,377.80,384.70,376.20,381.80,710476
24-Feb-14,377.00,380.60,374.40,380.60,262839
21-Feb-14,374.40,377.60,372.40,377.00,343469
20-Feb-14,371.10,374.00,369.30,372.50,396731
19-Feb-14,373.40,376.10,369.40,374.30,459787
18-Feb-14,371.00,376.10,370.10,375.00,427832
17-Feb-14,369.00,373.40,369.00,371.70,317245
14-Feb-14,369.80,373.70,369.10,369.10,478774
13-Feb-14,365.80,370.00,363.10,370.00,476276
12-Feb-14,366.80,371.00,363.00,369.10,900426
11-Feb-14,363.00,367.70,362.80,364.90,454786
10-Feb-14,364.30,366.60,363.10,363.10,366515
7-Feb-14,365.90,367.60,364.40,365.50,273479
6-Feb-14,364.10,366.80,360.10,365.90,241200
5-Feb-14,357.90,361.70,357.10,360.00,448780
4-Feb-14,361.40,365.30,360.20,361.50,300591
3-Feb-14,362.40,369.70,362.00,366.74,484969
31-Jan-14,362.30,366.30,360.00,363.80,501973
30-Jan-14,363.80,364.80,360.00,364.30,219339
29-Jan-14,367.90,367.90,360.20,362.00,432799
28-Jan-14,358.20,365.20,358.20,362.90,313701
27-Jan-14,366.10,366.10,357.60,358.40,377848
24-Jan-14,375.20,379.80,364.50,364.50,403303
23-Jan-14,371.20,374.40,371.20,373.30,380150
22-Jan-14,377.30,379.40,372.60,373.50,322084
21-Jan-14,374.80,377.10,372.10,376.70,355195
20-Jan-14,373.20,377.50,371.10,374.70,202837
17-Jan-14,379.20,382.00,370.90,372.20,372798
16-Jan-14,378.00,381.10,377.20,378.20,477928
15-Jan-14,376.30,377.50,374.20,374.20,308528
14-Jan-14,372.90,378.50,372.90,375.80,371944
13-Jan-14,374.00,378.30,374.00,376.70,357506
10-Jan-14,367.90,376.10,365.70,373.80,308455
9-Jan-14,369.60,369.60,363.70,365.20,394754
8-Jan-14,373.50,373.50,366.90,368.30,187901
7-Jan-14,375.10,375.10,370.50,370.50,249401
6-Jan-14,370.70,376.00,368.80,373.30,212028
3-Jan-14,368.60,372.10,368.20,370.00,478143
2-Jan-14,379.00,379.00,369.80,369.80,387435
31-Dec-13,376.60,378.40,370.40,378.40,159549
30-Dec-13,373.00,376.90,373.00,374.30,132035
27-Dec-13,368.20,375.50,368.20,375.50,184993
24-Dec-13,373.50,373.50,367.30,367.30,53531
23-Dec-13,369.20,373.50,369.20,371.80,248603
20-Dec-13,372.40,376.70,369.10,370.00,765833
19-Dec-13,370.40,376.80,370.40,372.90,320081
18-Dec-13,365.10,369.40,365.10,366.80,397393
17-Dec-13,365.00,367.50,362.90,365.00,497671
16-Dec-13,365.20,369.60,364.50,369.60,431382
13-Dec-13,367.40,369.50,366.10,366.50,278265
12-Dec-13,370.50,371.80,366.90,368.20,381705
11-Dec-13,368.40,376.50,361.10,372.00,717166
10-Dec-13,364.30,366.00,359.00,361.80,451238
9-Dec-13,369.10,371.00,363.00,366.10,297286
6-Dec-13,360.90,367.90,359.20,367.60,456118
5-Dec-13,364.00,365.80,360.20,362.10,369624
4-Dec-13,360.50,364.10,359.10,363.10,274833
3-Dec-13,370.10,370.10,358.20,358.40,388551
2-Dec-13,366.00,369.80,361.70,369.80,456693
29-Nov-13,365.20,369.80,365.20,365.60,351736
28-Nov-13,360.30,366.00,359.10,365.20,576739
27-Nov-13,358.60,359.30,356.40,359.30,310728
26-Nov-13,353.80,359.70,353.40,359.70,793240
25-Nov-13,358.20,358.40,355.30,355.30,391107
22-Nov-13,353.80,355.30,351.70,355.20,345272
21-Nov-13,355.10,357.70,352.60,353.30,944253
20-Nov-13,353.80,354.80,349.90,351.30,237178
19-Nov-13,353.80,356.00,353.80,355.40,269214
18-Nov-13,355.80,358.20,352.90,355.50,362356
15-Nov-13,352.70,355.00,350.90,355.00,680843
14-Nov-13,354.70,355.80,351.30,352.90,163665
13-Nov-13,354.20,354.20,348.80,352.70,345051
12-Nov-13,356.10,356.10,353.40,354.70,404236
11-Nov-13,353.90,355.80,351.70,355.20,115533
8-Nov-13,354.00,355.10,349.30,352.80,209475
7-Nov-13,352.00,355.40,350.90,355.10,418084
6-Nov-13,346.30,351.10,346.30,351.00,416128
5-Nov-13,350.20,351.00,344.30,347.60,276966
4-Nov-13,350.50,354.70,350.00,350.00,513054
1-Nov-13,350.90,352.20,348.10,351.60,396374
31-Oct-13,352.00,354.10,351.00,352.00,704695
30-Oct-13,344.00,352.40,341.90,352.40,1089705
29-Oct-13,334.50,343.20,332.40,343.20,536031
28-Oct-13,337.90,337.90,332.40,334.20,246955
25-Oct-13,341.20,341.20,336.70,337.10,215836
24-Oct-13,343.90,343.90,341.10,342.50,260696
23-Oct-13,339.50,342.70,-,342.10,321620
22-Oct-13,337.40,343.10,336.10,340.50,306878
21-Oct-13,332.50,339.30,332.30,337.90,202602
18-Oct-13,332.60,333.90,330.00,332.70,318948
17-Oct-13,331.40,333.20,329.30,331.60,214369
16-Oct-13,331.60,334.40,329.00,334.40,173717
15-Oct-13,336.00,336.10,329.60,332.40,360556
14-Oct-13,334.20,335.10,332.10,334.10,128252
11-Oct-13,331.10,334.40,329.70,333.70,344628
10-Oct-13,323.90,331.20,322.70,331.20,407969
9-Oct-13,326.60,326.90,321.60,322.40,451723
8-Oct-13,327.00,329.70,327.00,328.20,319460
7-Oct-13,330.60,330.60,325.80,327.90,313520
4-Oct-13,329.60,332.20,329.10,329.50,212520
3-Oct-13,329.40,331.20,329.00,329.30,257803
2-Oct-13,331.80,332.60,328.50,329.40,505596
1-Oct-13,330.00,333.50,328.60,331.90,519590
30-Sep-13,322.50,326.10,321.40,326.10,604720
27-Sep-13,325.50,325.50,323.00,324.00,125071
26-Sep-13,325.60,325.90,323.00,323.30,381700
25-Sep-13,324.50,325.10,323.00,324.90,257697
24-Sep-13,323.90,326.20,323.90,326.00,260891
20-Sep-13,327.80,330.40,324.40,324.50,792032
19-Sep-13,331.60,332.70,326.60,328.30,593661
18-Sep-13,335.20,337.60,326.70,328.90,466468
17-Sep-13,338.70,338.70,334.10,335.30,511156
16-Sep-13,330.90,331.80,329.30,330.30,293688
13-Sep-13,327.80,328.70,326.50,328.50,330803
12-Sep-13,326.00,328.00,324.70,327.70,419519
11-Sep-13,324.60,326.90,323.80,325.40,641933
10-Sep-13,322.50,325.00,321.90,325.00,529348
9-Sep-13,324.40,325.20,321.10,321.60,371216
6-Sep-13,324.20,325.00,321.50,325.00,479782
5-Sep-13,321.70,324.80,321.10,324.80,357085
4-Sep-13,322.20,322.20,318.00,319.60,300741
3-Sep-13,323.40,324.70,320.00,321.40,567157
2-Sep-13,318.90,325.90,318.90,325.36,878064
30-Aug-13,326.40,327.70,318.20,319.50,936886
29-Aug-13,312.10,333.30,312.10,327.80,1694022
28-Aug-13,314.00,314.30,307.00,307.40,678142
27-Aug-13,319.80,321.40,315.50,318.10,602327
23-Aug-13,319.50,321.80,318.70,321.20,790954
22-Aug-13,316.10,322.30,316.10,320.10,822916
21-Aug-13,316.70,319.10,314.30,316.60,348713
20-Aug-13,316.80,318.30,313.10,316.20,484939
19-Aug-13,318.30,321.30,316.50,319.10,411654
16-Aug-13,313.60,319.00,313.60,319.00,643176
15-Aug-13,320.60,321.00,316.50,316.50,524061
14-Aug-13,323.60,327.00,321.50,321.50,509730
13-Aug-13,319.90,327.90,319.60,323.40,396870
12-Aug-13,326.60,327.70,320.50,322.20,452539
9-Aug-13,326.70,327.40,322.50,326.20,382158
8-Aug-13,322.10,329.10,322.10,326.20,654492
7-Aug-13,330.10,330.20,322.10,322.90,555982
6-Aug-13,330.80,334.00,328.70,330.30,278751
5-Aug-13,333.00,335.30,330.60,331.90,302872
2-Aug-13,337.00,337.80,332.10,333.80,581676
1-Aug-13,336.10,337.60,335.20,337.60,390199
31-Jul-13,330.60,336.40,330.60,334.70,349593
30-Jul-13,331.70,335.10,331.70,331.90,329834
29-Jul-13,332.00,336.20,331.30,332.10,284883
26-Jul-13,334.40,334.60,329.50,331.70,731536
25-Jul-13,336.70,337.80,332.80,333.30,456793
24-Jul-13,331.60,335.90,330.10,335.90,611084
23-Jul-13,333.80,335.90,331.10,331.80,426434
22-Jul-13,331.90,335.30,329.70,332.10,443025
19-Jul-13,330.50,333.00,329.80,332.00,498447
18-Jul-13,326.00,332.10,326.00,331.50,609227
17-Jul-13,324.50,327.70,321.90,326.50,456176
16-Jul-13,334.00,334.09,324.70,324.70,576414
15-Jul-13,334.00,338.10,333.50,333.70,444945
12-Jul-13,331.10,335.60,330.90,332.90,315457
11-Jul-13,330.10,332.90,327.20,331.20,407758
10-Jul-13,332.60,334.59,325.00,329.00,530181
9-Jul-13,331.60,337.70,328.81,334.40,817647
8-Jul-13,330.80,335.00,325.02,332.30,562395
5-Jul-13,328.50,334.70,324.81,329.40,726716
4-Jul-13,321.70,329.70,317.11,329.30,600085
3-Jul-13,316.30,320.90,313.70,320.00,776021
2-Jul-13,315.80,319.10,314.60,318.00,730164
1-Jul-13,312.20,317.80,311.10,315.20,1109107
28-Jun-13,316.90,317.30,309.50,315.30,998137
27-Jun-13,310.00,316.30,308.10,316.00,651425
26-Jun-13,306.50,315.50,305.10,310.00,1258925
25-Jun-13,299.50,301.60,298.50,299.50,828765
24-Jun-13,301.30,301.90,297.90,299.50,1113007
21-Jun-13,299.80,305.20,299.20,301.30,1152715
20-Jun-13,305.60,305.60,299.30,301.60,435290
19-Jun-13,306.30,309.80,306.00,308.20,598297
18-Jun-13,299.90,310.00,299.90,306.00,531371
17-Jun-13,299.50,303.50,298.21,300.80,260332
14-Jun-13,299.10,302.06,298.80,298.80,369177
13-Jun-13,296.00,298.90,288.54,298.90,671714
12-Jun-13,292.40,301.00,290.21,296.60,567851
11-Jun-13,291.60,293.27,289.10,292.60,530268
10-Jun-13,288.60,294.50,284.70,292.00,511272
7-Jun-13,286.90,290.10,285.14,286.60,878823
6-Jun-13,297.10,299.50,286.40,286.50,629273
5-Jun-13,301.70,305.10,295.30,296.90,625928
4-Jun-13,300.60,307.70,299.31,302.50,528632
3-Jun-13,294.60,303.50,292.90,299.80,610505
31-May-13,298.20,298.40,294.90,295.80,627721
30-May-13,298.30,298.81,292.89,298.70,399283
29-May-13,304.90,304.90,298.00,299.00,530471
28-May-13,306.80,308.40,304.10,305.90,505214
24-May-13,310.00,310.00,304.70,305.40,563044
23-May-13,310.00,313.00,307.17,308.90,667768
22-May-13,316.30,318.10,312.00,313.60,1079203
21-May-13,315.00,317.90,314.20,316.00,681433
20-May-13,316.10,316.60,313.50,315.30,537453
17-May-13,311.50,316.10,310.70,315.40,663094
16-May-13,307.00,312.00,301.90,309.90,682112
15-May-13,312.80,314.00,310.60,313.00,539853
14-May-13,312.80,313.70,310.40,313.00,396669
13-May-13,312.30,313.10,310.00,313.10,397967
10-May-13,312.20,313.40,308.30,311.90,486177
9-May-13,312.00,313.50,309.70,311.70,739381
8-May-13,310.20,313.50,309.00,313.00,504050
7-May-13,312.20,313.70,308.50,309.40,669434
3-May-13,310.50,315.30,308.90,312.20,482147
2-May-13,311.70,312.90,307.40,310.00,554400
1-May-13,308.60,315.10,306.87,314.30,931976
30-Apr-13,308.30,309.00,303.74,307.50,604705
29-Apr-13,306.50,310.00,304.60,306.90,346942
26-Apr-13,300.50,306.50,299.90,306.50,652638
25-Apr-13,300.00,301.50,299.80,300.40,656230
24-Apr-13,301.00,301.50,298.10,298.70,743920
23-Apr-13,297.70,301.70,297.70,301.40,1172122
22-Apr-13,298.50,300.90,297.60,297.60,557733
19-Apr-13,297.70,298.10,295.10,296.80,343813
18-Apr-13,296.00,298.30,295.00,296.50,566355
17-Apr-13,296.30,297.00,294.00,294.90,455609
16-Apr-13,296.10,296.40,293.71,295.10,518938
15-Apr-13,297.70,299.30,295.10,296.70,438758
12-Apr-13,301.70,301.70,296.80,297.30,404995
11-Apr-13,298.90,302.92,298.90,300.20,671701
10-Apr-13,296.70,301.50,296.70,298.80,526957
9-Apr-13,298.50,300.90,296.10,297.30,541403
8-Apr-13,295.50,298.28,293.70,296.10,748189
5-Apr-13,305.00,306.00,290.90,293.30,1108486
4-Apr-13,308.00,310.10,303.30,305.00,882161
3-Apr-13,311.00,311.00,305.80,309.40,753012
2-Apr-13,307.10,314.10,306.40,312.80,825771
28-Mar-13,310.50,313.40,309.10,310.60,479614
27-Mar-13,311.00,312.44,308.40,311.00,544490
26-Mar-13,309.90,312.80,307.82,310.00,699449
25-Mar-13,304.10,314.60,299.00,311.90,571861
22-Mar-13,313.80,315.50,309.30,309.70,518513
21-Mar-13,313.00,315.00,311.10,314.70,513217
20-Mar-13,313.20,313.70,310.60,312.50,532178
19-Mar-13,308.70,315.10,308.70,312.50,572099
18-Mar-13,307.70,311.30,306.43,309.20,908294
15-Mar-13,306.40,311.50,303.00,311.50,1177030
14-Mar-13,301.90,306.30,301.80,306.30,542082
13-Mar-13,305.70,308.40,301.20,302.00,910732
12-Mar-13,306.50,306.80,303.17,306.60,471864
11-Mar-13,301.50,305.80,299.54,305.00,773393
8-Mar-13,300.80,303.00,299.10,302.10,446131
7-Mar-13,297.10,302.70,297.10,299.30,482437
6-Mar-13,293.00,299.30,293.00,298.70,582679
5-Mar-13,296.20,297.40,292.40,292.40,1186559
4-Mar-13,295.10,298.00,293.01,295.00,381360
1-Mar-13,296.00,299.30,293.84,296.50,1154256
28-Feb-13,300.30,301.90,297.40,297.50,498467
27-Feb-13,298.50,299.60,296.00,299.30,614339
26-Feb-13,296.30,297.53,294.20,297.50,524336
25-Feb-13,294.70,305.89,294.10,296.70,361376
22-Feb-13,296.70,301.10,296.70,297.20,323019
21-Feb-13,296.50,297.64,293.00,295.60,330240
20-Feb-13,293.00,297.60,293.00,297.60,441247
19-Feb-13,294.30,298.88,293.30,293.50,472827
18-Feb-13,297.20,298.60,292.60,292.60,220582
15-Feb-13,298.70,298.90,296.10,297.30,321454
14-Feb-13,302.20,303.00,293.16,297.50,352114
13-Feb-13,302.10,304.80,299.92,302.40,330761
12-Feb-13,301.90,302.70,301.00,301.80,439423
11-Feb-13,302.00,305.82,301.50,301.80,314816
8-Feb-13,303.90,305.00,301.10,301.70,453799
7-Feb-13,302.20,304.30,300.40,303.80,500425
6-Feb-13,304.30,307.20,300.51,301.70,434620
5-Feb-13,304.60,306.60,301.00,306.00,772396
4-Feb-13,305.50,308.80,303.32,304.50,438491
1-Feb-13,310.60,312.80,306.61,312.70,340360
31-Jan-13,307.00,308.82,304.00,306.10,395276
30-Jan-13,312.00,312.50,307.30,307.60,304599
29-Jan-13,311.30,312.60,308.80,311.40,310218
28-Jan-13,314.70,316.80,309.40,311.90,341975
25-Jan-13,307.70,314.70,307.70,314.70,330240
24-Jan-13,305.00,309.40,305.00,308.30,308157
23-Jan-13,305.70,307.00,301.70,306.00,336150
22-Jan-13,305.60,308.60,304.60,305.90,351352
21-Jan-13,304.90,306.00,304.07,305.30,388861
18-Jan-13,304.60,305.30,302.10,304.20,360355
17-Jan-13,301.10,304.10,298.50,304.00,412002
16-Jan-13,299.90,301.93,298.10,301.90,578461
15-Jan-13,298.60,303.00,296.89,300.00,378256
14-Jan-13,304.30,304.30,298.50,298.70,394382
11-Jan-13,304.20,304.20,300.00,303.50,407603
10-Jan-13,305.10,305.23,301.00,303.30,501035
9-Jan-13,310.40,310.40,301.50,304.40,695648
8-Jan-13,307.00,312.50,307.00,309.50,741670
7-Jan-13,316.30,319.07,310.60,312.50,706574
4-Jan-13,315.00,321.50,312.10,319.60,795798
3-Jan-13,313.80,316.20,310.88,315.70,339571
2-Jan-13,309.70,318.30,309.70,314.40,508167
31-Dec-12,307.10,309.48,307.10,307.20,103072
28-Dec-12,313.10,313.10,309.50,311.10,193807
27-Dec-12,311.00,313.30,310.95,312.40,175143
24-Dec-12,309.70,315.50,309.50,312.90,44037
21-Dec-12,310.00,313.20,307.41,310.70,1145332
20-Dec-12,313.60,314.80,311.70,311.80,521763
19-Dec-12,312.00,315.15,312.00,314.30,291444
18-Dec-12,304.90,311.60,304.90,311.60,615095
17-Dec-12,304.00,306.40,303.30,304.70,300930
14-Dec-12,301.70,305.90,301.70,304.20,409910
13-Dec-12,299.00,305.90,299.00,304.00,529386
12-Dec-12,293.50,301.10,293.39,300.00,1016658
11-Dec-12,298.30,306.70,298.30,302.40,589335
10-Dec-12,310.00,310.75,303.10,305.30,990109
7-Dec-12,311.80,312.90,308.40,309.60,630403
6-Dec-12,309.20,313.70,306.90,312.60,1259926
5-Dec-12,293.40,310.90,293.40,308.70,966571
4-Dec-12,290.50,294.00,289.40,291.60,376201
3-Dec-12,293.10,293.90,290.90,290.90,519829
30-Nov-12,291.10,294.80,291.10,292.50,990666
29-Nov-12,285.90,291.00,285.90,291.00,660935
28-Nov-12,275.00,285.00,274.70,285.00,1338387
27-Nov-12,275.10,277.20,274.00,275.50,689660
26-Nov-12,274.90,275.50,274.10,274.40,431956
23-Nov-12,274.10,275.90,274.00,275.40,334301
22-Nov-12,271.80,274.93,271.50,274.90,417653
21-Nov-12,273.40,274.80,270.80,271.50,340666
20-Nov-12,271.80,277.10,270.40,273.90,599555
19-Nov-12,269.70,272.03,267.80,272.00,351396
16-Nov-12,266.10,270.10,264.80,268.00,508752
15-Nov-12,268.70,269.10,265.00,265.90,647063
14-Nov-12,270.80,272.80,269.30,269.30,767048
13-Nov-12,272.60,274.20,270.70,272.00,567977
12-Nov-12,276.00,277.60,273.60,273.60,514253
9-Nov-12,276.80,278.40,274.80,276.20,498250
8-Nov-12,277.60,278.72,275.40,275.80,407944
7-Nov-12,279.00,279.20,276.30,277.10,551182
6-Nov-12,279.00,280.30,277.40,277.60,352845
5-Nov-12,280.60,282.95,278.20,278.50,353399
2-Nov-12,282.50,285.20,281.60,282.20,658503
1-Nov-12,273.40,285.10,273.25,282.12,727725
31-Oct-12,269.70,275.50,268.00,274.40,895496
30-Oct-12,270.00,271.80,264.30,270.70,586035
29-Oct-12,270.80,272.00,268.29,270.40,404818
26-Oct-12,274.40,274.40,270.00,271.70,565501
25-Oct-12,273.30,277.20,273.30,275.60,630936
24-Oct-12,273.20,274.72,272.10,272.80,666361
23-Oct-12,276.90,277.20,271.95,272.50,651233
22-Oct-12,277.70,278.60,275.90,276.30,502832
19-Oct-12,278.90,280.00,277.70,278.30,373470
18-Oct-12,278.10,280.10,277.20,278.80,316567
17-Oct-12,279.10,279.30,274.50,277.90,692361
16-Oct-12,281.00,282.80,277.80,278.10,835842
15-Oct-12,282.10,282.54,279.80,280.50,489638
12-Oct-12,283.00,284.60,281.10,281.80,499619
11-Oct-12,283.20,289.50,283.20,283.40,417453
10-Oct-12,285.60,286.20,283.40,283.40,351442
9-Oct-12,289.60,291.00,284.90,287.10,388612
8-Oct-12,289.50,291.00,286.60,289.70,332416
5-Oct-12,292.80,292.80,287.82,290.80,519227
4-Oct-12,289.30,293.31,288.60,292.10,586840
3-Oct-12,283.30,291.98,281.50,288.80,1367518
2-Oct-12,281.51,286.60,281.20,283.30,475924
1-Oct-12,280.30,285.10,280.30,283.10,463977
28-Sep-12,282.20,282.20,280.00,280.80,887479
27-Sep-12,281.00,282.50,279.40,281.00,610191
26-Sep-12,283.30,284.10,278.80,280.30,563658
25-Sep-12,286.20,286.20,282.80,285.40,299313
24-Sep-12,284.90,286.30,284.70,285.90,427196
21-Sep-12,288.90,289.70,282.40,285.80,1015388
20-Sep-12,284.90,289.00,284.50,287.90,432034
19-Sep-12,285.70,286.43,283.90,286.40,754650
18-Sep-12,289.60,289.90,285.10,285.90,846013
17-Sep-12,289.80,290.60,287.11,290.50,662830
14-Sep-12,290.80,291.80,288.20,290.90,1060490
13-Sep-12,290.60,293.20,290.30,291.00,550377
12-Sep-12,290.70,292.00,290.50,290.80,462915
11-Sep-12,290.10,292.70,289.40,290.90,491126
10-Sep-12,290.90,292.90,289.80,290.80,490857
7-Sep-12,296.20,296.20,290.70,291.00,542773
6-Sep-12,290.00,295.90,289.20,295.10,564045
5-Sep-12,290.40,290.40,287.10,289.00,551095
4-Sep-12,292.10,292.81,289.00,290.00,565808
3-Sep-12,286.10,291.49,286.10,290.00,643112
31-Aug-12,288.20,289.90,284.90,286.60,1095515
30-Aug-12,287.20,288.80,284.66,287.90,881749
29-Aug-12,286.50,290.30,286.50,288.50,984994
28-Aug-12,286.71,295.00,285.00,292.40,1271183
24-Aug-12,294.40,296.80,292.80,295.00,357203
23-Aug-12,293.20,296.20,292.90,293.90,1113589
22-Aug-12,290.00,296.39,289.30,293.00,819057
21-Aug-12,296.90,299.00,296.18,297.20,636800
20-Aug-12,297.30,299.70,296.28,296.30,670595
17-Aug-12,292.40,300.00,292.40,296.70,1230311
16-Aug-12,292.40,295.30,289.50,292.20,1500086
15-Aug-12,282.90,293.20,279.00,291.90,1275476
14-Aug-12,285.20,287.60,285.00,286.50,252921
13-Aug-12,283.80,285.90,283.00,285.00,548478
10-Aug-12,281.30,287.30,281.30,284.30,428073
9-Aug-12,283.50,285.40,280.93,281.60,438327
8-Aug-12,282.80,284.10,280.30,282.80,557142
7-Aug-12,280.80,283.90,279.60,283.90,662521
6-Aug-12,281.50,282.80,280.00,281.20,786897
3-Aug-12,283.20,283.60,279.60,282.37,784812
2-Aug-12,291.90,292.80,281.15,281.90,1538010
1-Aug-12,283.00,288.50,283.00,286.60,826883
31-Jul-12,287.10,288.50,282.40,282.40,765447
30-Jul-12,290.10,294.50,285.50,286.50,935916
27-Jul-12,288.60,288.60,280.80,282.90,1235954
26-Jul-12,278.80,284.00,276.60,282.70,532219
25-Jul-12,276.50,278.60,275.40,277.80,1054374
24-Jul-12,274.10,279.69,271.67,276.30,1487721
23-Jul-12,293.00,293.20,283.20,284.00,762749
20-Jul-12,287.70,288.80,285.20,286.70,970490
19-Jul-12,286.30,288.50,283.90,288.50,1103947
18-Jul-12,282.10,284.30,277.75,283.70,826889
17-Jul-12,279.00,279.30,277.20,279.00,1069192
16-Jul-12,278.30,280.58,276.30,277.30,864782
13-Jul-12,277.10,279.80,274.40,278.80,843582
12-Jul-12,275.20,277.30,273.75,276.30,1194219
11-Jul-12,271.00,277.90,271.00,276.60,1208560
10-Jul-12,272.00,275.10,270.80,273.30,984782
9-Jul-12,274.60,275.50,271.10,271.40,812300
6-Jul-12,273.80,277.10,273.30,274.60,894070
5-Jul-12,272.50,275.00,268.62,275.00,1299328
4-Jul-12,273.40,273.70,271.30,272.10,566498
3-Jul-12,271.10,274.90,269.30,274.10,1223861
2-Jul-12,267.40,272.50,267.40,270.40,978687
29-Jun-12,272.30,272.80,265.60,266.40,2537741
28-Jun-12,262.70,266.70,259.50,266.00,1594404
27-Jun-12,264.20,265.81,259.40,261.90,2592293
26-Jun-12,256.90,267.60,256.90,263.50,3162048
25-Jun-12,250.50,252.21,249.20,249.80,2010140
22-Jun-12,251.30,252.50,250.00,251.90,813050
21-Jun-12,253.80,255.10,251.82,252.90,1583939
20-Jun-12,248.90,256.30,247.30,254.00,1831853
19-Jun-12,246.80,249.00,243.98,248.10,1265217
18-Jun-12,242.70,246.80,238.40,245.90,2704371
15-Jun-12,234.20,244.75,232.30,244.60,5640546
14-Jun-12,230.40,232.70,229.50,232.70,1756389
13-Jun-12,234.40,235.20,227.90,230.40,1350417
12-Jun-12,236.50,236.64,231.90,233.80,1028574
11-Jun-12,242.10,242.10,235.30,235.90,981041
8-Jun-12,235.10,238.10,234.60,238.00,1166930
7-Jun-12,237.90,238.00,234.00,236.90,1085017
6-Jun-12,234.80,236.70,232.60,235.90,1143610
1-Jun-12,233.80,236.20,231.10,232.00,1137905
31-May-12,234.60,239.70,231.90,233.50,1302235
30-May-12,234.50,235.30,231.40,235.10,1168604
29-May-12,238.00,239.20,234.10,234.10,914211
28-May-12,237.00,238.10,234.90,237.00,555495
25-May-12,233.70,235.10,231.40,235.00,1005167
24-May-12,233.60,235.67,231.70,234.80,597357
23-May-12,232.60,234.10,230.21,232.10,970606
22-May-12,239.10,239.10,231.20,233.90,1068839
21-May-12,235.50,239.30,233.10,234.20,782218
18-May-12,231.20,237.00,229.01,236.00,1549283
17-May-12,236.60,239.20,233.20,233.20,897974
16-May-12,236.00,237.70,233.00,236.40,1038197
15-May-12,241.20,242.90,238.20,238.20,1128979
14-May-12,245.00,245.00,239.20,240.60,765491
11-May-12,245.70,247.90,242.51,245.40,1044020
10-May-12,243.60,247.70,240.30,246.70,1394252
9-May-12,246.60,246.60,239.20,241.40,1228962
8-May-12,250.90,250.90,243.90,243.90,1155047
4-May-12,254.40,254.40,247.20,250.00,949064
3-May-12,254.00,255.00,250.90,254.10,1693866
2-May-12,257.20,257.20,250.70,252.50,1331844
1-May-12,246.70,255.80,246.70,255.10,666336
30-Apr-12,250.60,250.90,245.00,248.00,935750
27-Apr-12,248.20,251.10,246.10,250.60,728175
26-Apr-12,251.00,252.20,246.40,248.30,940799
25-Apr-12,253.00,254.90,249.70,250.50,1262005
24-Apr-12,252.50,257.30,251.70,252.20,2091434
23-Apr-12,250.20,253.80,246.90,247.60,1932031
20-Apr-12,245.70,253.30,245.10,253.10,2594981
19-Apr-12,247.50,247.80,243.40,244.80,1184543
18-Apr-12,250.90,250.90,244.80,246.00,1459478
17-Apr-12,241.40,251.60,238.80,249.40,2701754
16-Apr-12,245.00,248.10,239.80,240.50,2158569
13-Apr-12,245.00,245.80,242.50,243.50,1885360
12-Apr-12,240.10,245.50,237.00,245.00,1346719
11-Apr-12,237.90,240.10,235.70,239.30,1281542
10-Apr-12,244.00,244.00,237.60,238.30,1826776
5-Apr-12,247.90,249.40,242.10,244.80,1194333
4-Apr-12,249.20,250.37,244.04,246.80,2018684
3-Apr-12,249.20,251.50,247.00,250.30,1630241
2-Apr-12,256.10,256.60,246.90,248.20,2856912
30-Mar-12,254.00,256.60,252.90,255.30,2036629
29-Mar-12,258.90,258.90,250.20,253.00,3668669
28-Mar-12,261.00,266.80,261.00,263.10,1049074
27-Mar-12,265.70,265.90,259.30,261.00,795422
26-Mar-12,262.40,265.40,260.00,264.50,468699
23-Mar-12,261.50,263.10,259.50,261.10,710203
22-Mar-12,262.00,263.00,258.90,260.00,919512
21-Mar-12,262.50,265.90,262.20,263.10,534776
20-Mar-12,265.90,267.00,260.60,262.40,753874
19-Mar-12,267.20,268.00,264.90,267.00,762510
16-Mar-12,265.60,268.90,265.40,267.30,1469612
15-Mar-12,264.90,266.90,260.37,266.20,1073858
14-Mar-12,268.40,269.10,264.70,264.70,1183756
13-Mar-12,265.90,268.60,263.00,268.20,704467
12-Mar-12,264.40,266.20,262.13,263.40,839310
9-Mar-12,266.80,267.48,263.00,263.00,1577796
8-Mar-12,267.40,270.10,265.60,265.90,1116180
7-Mar-12,264.40,269.90,263.31,267.20,865229
6-Mar-12,267.60,269.90,264.00,264.90,1552457
5-Mar-12,270.20,271.19,266.11,267.80,899773
2-Mar-12,272.70,274.10,269.70,270.60,792342
1-Mar-12,270.80,275.20,270.00,274.70,1364859
29-Feb-12,265.90,269.00,265.20,268.40,1198062
28-Feb-12,269.30,269.30,263.50,264.90,617694
27-Feb-12,268.70,269.40,264.10,268.30,1077194
24-Feb-12,269.90,271.20,267.10,267.80,1203281
23-Feb-12,266.00,269.80,265.80,269.50,1292776
22-Feb-12,269.10,269.10,264.20,266.80,893351
21-Feb-12,272.90,272.90,267.90,268.00,1048054
20-Feb-12,267.00,272.90,264.80,272.30,1796695
17-Feb-12,264.90,265.90,263.24,264.80,794275
16-Feb-12,265.80,265.80,260.93,263.10,1283639
15-Feb-12,269.20,272.90,262.56,264.50,1570422
14-Feb-12,266.00,269.30,265.10,267.50,749286
13-Feb-12,271.00,272.00,265.70,265.70,835848
10-Feb-12,266.10,271.60,265.20,269.80,1554644
9-Feb-12,270.90,270.90,265.70,266.50,1778753
8-Feb-12,278.20,278.20,269.00,270.00,2860724
7-Feb-12,280.80,282.00,275.80,275.80,1115027
6-Feb-12,280.80,283.00,278.50,281.30,724595
3-Feb-12,280.70,284.40,275.21,280.20,1409702
2-Feb-12,287.50,287.60,278.70,279.90,901513
1-Feb-12,282.30,291.00,280.98,287.40,1185819
31-Jan-12,277.40,282.60,277.00,281.30,791371
30-Jan-12,282.50,282.50,274.54,275.90,611769
27-Jan-12,278.10,283.75,276.60,282.00,545752
26-Jan-12,278.80,281.40,276.20,278.20,555263
25-Jan-12,276.30,278.50,274.10,276.40,729165
24-Jan-12,278.20,281.60,274.90,274.90,1154406
23-Jan-12,279.30,281.50,277.50,279.10,1404444
20-Jan-12,280.40,280.40,276.70,278.50,788327
19-Jan-12,279.30,281.90,277.70,277.70,1132014
18-Jan-12,276.60,280.20,274.80,277.00,985522
17-Jan-12,279.20,283.40,274.50,275.00,670380
16-Jan-12,279.00,279.99,274.30,275.60,698292
13-Jan-12,284.40,284.40,276.70,278.10,932471
12-Jan-12,272.60,283.60,272.50,281.20,2466959
11-Jan-12,270.70,274.00,267.90,270.80,906947
10-Jan-12,270.00,273.00,269.00,271.50,961453
9-Jan-12,268.00,272.40,266.90,267.60,433330
6-Jan-12,265.10,269.70,265.10,267.50,786594
5-Jan-12,270.30,270.30,263.40,263.80,896928
4-Jan-12,270.30,271.50,266.50,268.80,733826
3-Jan-12,275.00,275.00,267.20,269.50,1367366
30-Dec-11,269.90,271.80,266.80,271.80,351211
29-Dec-11,260.90,267.40,260.90,266.90,372376
28-Dec-11,260.00,263.66,258.35,262.80,1109632
23-Dec-11,-,-,-,260.70,0
22-Dec-11,265.10,269.58,260.11,260.90,1001983
21-Dec-11,269.90,275.10,266.60,270.20,1179946
20-Dec-11,263.50,267.50,261.50,266.20,633317
19-Dec-11,264.30,267.50,263.21,264.50,943964
16-Dec-11,265.60,267.30,262.27,265.70,1546969
15-Dec-11,261.30,265.20,254.20,263.40,1570293
14-Dec-11,254.80,258.60,253.90,255.40,1111451
13-Dec-11,254.60,257.90,250.30,257.40,1382905
12-Dec-11,255.90,257.60,253.80,254.20,546980
9-Dec-11,256.50,261.90,254.30,254.90,1101459
8-Dec-11,267.00,270.71,253.41,258.90,1797952
7-Dec-11,253.00,267.00,253.00,265.40,2334146
6-Dec-11,243.30,249.90,242.30,248.60,1359399
5-Dec-11,248.20,250.48,242.40,243.80,1167851
2-Dec-11,250.00,252.45,247.10,248.00,1076247
1-Dec-11,254.30,254.30,247.40,249.20,1394563
30-Nov-11,242.10,251.99,240.90,250.70,2065975
29-Nov-11,245.20,247.10,242.00,245.00,1375607
28-Nov-11,244.10,247.00,241.90,245.30,1259585
25-Nov-11,243.50,243.50,236.80,240.50,1246350
24-Nov-11,245.20,242.98,239.60,240.80,984935
23-Nov-11,246.30,247.50,241.60,242.30,726805
22-Nov-11,249.80,252.80,247.60,247.60,1637068
21-Nov-11,253.10,257.70,248.60,248.90,1143771
18-Nov-11,253.60,256.90,253.40,255.40,1106675
17-Nov-11,253.10,257.60,251.40,256.60,1518108
16-Nov-11,252.20,256.00,249.60,254.50,1207048
15-Nov-11,256.10,257.00,250.00,252.30,1139004
14-Nov-11,254.50,255.90,251.10,254.20,1496019
11-Nov-11,247.70,253.10,247.30,251.80,809768
10-Nov-11,244.40,250.00,242.00,246.20,731278
9-Nov-11,251.00,251.20,245.50,248.80,1023170
8-Nov-11,246.50,249.60,245.50,248.80,1186368
7-Nov-11,244.20,248.80,244.20,246.30,977709
4-Nov-11,250.00,250.10,246.00,247.50,1125384
3-Nov-11,242.90,251.30,242.10,249.80,1785427
2-Nov-11,239.60,241.30,235.50,241.30,2037096
1-Nov-11,244.00,244.00,237.40,238.30,1867938
31-Oct-11,245.60,248.80,243.50,248.10,1705979
28-Oct-11,244.50,248.90,242.60,248.10,2364326
27-Oct-11,248.90,249.30,242.70,243.10,1592352
26-Oct-11,244.20,246.74,242.70,245.80,1136937
25-Oct-11,247.00,249.80,240.70,245.60,1669604
24-Oct-11,244.70,250.00,244.70,248.79,1479138
21-Oct-11,242.70,247.20,242.60,245.70,926881
20-Oct-11,236.90,243.10,234.90,242.70,1743141
19-Oct-11,244.20,246.50,239.40,242.02,1289633
18-Oct-11,244.00,249.10,240.20,246.67,3115880
17-Oct-11,252.10,258.60,248.00,248.00,1205732
14-Oct-11,253.60,257.20,253.30,254.30,761398
13-Oct-11,256.90,260.30,253.30,254.10,2110392
12-Oct-11,255.30,261.70,255.10,259.30,1639283
11-Oct-11,255.90,260.30,254.20,255.30,1504227
10-Oct-11,248.00,259.90,247.60,257.09,596885
7-Oct-11,310.40,314.90,306.10,311.90,761931
6-Oct-11,305.12,310.38,304.67,308.00,1122298
5-Oct-11,304.20,308.10,300.60,304.20,1031682
4-Oct-11,301.60,303.20,292.80,298.00,1406224
3-Oct-11,303.40,305.40,300.00,305.10,589709
30-Sep-11,307.50,308.10,303.10,306.90,1038503
29-Sep-11,302.60,309.80,302.40,309.40,1220198
28-Sep-11,308.80,310.00,303.90,304.90,876578
27-Sep-11,308.75,311.28,306.50,308.75,1601050
26-Sep-11,298.60,305.00,294.60,301.90,756150
23-Sep-11,299.62,301.12,293.52,300.88,1357025
22-Sep-11,301.20,301.20,294.20,296.60,1160250
21-Sep-11,302.80,310.00,302.80,307.50,1052994
20-Sep-11,304.00,307.40,0.00,304.00,662954
19-Sep-11,305.90,306.50,302.40,304.00,462772
16-Sep-11,312.40,313.80,304.00,308.20,1418872
15-Sep-11,309.10,312.50,306.00,308.90,1157542
14-Sep-11,303.00,312.00,302.60,307.50,1015965
13-Sep-11,302.50,306.10,299.50,304.40,1211885
12-Sep-11,298.12,303.00,291.78,299.00,1283187
9-Sep-11,312.80,313.60,303.90,304.50,712863
8-Sep-11,315.90,318.90,310.00,312.80,1368097
7-Sep-11,313.40,316.10,311.20,315.60,1318936
6-Sep-11,308.50,311.60,304.40,306.60,1458814
5-Sep-11,307.40,310.50,305.50,308.80,850590
2-Sep-11,330.80,330.80,312.20,313.50,1992323
1-Sep-11,320.20,326.90,316.90,324.90,1127442
31-Aug-11,315.00,323.11,314.38,321.50,1931291
30-Aug-11,317.62,325.50,317.62,320.25,1687044
26-Aug-11,-,-,-,321.10,0
25-Aug-11,303.90,312.80,300.00,312.60,1413343
24-Aug-11,307.60,307.60,296.90,302.40,1718499
23-Aug-11,304.00,304.50,300.00,305.90,1175957
22-Aug-11,292.25,304.50,290.00,302.50,479897
19-Aug-11,295.00,304.40,288.20,291.80,2332950
18-Aug-11,296.00,298.80,283.50,289.90,1393506
17-Aug-11,296.50,298.78,288.75,298.75,1598514
16-Aug-11,303.00,303.00,294.40,297.90,810254
15-Aug-11,303.50,307.00,297.60,305.90,861382
12-Aug-11,287.20,302.80,285.20,302.40,1169797
11-Aug-11,282.80,288.80,276.20,288.00,866590
10-Aug-11,288.10,289.40,273.90,277.60,1317526
9-Aug-11,272.80,285.80,255.00,283.10,1623789
8-Aug-11,279.90,287.10,271.00,271.00,1635512
5-Aug-11,286.12,292.00,275.91,282.75,918117
4-Aug-11,307.20,307.20,288.20,289.80,796423
3-Aug-11,303.10,304.60,298.60,302.80,930258
2-Aug-11,310.40,313.10,304.90,306.00,1689871
1-Aug-11,315.50,319.75,312.77,315.00,1767869
29-Jul-11,313.10,315.60,310.10,312.60,793175
28-Jul-11,314.38,318.50,309.58,314.88,537510
27-Jul-11,321.60,322.80,315.00,315.90,745302
26-Jul-11,318.60,322.60,317.80,321.40,985517
25-Jul-11,314.80,319.90,309.80,318.00,968319
22-Jul-11,315.88,324.50,314.12,318.50,1080613
21-Jul-11,313.20,316.50,310.60,312.50,1132702
20-Jul-11,315.20,317.20,313.40,314.00,1073188
19-Jul-11,311.80,315.60,311.00,312.20,1749828
18-Jul-11,319.60,321.60,310.00,310.80,1091355
15-Jul-11,313.80,323.20,313.80,321.60,1385509
14-Jul-11,316.62,319.89,311.12,315.50,1453497
13-Jul-11,320.50,323.60,318.80,320.10,901379
12-Jul-11,318.60,323.00,312.10,321.50,1052130
11-Jul-11,327.62,329.56,320.88,321.88,734725
8-Jul-11,328.12,331.50,325.93,328.88,780817
7-Jul-11,329.90,329.90,326.50,327.00,752516
6-Jul-11,327.80,329.40,325.60,326.60,935070
5-Jul-11,326.60,328.40,326.00,327.40,970950
4-Jul-11,336.00,336.20,325.50,327.20,1295409
1-Jul-11,319.38,337.64,319.38,335.62,1452072
30-Jun-11,319.00,326.23,317.86,319.12,2576008
29-Jun-11,318.80,322.50,310.50,319.00,2040089
28-Jun-11,304.88,314.00,304.88,312.19,952910
27-Jun-11,313.80,315.50,308.80,309.60,923397
24-Jun-11,310.50,317.00,303.90,313.80,1173113
23-Jun-11,305.80,310.50,304.00,305.10,842767
22-Jun-11,305.90,308.40,302.60,307.20,1309230
21-Jun-11,302.90,308.40,301.60,305.50,814013
20-Jun-11,299.62,303.38,299.34,302.25,1156863
17-Jun-11,299.20,305.00,299.00,303.80,2238734
16-Jun-11,301.25,303.81,298.88,303.25,1291179
15-Jun-11,304.20,305.80,301.40,302.80,1797469
14-Jun-11,303.80,307.40,302.50,303.80,1566198
13-Jun-11,306.20,306.20,303.10,303.40,1034778
10-Jun-11,306.80,309.50,305.10,306.40,1306592
9-Jun-11,305.60,309.40,301.80,308.10,2335510
8-Jun-11,308.90,312.10,305.90,307.60,1183430
7-Jun-11,311.90,314.90,309.40,309.50,593982
6-Jun-11,310.20,312.90,309.50,312.20,1177750
3-Jun-11,305.50,317.90,305.50,311.40,2850134
2-Jun-11,296.00,304.75,292.49,300.12,2246979
1-Jun-11,298.00,300.20,294.90,297.50,984051
31-May-11,297.40,301.10,296.60,296.90,1802277
27-May-11,299.10,300.50,296.10,297.80,613385
26-May-11,297.00,301.80,296.10,296.90,693003
25-May-11,296.80,301.40,295.80,296.40,829018
24-May-11,297.50,298.80,293.50,297.40,1316574
23-May-11,299.20,302.50,291.10,297.40,1271235
20-May-11,300.10,304.10,299.40,301.20,1101463
19-May-11,300.10,305.00,297.60,299.60,1437370
18-May-11,304.10,304.10,297.20,299.60,1809320
17-May-11,300.10,307.60,300.10,302.40,981302
16-May-11,305.40,309.00,302.40,303.60,1024782
13-May-11,307.50,309.00,305.80,306.80,1095790
12-May-11,303.10,309.20,302.60,307.50,1020041
11-May-11,307.00,308.20,302.20,305.00,1702871
10-May-11,305.10,309.40,303.50,306.90,959323
9-May-11,302.88,308.00,300.32,304.88,774192
6-May-11,300.80,306.90,298.20,304.20,1759302
5-May-11,296.75,302.00,292.39,300.88,1577208
4-May-11,297.50,298.90,293.10,294.80,1538088
3-May-11,308.10,310.00,296.80,298.10,1894822
28-Apr-11,-,-,-,308.60,0
27-Apr-11,294.60,297.90,291.80,295.60,1351304
26-Apr-11,291.62,295.62,290.63,293.50,891444
21-Apr-11,-,-,-,291.50,0
20-Apr-11,285.88,294.00,285.74,294.00,2175858
19-Apr-11,283.50,285.90,282.50,284.00,748674
18-Apr-11,287.20,288.50,279.80,282.40,858962
15-Apr-11,287.00,291.75,282.45,287.25,4065404
14-Apr-11,271.80,291.90,268.90,286.00,5445155
13-Apr-11,267.80,274.50,266.00,272.10,861062
12-Apr-11,265.60,269.50,264.10,267.00,759580
11-Apr-11,265.90,267.90,264.90,266.00,357646
8-Apr-11,267.10,267.60,264.40,266.00,669763
7-Apr-11,269.80,270.20,265.80,266.20,965234
6-Apr-11,268.60,270.20,268.00,269.60,632050
5-Apr-11,271.60,272.60,266.20,268.00,1117846
4-Apr-11,270.38,273.75,267.81,272.00,1258615
1-Apr-11,271.10,271.10,267.90,270.00,963566
31-Mar-11,268.40,272.50,268.10,269.20,2435204
30-Mar-11,269.60,272.10,264.90,268.10,2175308
29-Mar-11,263.00,267.90,261.90,267.50,1498560
28-Mar-11,263.20,263.50,260.90,263.00,1456145
25-Mar-11,261.20,263.20,260.20,262.40,1267762
24-Mar-11,257.50,261.00,256.90,260.00,1944929
23-Mar-11,255.80,258.00,253.80,256.50,616649
22-Mar-11,256.20,256.80,253.90,256.50,1263007
21-Mar-11,253.60,259.40,249.80,256.10,1098474
18-Mar-11,251.20,256.80,251.20,253.60,2364778
17-Mar-11,247.40,252.80,245.40,250.80,1101830
16-Mar-11,247.80,252.80,246.40,246.40,1409912
15-Mar-11,248.60,249.40,240.80,246.80,2048819
14-Mar-11,257.40,259.80,252.10,252.40,1279585
11-Mar-11,261.10,261.10,255.10,259.10,3476962
10-Mar-11,265.20,267.40,259.10,261.00,1248414
9-Mar-11,268.10,271.60,265.80,267.10,1967152
8-Mar-11,265.00,269.00,265.00,268.10,867615
7-Mar-11,267.20,267.20,181.50,264.60,1491021
4-Mar-11,263.10,268.10,263.10,264.50,1585042
3-Mar-11,263.00,266.90,261.40,263.20,1303235
2-Mar-11,259.50,259.50,256.00,257.20,660790
1-Mar-11,259.90,264.20,257.60,260.40,1349310
28-Feb-11,257.90,260.60,256.00,258.90,1775387
25-Feb-11,258.00,261.21,256.50,257.88,92470148
24-Feb-11,259.50,259.50,254.10,257.50,45353817
23-Feb-11,264.10,264.10,257.90,260.10,1701390
22-Feb-11,265.80,266.20,262.50,263.50,1027366
21-Feb-11,267.60,270.00,266.90,266.90,1135121
18-Feb-11,266.90,269.40,266.90,269.00,925899
17-Feb-11,266.50,267.12,264.21,264.75,796583
16-Feb-11,264.20,265.80,262.80,265.00,840710
15-Feb-11,267.50,391.24,265.38,265.38,1156023
14-Feb-11,263.80,263.80,263.80,267.80,1059155
11-Feb-11,268.90,268.90,264.20,267.50,768254
10-Feb-11,269.60,269.60,263.60,268.00,929402
9-Feb-11,269.60,271.90,266.60,269.10,1410197
8-Feb-11,274.40,275.40,269.60,270.90,1668899
7-Feb-11,276.60,279.00,273.50,275.90,1443654
4-Feb-11,272.00,278.90,269.90,275.00,3454612
3-Feb-11,269.10,271.60,267.40,268.40,1112747
2-Feb-11,270.10,272.00,266.90,269.40,1834856
1-Feb-11,265.10,271.40,265.10,270.00,3264937
31-Jan-11,261.00,263.20,260.00,262.40,1212116
28-Jan-11,261.20,263.10,259.90,261.90,986375
27-Jan-11,255.60,262.50,255.60,261.90,2109583
26-Jan-11,257.40,259.40,253.20,255.40,2758541
25-Jan-11,255.60,258.80,255.60,257.80,1466474
24-Jan-11,251.20,255.90,249.90,254.00,724405
21-Jan-11,252.90,255.90,248.00,250.60,1007277
20-Jan-11,257.80,258.20,250.90,252.00,1637948
19-Jan-11,263.40,265.50,255.40,257.40,1335368
18-Jan-11,263.40,264.50,261.80,263.80,541859
17-Jan-11,264.50,265.90,262.00,263.40,322732
14-Jan-11,265.50,266.50,262.20,265.60,368427
13-Jan-11,270.10,270.10,260.50,265.80,1013239
12-Jan-11,273.90,274.40,267.90,269.00,909804
11-Jan-11,272.60,275.00,271.40,273.60,795474
10-Jan-11,269.80,272.00,268.00,270.40,540042
7-Jan-11,268.40,271.40,268.20,269.50,562427
6-Jan-11,275.00,279.00,268.90,269.20,831374
5-Jan-11,269.20,276.90,266.50,274.80,1280442
4-Jan-11,268.60,271.60,264.80,269.50,789466
31-Dec-10,266.40,267.20,264.80,265.20,70812
30-Dec-10,267.40,268.90,266.40,267.40,429472
29-Dec-10,266.90,272.50,266.80,267.40,687294
24-Dec-10,-,-,-,269.00,0
23-Dec-10,269.90,270.40,268.40,268.80,522965
22-Dec-10,265.40,270.10,263.20,269.10,809118
21-Dec-10,261.40,263.10,259.00,262.20,834063
20-Dec-10,264.60,264.80,260.00,260.10,624448
17-Dec-10,262.10,268.00,262.00,267.40,1592229
16-Dec-10,266.60,269.50,258.90,260.90,1116814
15-Dec-10,258.40,261.80,255.50,259.60,1110657
14-Dec-10,256.90,258.60,252.80,257.90,1059642
13-Dec-10,259.90,259.90,253.00,255.40,1105934
10-Dec-10,261.00,262.20,252.80,256.50,1099622
9-Dec-10,258.90,263.50,255.80,260.40,1407893
8-Dec-10,269.00,275.40,264.10,265.00,1961230
7-Dec-10,262.10,271.20,260.20,268.80,1470114
6-Dec-10,256.10,264.50,255.90,260.60,1076055
3-Dec-10,256.20,256.80,252.90,255.20,1105940
2-Dec-10,251.10,257.40,249.00,256.40,3406842
1-Dec-10,248.60,251.50,246.50,249.90,1367900
30-Nov-10,251.40,251.60,246.20,246.40,887875
29-Nov-10,248.00,253.10,248.00,248.90,1059965
26-Nov-10,249.50,250.50,246.60,249.80,570917
25-Nov-10,247.20,250.20,246.90,250.00,660426
24-Nov-10,248.60,249.50,246.50,248.50,1040881
23-Nov-10,255.50,255.90,248.60,248.80,1255212
22-Nov-10,256.10,258.20,254.80,255.50,821083
19-Nov-10,256.40,256.90,253.80,255.10,1504823
18-Nov-10,255.10,257.40,254.50,256.50,2524638
17-Nov-10,252.90,256.90,251.60,255.00,1088717
16-Nov-10,258.40,259.40,253.10,254.40,1412239
15-Nov-10,260.00,261.00,255.90,257.50,2632494
12-Nov-10,262.50,263.00,259.90,261.50,1045471
11-Nov-10,268.20,270.20,262.50,264.10,2164631
10-Nov-10,275.00,276.90,266.10,268.80,1392392
9-Nov-10,278.00,278.00,269.60,271.50,1224566
8-Nov-10,278.80,282.60,276.60,277.50,1424082
5-Nov-10,270.40,282.20,270.20,280.00,1375074
4-Nov-10,277.90,277.90,269.80,270.80,1027891
3-Nov-10,271.60,276.90,266.80,274.20,1524832
2-Nov-10,266.10,276.90,265.00,270.10,4179143
1-Nov-10,262.40,269.90,259.90,267.80,1268942
29-Oct-10,258.80,261.90,256.90,261.20,1620446
28-Oct-10,261.40,261.60,256.50,261.20,949852
27-Oct-10,259.10,265.00,256.90,259.60,1234095
26-Oct-10,260.80,262.60,258.40,259.40,2565874
25-Oct-10,259.90,263.20,258.10,261.90,2242131
22-Oct-10,268.50,270.40,254.60,258.00,2631707
21-Oct-10,256.00,271.20,252.50,269.90,11583692
20-Oct-10,234.00,261.20,233.20,256.40,6402960
19-Oct-10,234.10,236.10,232.10,234.40,969645
18-Oct-10,227.90,235.00,227.90,233.90,1228933
15-Oct-10,234.90,234.90,229.50,231.20,1191456
14-Oct-10,227.90,233.00,227.90,228.80,2220038
13-Oct-10,228.10,231.00,226.50,229.80,772715
12-Oct-10,227.10,229.50,227.10,228.10,1220234
11-Oct-10,228.90,231.50,228.10,229.40,1325500
8-Oct-10,228.80,230.00,226.90,227.60,828503
7-Oct-10,232.00,235.10,228.00,228.90,917632
6-Oct-10,228.80,232.10,228.80,231.00,680841
5-Oct-10,227.50,230.50,226.40,228.00,1153107
4-Oct-10,225.10,228.40,223.80,227.80,550472
1-Oct-10,228.90,230.40,221.20,225.50,1513350
30-Sep-10,228.80,230.60,227.10,227.80,742764
29-Sep-10,235.00,235.00,227.60,228.90,1906978
28-Sep-10,231.10,232.00,227.10,231.40,1658707
27-Sep-10,231.10,232.60,230.10,230.80,498038
24-Sep-10,227.50,231.10,227.50,230.20,714766
23-Sep-10,230.50,231.50,227.00,229.20,642294
22-Sep-10,234.38,234.38,229.38,229.89,865980
21-Sep-10,231.20,233.80,231.20,232.20,595339
20-Sep-10,230.40,233.10,230.40,233.10,534411
17-Sep-10,231.40,236.20,228.40,230.20,2466280
16-Sep-10,231.80,231.90,229.00,231.40,903738
15-Sep-10,230.20,231.60,228.80,231.50,1205975
14-Sep-10,233.60,233.60,229.40,231.00,2597722
13-Sep-10,230.50,234.80,230.50,232.40,1832029
10-Sep-10,229.90,233.40,228.80,231.10,953660
9-Sep-10,232.10,234.90,231.10,232.00,1169489
8-Sep-10,228.90,233.20,228.90,231.20,881546
7-Sep-10,233.00,233.80,230.60,231.90,1600331
6-Sep-10,232.90,235.00,231.50,233.10,1307608
3-Sep-10,229.80,235.50,227.00,233.40,2715790
2-Sep-10,219.10,231.00,219.10,229.40,2283475
1-Sep-10,215.00,221.40,214.60,221.40,1640628
31-Aug-10,215.90,216.40,212.50,215.20,1550810
27-Aug-10,213.80,218.20,212.40,217.20,1390958
26-Aug-10,213.00,215.40,212.10,212.80,1677355
25-Aug-10,213.80,216.10,211.90,212.50,1706606
24-Aug-10,212.60,215.00,212.00,213.20,1286990
23-Aug-10,213.90,215.10,212.00,214.10,1269662
20-Aug-10,212.50,213.20,211.90,212.50,1763238
19-Aug-10,214.10,218.40,212.40,212.50,1267696
18-Aug-10,209.40,217.40,209.40,212.40,2067378
17-Aug-10,209.10,209.80,206.80,209.10,1048861
16-Aug-10,207.00,207.20,205.00,206.40,2033213
13-Aug-10,202.40,207.80,201.20,207.00,3344896
12-Aug-10,200.00,201.50,197.90,200.90,1475567
11-Aug-10,209.90,210.50,201.00,201.40,1284532
10-Aug-10,212.90,213.10,207.60,209.40,2061104
9-Aug-10,216.20,216.20,212.60,213.00,528529
6-Aug-10,214.00,216.90,212.50,212.90,922186
5-Aug-10,216.60,219.20,215.40,215.40,802445
4-Aug-10,225.20,225.20,214.00,217.00,1364391
3-Aug-10,217.80,222.20,216.50,221.20,1251831
2-Aug-10,213.40,217.90,212.20,216.90,2182544
30-Jul-10,218.90,218.90,209.80,210.40,2014588
29-Jul-10,223.20,223.20,218.10,218.10,1731633
28-Jul-10,231.10,231.10,221.00,221.60,1692463
27-Jul-10,229.20,231.00,228.50,229.80,1467602
26-Jul-10,232.80,232.80,226.00,227.40,1076357
23-Jul-10,228.50,231.90,227.80,229.50,1302949
22-Jul-10,223.60,228.10,221.20,227.40,2718958
21-Jul-10,221.20,225.00,221.20,223.60,3516714
20-Jul-10,222.50,222.80,219.00,221.20,1247298
19-Jul-10,221.90,224.60,218.50,220.20,2273243
16-Jul-10,228.00,230.60,227.50,227.90,823658
15-Jul-10,229.60,230.50,227.80,229.40,1054750
14-Jul-10,230.40,231.10,227.80,229.20,1557473
13-Jul-10,226.40,229.60,226.40,228.60,1606294
12-Jul-10,226.60,230.80,226.00,227.10,1601554
9-Jul-10,228.20,231.10,228.10,230.50,802368
8-Jul-10,229.20,230.50,227.10,228.60,1933829
7-Jul-10,221.60,227.00,221.10,226.80,2433116
6-Jul-10,222.90,224.80,220.50,224.80,1619290
5-Jul-10,219.90,221.80,216.90,220.40,1072327
2-Jul-10,216.90,219.40,215.10,218.20,1800229
1-Jul-10,219.00,224.10,214.20,214.20,2636066
30-Jun-10,225.60,226.40,220.10,221.20,2162610
29-Jun-10,236.40,236.80,225.10,225.50,3213014
28-Jun-10,245.40,245.40,237.10,237.80,2578014
25-Jun-10,242.90,244.80,240.20,242.90,3345940
24-Jun-10,240.50,240.50,235.90,238.00,6983751
23-Jun-10,238.10,244.80,230.50,238.50,2589858
22-Jun-10,237.40,239.20,236.20,238.20,1162972
21-Jun-10,242.80,242.80,236.50,236.80,2155580
18-Jun-10,237.90,242.10,236.40,238.10,3240792
17-Jun-10,240.00,240.80,234.10,238.50,3016266
16-Jun-10,235.50,235.50,230.90,232.80,2471150
15-Jun-10,231.50,234.50,229.80,232.60,2610020
14-Jun-10,227.90,232.10,227.90,231.80,1007732
11-Jun-10,227.10,229.50,225.20,227.50,1826384
10-Jun-10,221.60,226.10,219.40,225.00,2105646
9-Jun-10,224.40,225.10,222.00,225.00,1730543
8-Jun-10,232.20,232.20,220.90,222.10,2022138
7-Jun-10,234.80,235.40,230.10,230.10,861610
4-Jun-10,239.20,241.60,233.00,234.80,1222045
3-Jun-10,235.50,240.90,232.10,240.20,1374914
2-Jun-10,229.80,234.00,227.80,233.10,1305112
1-Jun-10,227.10,231.00,223.90,229.20,1247651
28-May-10,231.50,233.50,230.00,230.10,1124500
27-May-10,226.90,233.80,226.90,231.90,1517266
26-May-10,223.90,230.50,223.60,226.60,1384495
25-May-10,225.80,225.80,219.40,220.10,1153260
24-May-10,230.80,237.50,226.40,228.40,589391
21-May-10,225.50,229.60,223.20,228.20,1873698
20-May-10,231.10,233.50,221.40,223.90,1505053
19-May-10,232.80,235.10,228.90,229.20,1752999
18-May-10,233.10,236.40,229.80,235.50,714613
17-May-10,235.90,237.10,232.20,232.20,1219855
14-May-10,244.60,245.10,237.10,238.40,846539
13-May-10,242.60,245.40,241.60,244.40,582217
11-May-10,236.10,236.20,232.50,234.90,1395105
10-May-10,233.50,240.00,231.40,237.10,1862106
7-May-10,232.20,232.60,223.00,225.50,1924547
6-May-10,237.10,241.90,235.90,235.90,1452273
5-May-10,242.80,243.00,234.60,238.00,1184827
4-May-10,251.60,252.40,242.00,242.60,1726609
30-Apr-10,246.90,251.60,243.40,246.20,2417162
29-Apr-10,247.80,247.80,242.90,245.40,4233667
28-Apr-10,256.10,256.10,243.90,246.20,4796550
27-Apr-10,247.40,250.40,242.80,242.80,1703431
26-Apr-10,248.10,250.60,246.00,248.10,1328904
23-Apr-10,244.10,247.90,243.90,246.80,1168570
22-Apr-10,239.60,247.50,239.40,243.20,2130366
21-Apr-10,238.50,241.20,238.00,238.40,905434
16-Apr-10,236.10,237.50,234.40,234.60,1299892
15-Apr-10,237.50,237.50,234.90,236.60,1573299
14-Apr-10,233.40,236.80,233.40,235.80,699590
13-Apr-10,233.80,235.90,233.60,234.00,1168948
12-Apr-10,234.80,237.20,234.40,235.50,1037563
9-Apr-10,231.40,235.20,230.20,232.40,1086226
8-Apr-10,233.60,236.80,231.40,231.40,973527
7-Apr-10,233.10,234.40,231.80,232.50,1012772
6-Apr-10,229.90,234.00,229.90,232.10,1165232
1-Apr-10,228.00,232.80,228.00,231.20,1217401
31-Mar-10,227.90,234.40,227.90,229.00,1797883
30-Mar-10,230.60,233.00,229.60,231.10,917356
29-Mar-10,232.50,233.40,230.80,232.00,1104904
26-Mar-10,232.00,237.50,232.00,234.90,852693
25-Mar-10,236.50,236.50,231.60,233.20,1538757
24-Mar-10,233.20,239.50,232.40,232.60,1704012
23-Mar-10,234.90,237.60,231.90,233.80,1252043
22-Mar-10,238.10,238.10,233.00,233.60,1183067
19-Mar-10,240.00,242.50,238.40,240.00,2048883
18-Mar-10,232.20,245.10,232.20,240.90,1774792
17-Mar-10,228.60,235.80,226.90,233.90,2730415
16-Mar-10,225.90,229.00,225.90,226.50,919946
15-Mar-10,229.90,230.90,226.20,227.20,584353
12-Mar-10,223.50,229.40,223.00,229.20,1034939
11-Mar-10,223.60,225.20,222.50,224.20,1295663
10-Mar-10,223.20,224.20,222.10,222.80,944275
9-Mar-10,225.40,225.40,222.40,224.80,683701
8-Mar-10,227.10,227.20,223.00,225.10,1504242
5-Mar-10,226.60,228.40,225.20,226.10,1418022
4-Mar-10,229.20,230.90,225.40,227.40,1229441
3-Mar-10,223.90,231.90,223.10,230.90,1885148
2-Mar-10,219.60,225.90,219.60,223.80,1666509
1-Mar-10,218.80,221.00,218.20,219.10,1757738
26-Feb-10,215.90,218.60,213.60,218.60,855186
25-Feb-10,219.00,219.20,213.00,214.50,1204334
24-Feb-10,222.50,223.50,220.00,220.50,2747989
23-Feb-10,229.10,229.90,227.40,228.00,1362863
22-Feb-10,225.20,229.60,223.50,228.40,1757808
19-Feb-10,223.00,224.80,222.20,224.10,1138530
18-Feb-10,224.20,224.90,222.50,224.50,920674
17-Feb-10,217.60,224.50,214.60,223.60,1829446
16-Feb-10,217.10,217.10,215.50,216.90,699824
15-Feb-10,213.90,217.00,213.20,216.20,1271573
12-Feb-10,216.80,216.80,211.80,213.50,2877287
11-Feb-10,216.50,216.90,214.80,216.00,1927230
10-Feb-10,213.80,217.50,213.20,216.20,3802819
9-Feb-10,215.00,215.10,211.80,212.90,1114447
8-Feb-10,216.90,216.90,212.90,215.00,1773212
5-Feb-10,217.40,217.40,213.50,216.10,4312585
4-Feb-10,218.20,219.00,217.10,218.10,2965856
3-Feb-10,218.60,218.60,216.20,217.90,1892949
2-Feb-10,220.00,221.80,218.50,221.20,3321435
1-Feb-10,219.10,221.20,218.50,219.40,991845
29-Jan-10,221.40,221.90,217.20,220.00,2039290
28-Jan-10,223.20,229.10,219.90,219.90,3180939
27-Jan-10,219.50,223.80,219.20,222.50,1722534
26-Jan-10,220.00,221.10,218.60,221.10,1321829
25-Jan-10,218.20,221.90,217.20,220.60,1622264
22-Jan-10,220.10,221.90,217.60,218.80,1723640
21-Jan-10,222.60,224.40,221.00,221.00,1935832
20-Jan-10,222.80,225.00,222.00,223.60,4219381
19-Jan-10,221.20,222.10,218.00,221.50,1105798
18-Jan-10,224.10,224.10,221.90,222.50,761166
15-Jan-10,222.50,241.00,220.90,224.40,5264295
14-Jan-10,222.80,222.80,217.50,220.60,2216971
13-Jan-10,218.60,220.80,217.40,220.10,1287858
12-Jan-10,219.80,220.00,217.80,218.80,2579832
11-Jan-10,222.50,223.60,218.40,218.80,2346602
8-Jan-10,222.10,226.10,220.10,221.50,2665950
7-Jan-10,222.20,223.50,216.50,222.60,3297610
6-Jan-10,218.80,225.00,218.00,223.80,1542087
5-Jan-10,216.00,219.60,215.50,219.40,2524894
4-Jan-10,207.90,215.50,207.90,215.10,1224313
